DELETE FROM Atm;
DELETE FROM GeoLocation;
DELETE FROM ADDRESS;
DELETE FROM CITY;

INSERT INTO City (city_id,city_name) VALUES(1,'OOSTVOORNE');
INSERT INTO City (city_id,city_name) VALUES(2,'SPAARNDAM');
INSERT INTO City (city_id,city_name) VALUES(3,'SAS VAN GENT');
INSERT INTO City (city_id,city_name) VALUES(4,'HEEZE');
INSERT INTO City (city_id,city_name) VALUES(5,'BERGSCHENHOEK');
INSERT INTO City (city_id,city_name) VALUES(6,'BERKEL EN RODENRIJS');
INSERT INTO City (city_id,city_name) VALUES(7,'LEKKERKERK');
INSERT INTO City (city_id,city_name) VALUES(8,'PIJNACKER');
INSERT INTO City (city_id,city_name) VALUES(9,'EINDHOVEN');
INSERT INTO City (city_id,city_name) VALUES(10,'MARUM');
INSERT INTO City (city_id,city_name) VALUES(11,'HEERENVEEN');
INSERT INTO City (city_id,city_name) VALUES(12,'CASTRICUM');
INSERT INTO City (city_id,city_name) VALUES(13,'AMSTERDAM-ZUIDOOST');
INSERT INTO City (city_id,city_name) VALUES(14,'WEZEP');
INSERT INTO City (city_id,city_name) VALUES(15,'HUISSEN');
INSERT INTO City (city_id,city_name) VALUES(16,'REUVER');
INSERT INTO City (city_id,city_name) VALUES(17,'OUDE-TONGE');
INSERT INTO City (city_id,city_name) VALUES(18,'BRUNSSUM');
INSERT INTO City (city_id,city_name) VALUES(19,'OOSTERHOUT');
INSERT INTO City (city_id,city_name) VALUES(20,'VIANEN');
INSERT INTO City (city_id,city_name) VALUES(21,'WESTERVOORT');
INSERT INTO City (city_id,city_name) VALUES(22,'DIEREN');
INSERT INTO City (city_id,city_name) VALUES(23,'PRINSENBEEK');
INSERT INTO City (city_id,city_name) VALUES(24,'BEEK');
INSERT INTO City (city_id,city_name) VALUES(25,'VEENENDAAL');
INSERT INTO City (city_id,city_name) VALUES(26,'SWIFTERBANT');
INSERT INTO City (city_id,city_name) VALUES(27,'MILL');
INSERT INTO City (city_id,city_name) VALUES(28,'RODEN');
INSERT INTO City (city_id,city_name) VALUES(29,'OOSTERWOLDE');
INSERT INTO City (city_id,city_name) VALUES(30,'SCHOONHOVEN');
INSERT INTO City (city_id,city_name) VALUES(31,'HOOGERHEIDE');
INSERT INTO City (city_id,city_name) VALUES(32,'KRIMPEN AAN DEN IJSSEL');
INSERT INTO City (city_id,city_name) VALUES(33,'ZUID-BEIJERLAND');
INSERT INTO City (city_id,city_name) VALUES(34,'BEUNINGEN');
INSERT INTO City (city_id,city_name) VALUES(35,'UDENHOUT');
INSERT INTO City (city_id,city_name) VALUES(36,'ZEIST');
INSERT INTO City (city_id,city_name) VALUES(37,'ZEVENBERGEN');
INSERT INTO City (city_id,city_name) VALUES(38,'KORTENHOEF');
INSERT INTO City (city_id,city_name) VALUES(39,'AMSTELVEEN');
INSERT INTO City (city_id,city_name) VALUES(40,'KAMPEN');
INSERT INTO City (city_id,city_name) VALUES(41,'OVERVEEN');
INSERT INTO City (city_id,city_name) VALUES(42,'VROOMSHOOP');
INSERT INTO City (city_id,city_name) VALUES(43,'APELDOORN');
INSERT INTO City (city_id,city_name) VALUES(44,'DE WESTEREEN');
INSERT INTO City (city_id,city_name) VALUES(45,'LEUSDEN');
INSERT INTO City (city_id,city_name) VALUES(46,'VELP');
INSERT INTO City (city_id,city_name) VALUES(47,'ZEEWOLDE');
INSERT INTO City (city_id,city_name) VALUES(48,'KOUDEKERK AAN DEN RIJN');
INSERT INTO City (city_id,city_name) VALUES(49,'ZWIJNDRECHT');
INSERT INTO City (city_id,city_name) VALUES(50,'DRONTEN');
INSERT INTO City (city_id,city_name) VALUES(51,'MIJDRECHT');
INSERT INTO City (city_id,city_name) VALUES(52,'TER APEL');
INSERT INTO City (city_id,city_name) VALUES(53,'''S-GRAVENDEEL');
INSERT INTO City (city_id,city_name) VALUES(54,'WINSUM');
INSERT INTO City (city_id,city_name) VALUES(55,'WARMOND');
INSERT INTO City (city_id,city_name) VALUES(56,'MAARN');
INSERT INTO City (city_id,city_name) VALUES(57,'GREVENBICHT');
INSERT INTO City (city_id,city_name) VALUES(58,'KRIMPEN AAN DE LEK');
INSERT INTO City (city_id,city_name) VALUES(59,'RIJEN');
INSERT INTO City (city_id,city_name) VALUES(60,'HOORN');
INSERT INTO City (city_id,city_name) VALUES(61,'YERSEKE');
INSERT INTO City (city_id,city_name) VALUES(62,'BLOEMENDAAL');
INSERT INTO City (city_id,city_name) VALUES(63,'NAARDEN');
INSERT INTO City (city_id,city_name) VALUES(64,'WIJCHEN');
INSERT INTO City (city_id,city_name) VALUES(65,'OUDENBOSCH');
INSERT INTO City (city_id,city_name) VALUES(66,'DE BILT');
INSERT INTO City (city_id,city_name) VALUES(67,'DRIEL');
INSERT INTO City (city_id,city_name) VALUES(68,'DORDRECHT');
INSERT INTO City (city_id,city_name) VALUES(69,'BERGEIJK');
INSERT INTO City (city_id,city_name) VALUES(70,'HARMELEN');
INSERT INTO City (city_id,city_name) VALUES(71,'RIDDERKERK');
INSERT INTO City (city_id,city_name) VALUES(72,'HELMOND');
INSERT INTO City (city_id,city_name) VALUES(73,'VUGHT');
INSERT INTO City (city_id,city_name) VALUES(74,'MUIDEN');
INSERT INTO City (city_id,city_name) VALUES(75,'BERKEL-ENSCHOT');
INSERT INTO City (city_id,city_name) VALUES(76,'IJSSELSTEIN');
INSERT INTO City (city_id,city_name) VALUES(77,'DE MEERN');
INSERT INTO City (city_id,city_name) VALUES(78,'BARENDRECHT');
INSERT INTO City (city_id,city_name) VALUES(79,'LIMMEN');
INSERT INTO City (city_id,city_name) VALUES(80,'CULEMBORG');
INSERT INTO City (city_id,city_name) VALUES(81,'NIEUW-AMSTERDAM');
INSERT INTO City (city_id,city_name) VALUES(82,'MALDEN');
INSERT INTO City (city_id,city_name) VALUES(83,'NUENEN');
INSERT INTO City (city_id,city_name) VALUES(84,'ASSENDELFT');
INSERT INTO City (city_id,city_name) VALUES(85,'HOEK VAN HOLLAND');
INSERT INTO City (city_id,city_name) VALUES(86,'WOERDEN');
INSERT INTO City (city_id,city_name) VALUES(87,'VOORSCHOTEN');
INSERT INTO City (city_id,city_name) VALUES(88,'HAAKSBERGEN');
INSERT INTO City (city_id,city_name) VALUES(89,'RHEDEN');
INSERT INTO City (city_id,city_name) VALUES(90,'SINT ANNAPAROCHIE');
INSERT INTO City (city_id,city_name) VALUES(91,'NUMANSDORP');
INSERT INTO City (city_id,city_name) VALUES(92,'ROSMALEN');
INSERT INTO City (city_id,city_name) VALUES(93,'ZUIDLAREN');
INSERT INTO City (city_id,city_name) VALUES(94,'HELLEVOETSLUIS');
INSERT INTO City (city_id,city_name) VALUES(95,'OUDERKERK AAN DE AMSTEL');
INSERT INTO City (city_id,city_name) VALUES(96,'BUNNIK');
INSERT INTO City (city_id,city_name) VALUES(97,'THOLEN');
INSERT INTO City (city_id,city_name) VALUES(98,'BARNEVELD');
INSERT INTO City (city_id,city_name) VALUES(99,'VLIJMEN');
INSERT INTO City (city_id,city_name) VALUES(100,'BRUINISSE');
INSERT INTO City (city_id,city_name) VALUES(101,'BEEKBERGEN');
INSERT INTO City (city_id,city_name) VALUES(102,'GELEEN');
INSERT INTO City (city_id,city_name) VALUES(103,'RHOON');
INSERT INTO City (city_id,city_name) VALUES(104,'SCHIJNDEL');
INSERT INTO City (city_id,city_name) VALUES(105,'SITTARD');
INSERT INTO City (city_id,city_name) VALUES(106,'ELBURG');
INSERT INTO City (city_id,city_name) VALUES(107,'BERGEN OP ZOOM');
INSERT INTO City (city_id,city_name) VALUES(108,'GOIRLE');
INSERT INTO City (city_id,city_name) VALUES(109,'GOOR');
INSERT INTO City (city_id,city_name) VALUES(110,'NIJMEGEN');
INSERT INTO City (city_id,city_name) VALUES(111,'EYGELSHOVEN');
INSERT INTO City (city_id,city_name) VALUES(112,'BERGEN');
INSERT INTO City (city_id,city_name) VALUES(113,'IJMUIDEN');
INSERT INTO City (city_id,city_name) VALUES(114,'RIJSSEN');
INSERT INTO City (city_id,city_name) VALUES(115,'DEDEMSVAART');
INSERT INTO City (city_id,city_name) VALUES(116,'NIEUW-VENNEP');
INSERT INTO City (city_id,city_name) VALUES(117,'HAREN');
INSERT INTO City (city_id,city_name) VALUES(118,'ALMELO');
INSERT INTO City (city_id,city_name) VALUES(119,'EPE');
INSERT INTO City (city_id,city_name) VALUES(120,'SINT-MICHIELSGESTEL');
INSERT INTO City (city_id,city_name) VALUES(121,'VLAARDINGEN');
INSERT INTO City (city_id,city_name) VALUES(122,'DEN BOSCH');
INSERT INTO City (city_id,city_name) VALUES(123,'VAASSEN');
INSERT INTO City (city_id,city_name) VALUES(124,'MIERLO');
INSERT INTO City (city_id,city_name) VALUES(125,'SCHOORL');
INSERT INTO City (city_id,city_name) VALUES(126,'KOOG AAN DE ZAAN');
INSERT INTO City (city_id,city_name) VALUES(127,'GROESBEEK');
INSERT INTO City (city_id,city_name) VALUES(128,'NOORDWIJKERHOUT');
INSERT INTO City (city_id,city_name) VALUES(129,'ALMKERK');
INSERT INTO City (city_id,city_name) VALUES(130,'OISTERWIJK');
INSERT INTO City (city_id,city_name) VALUES(131,'BAVEL');
INSERT INTO City (city_id,city_name) VALUES(132,'LOSSER');
INSERT INTO City (city_id,city_name) VALUES(133,'OEGSTGEEST');
INSERT INTO City (city_id,city_name) VALUES(134,'LICHTENVOORDE');
INSERT INTO City (city_id,city_name) VALUES(135,'PAPENDRECHT');
INSERT INTO City (city_id,city_name) VALUES(136,'RAALTE');
INSERT INTO City (city_id,city_name) VALUES(137,'HULSBERG');
INSERT INTO City (city_id,city_name) VALUES(138,'EDAM');
INSERT INTO City (city_id,city_name) VALUES(139,'TWELLO');
INSERT INTO City (city_id,city_name) VALUES(140,'ERMELO');
INSERT INTO City (city_id,city_name) VALUES(141,'MAASTRICHT');
INSERT INTO City (city_id,city_name) VALUES(142,'PUTTE');
INSERT INTO City (city_id,city_name) VALUES(143,'KAATSHEUVEL');
INSERT INTO City (city_id,city_name) VALUES(144,'ALBLASSERDAM');
INSERT INTO City (city_id,city_name) VALUES(145,'ASTEN');
INSERT INTO City (city_id,city_name) VALUES(146,'GORREDIJK');
INSERT INTO City (city_id,city_name) VALUES(147,'ELSLOO');
INSERT INTO City (city_id,city_name) VALUES(148,'MADE');
INSERT INTO City (city_id,city_name) VALUES(149,'HATTEM');
INSERT INTO City (city_id,city_name) VALUES(150,'HEERLEN');
INSERT INTO City (city_id,city_name) VALUES(151,'HILLEGOM');
INSERT INTO City (city_id,city_name) VALUES(152,'DINTELOORD');
INSERT INTO City (city_id,city_name) VALUES(153,'ENSCHEDE');
INSERT INTO City (city_id,city_name) VALUES(154,'SOEST');
INSERT INTO City (city_id,city_name) VALUES(155,'WAALRE');
INSERT INTO City (city_id,city_name) VALUES(156,'UITHUIZEN');
INSERT INTO City (city_id,city_name) VALUES(157,'WORMERVEER');
INSERT INTO City (city_id,city_name) VALUES(158,'UITGEEST');
INSERT INTO City (city_id,city_name) VALUES(159,'ERP');
INSERT INTO City (city_id,city_name) VALUES(160,'BADHOEVEDORP');
INSERT INTO City (city_id,city_name) VALUES(161,'RAAMSDONKSVEER');
INSERT INTO City (city_id,city_name) VALUES(162,'ENTER');
INSERT INTO City (city_id,city_name) VALUES(163,'URK');
INSERT INTO City (city_id,city_name) VALUES(164,'GENNEP');
INSERT INTO City (city_id,city_name) VALUES(165,'ZETTEN');
INSERT INTO City (city_id,city_name) VALUES(166,'NOOTDORP');
INSERT INTO City (city_id,city_name) VALUES(167,'VALKENBURG');
INSERT INTO City (city_id,city_name) VALUES(168,'CALLANTSOOG');
INSERT INTO City (city_id,city_name) VALUES(169,'GROOTEGAST');
INSERT INTO City (city_id,city_name) VALUES(170,'RUURLO');
INSERT INTO City (city_id,city_name) VALUES(171,'ELST');
INSERT INTO City (city_id,city_name) VALUES(172,'NIJKERK');
INSERT INTO City (city_id,city_name) VALUES(173,'ASSEN');
INSERT INTO City (city_id,city_name) VALUES(174,'ZALTBOMMEL');
INSERT INTO City (city_id,city_name) VALUES(175,'BUDEL');
INSERT INTO City (city_id,city_name) VALUES(176,'SON');
INSERT INTO City (city_id,city_name) VALUES(177,'OUDORP');
INSERT INTO City (city_id,city_name) VALUES(178,'LEIDERDORP');
INSERT INTO City (city_id,city_name) VALUES(179,'KATWIJK');
INSERT INTO City (city_id,city_name) VALUES(180,'DIEMEN');
INSERT INTO City (city_id,city_name) VALUES(181,'VLISSINGEN');
INSERT INTO City (city_id,city_name) VALUES(182,'BEDUM');
INSERT INTO City (city_id,city_name) VALUES(183,'ULFT');
INSERT INTO City (city_id,city_name) VALUES(184,'DOORN');
INSERT INTO City (city_id,city_name) VALUES(185,'MAARSSEN');
INSERT INTO City (city_id,city_name) VALUES(186,'MAARTENSDIJK');
INSERT INTO City (city_id,city_name) VALUES(187,'NOORD-SCHARWOUDE');
INSERT INTO City (city_id,city_name) VALUES(188,'MIDDELBURG');
INSERT INTO City (city_id,city_name) VALUES(189,'VELSERBROEK');
INSERT INTO City (city_id,city_name) VALUES(190,'BEMMEL');
INSERT INTO City (city_id,city_name) VALUES(191,'VENLO');
INSERT INTO City (city_id,city_name) VALUES(192,'WERKENDAM');
INSERT INTO City (city_id,city_name) VALUES(193,'DRUTEN');
INSERT INTO City (city_id,city_name) VALUES(194,'BODEGRAVEN');
INSERT INTO City (city_id,city_name) VALUES(195,'LOOSDRECHT');
INSERT INTO City (city_id,city_name) VALUES(196,'GOUDA');
INSERT INTO City (city_id,city_name) VALUES(197,'HOEVELAKEN');
INSERT INTO City (city_id,city_name) VALUES(198,'SCHIPLUIDEN');
INSERT INTO City (city_id,city_name) VALUES(199,'HAARLEM');
INSERT INTO City (city_id,city_name) VALUES(200,'''S-GRAVENZANDE');
INSERT INTO City (city_id,city_name) VALUES(201,'PUTTERSHOEK');
INSERT INTO City (city_id,city_name) VALUES(202,'DOETINCHEM');
INSERT INTO City (city_id,city_name) VALUES(203,'DOMBURG');
INSERT INTO City (city_id,city_name) VALUES(204,'HEEMSKERK');
INSERT INTO City (city_id,city_name) VALUES(205,'STRIJEN');
INSERT INTO City (city_id,city_name) VALUES(206,'SASSENHEIM');
INSERT INTO City (city_id,city_name) VALUES(207,'HEINO');
INSERT INTO City (city_id,city_name) VALUES(208,'VLIELAND');
INSERT INTO City (city_id,city_name) VALUES(209,'OLDENZAAL');
INSERT INTO City (city_id,city_name) VALUES(210,'HARDERWIJK');
INSERT INTO City (city_id,city_name) VALUES(211,'PURMEREND');
INSERT INTO City (city_id,city_name) VALUES(212,'JOURE');
INSERT INTO City (city_id,city_name) VALUES(213,'TEGELEN');
INSERT INTO City (city_id,city_name) VALUES(214,'WASSENAAR');
INSERT INTO City (city_id,city_name) VALUES(215,'NULAND');
INSERT INTO City (city_id,city_name) VALUES(216,'BORNE');
INSERT INTO City (city_id,city_name) VALUES(217,'LEEUWARDEN');
INSERT INTO City (city_id,city_name) VALUES(218,'HARLINGEN');
INSERT INTO City (city_id,city_name) VALUES(219,'HAVELTE');
INSERT INTO City (city_id,city_name) VALUES(220,'HAZERSWOUDE-RIJNDIJK');
INSERT INTO City (city_id,city_name) VALUES(221,'SLEEUWIJK');
INSERT INTO City (city_id,city_name) VALUES(222,'OOTMARSUM');
INSERT INTO City (city_id,city_name) VALUES(223,'OIRSCHOT');
INSERT INTO City (city_id,city_name) VALUES(224,'DWINGELOO');
INSERT INTO City (city_id,city_name) VALUES(225,'GRAVE');
INSERT INTO City (city_id,city_name) VALUES(226,'FRANEKER');
INSERT INTO City (city_id,city_name) VALUES(227,'SCHIPHOL');
INSERT INTO City (city_id,city_name) VALUES(228,'NUNSPEET');
INSERT INTO City (city_id,city_name) VALUES(229,'WEST-TERSCHELLING');
INSERT INTO City (city_id,city_name) VALUES(230,'VALKENSWAARD');
INSERT INTO City (city_id,city_name) VALUES(231,'HARDENBERG');
INSERT INTO City (city_id,city_name) VALUES(232,'KLUNDERT');
INSERT INTO City (city_id,city_name) VALUES(233,'HOEVEN');
INSERT INTO City (city_id,city_name) VALUES(234,'NES AMELAND');
INSERT INTO City (city_id,city_name) VALUES(235,'LOCHEM');
INSERT INTO City (city_id,city_name) VALUES(236,'ZEELAND');
INSERT INTO City (city_id,city_name) VALUES(237,'TIEL');
INSERT INTO City (city_id,city_name) VALUES(238,'BEST');
INSERT INTO City (city_id,city_name) VALUES(239,'SLEEN');
INSERT INTO City (city_id,city_name) VALUES(240,'NEEDE');
INSERT INTO City (city_id,city_name) VALUES(241,'SANTPOORT-ZUID');
INSERT INTO City (city_id,city_name) VALUES(242,'VOORBURG');
INSERT INTO City (city_id,city_name) VALUES(243,'ECHT');
INSERT INTO City (city_id,city_name) VALUES(244,'HEILOO');
INSERT INTO City (city_id,city_name) VALUES(245,'HALSTEREN');
INSERT INTO City (city_id,city_name) VALUES(246,'ROERMOND');
INSERT INTO City (city_id,city_name) VALUES(247,'AMSTENRADE');
INSERT INTO City (city_id,city_name) VALUES(248,'ZIERIKZEE');
INSERT INTO City (city_id,city_name) VALUES(249,'ZUIDHORN');
INSERT INTO City (city_id,city_name) VALUES(250,'OUD-BEIJERLAND');
INSERT INTO City (city_id,city_name) VALUES(251,'KROMMENIE');
INSERT INTO City (city_id,city_name) VALUES(252,'RENKUM');
INSERT INTO City (city_id,city_name) VALUES(253,'DEN HELDER');
INSERT INTO City (city_id,city_name) VALUES(254,'SOMMELSDIJK');
INSERT INTO City (city_id,city_name) VALUES(255,'BIDDINGHUIZEN');
INSERT INTO City (city_id,city_name) VALUES(256,'WINSCHOTEN');
INSERT INTO City (city_id,city_name) VALUES(257,'BAARLE-NASSAU');
INSERT INTO City (city_id,city_name) VALUES(258,'DRUNEN');
INSERT INTO City (city_id,city_name) VALUES(259,'DELFT');
INSERT INTO City (city_id,city_name) VALUES(260,'VAALS');
INSERT INTO City (city_id,city_name) VALUES(261,'ZWARTSLUIS');
INSERT INTO City (city_id,city_name) VALUES(262,'ALKMAAR');
INSERT INTO City (city_id,city_name) VALUES(263,'BOSKOOP');
INSERT INTO City (city_id,city_name) VALUES(264,'VELDHOVEN');
INSERT INTO City (city_id,city_name) VALUES(265,'AMSTERDAM');
INSERT INTO City (city_id,city_name) VALUES(266,'AMERSFOORT');
INSERT INTO City (city_id,city_name) VALUES(267,'DALFSEN');
INSERT INTO City (city_id,city_name) VALUES(268,'NIEUWKOOP');
INSERT INTO City (city_id,city_name) VALUES(269,'SCHAGEN');
INSERT INTO City (city_id,city_name) VALUES(270,'WIERDEN');
INSERT INTO City (city_id,city_name) VALUES(271,'RHENEN');
INSERT INTO City (city_id,city_name) VALUES(272,'LOPPERSUM');
INSERT INTO City (city_id,city_name) VALUES(273,'CUIJK');
INSERT INTO City (city_id,city_name) VALUES(274,'ZWOLLE');
INSERT INTO City (city_id,city_name) VALUES(275,'HOUTEN');
INSERT INTO City (city_id,city_name) VALUES(276,'UTRECHT');
INSERT INTO City (city_id,city_name) VALUES(277,'BORCULO');
INSERT INTO City (city_id,city_name) VALUES(278,'WIJHE');
INSERT INTO City (city_id,city_name) VALUES(279,'BLARICUM');
INSERT INTO City (city_id,city_name) VALUES(280,'ZUTPHEN');
INSERT INTO City (city_id,city_name) VALUES(281,'ROOSENDAAL');
INSERT INTO City (city_id,city_name) VALUES(282,'BAARN');
INSERT INTO City (city_id,city_name) VALUES(283,'NUTH');
INSERT INTO City (city_id,city_name) VALUES(284,'NIEUWERKERK AAN DEN IJSSEL');
INSERT INTO City (city_id,city_name) VALUES(285,'EMMELOORD');
INSERT INTO City (city_id,city_name) VALUES(286,'SPIJKENISSE');
INSERT INTO City (city_id,city_name) VALUES(287,'OOSTERBEEK');
INSERT INTO City (city_id,city_name) VALUES(288,'LEIDEN');
INSERT INTO City (city_id,city_name) VALUES(289,'OOSTBURG');
INSERT INTO City (city_id,city_name) VALUES(290,'VOORHOUT');
INSERT INTO City (city_id,city_name) VALUES(291,'VOORTHUIZEN');
INSERT INTO City (city_id,city_name) VALUES(292,'NAALDWIJK');
INSERT INTO City (city_id,city_name) VALUES(293,'ROZENBURG');
INSERT INTO City (city_id,city_name) VALUES(294,'''T HARDE');
INSERT INTO City (city_id,city_name) VALUES(295,'BORGER');
INSERT INTO City (city_id,city_name) VALUES(296,'VRIEZENVEEN');
INSERT INTO City (city_id,city_name) VALUES(297,'CHAAM');
INSERT INTO City (city_id,city_name) VALUES(298,'HOOGEVEEN');
INSERT INTO City (city_id,city_name) VALUES(299,'BREUKELEN');
INSERT INTO City (city_id,city_name) VALUES(300,'ULVENHOUT');
INSERT INTO City (city_id,city_name) VALUES(301,'OPHEUSDEN');
INSERT INTO City (city_id,city_name) VALUES(302,'DUIVEN');
INSERT INTO City (city_id,city_name) VALUES(303,'HARDINXVELD-GIESSENDAM');
INSERT INTO City (city_id,city_name) VALUES(304,'WIJK BIJ DUURSTEDE');
INSERT INTO City (city_id,city_name) VALUES(305,'LUNTEREN');
INSERT INTO City (city_id,city_name) VALUES(306,'BUNSCHOTEN-SPAKENBURG');
INSERT INTO City (city_id,city_name) VALUES(307,'ZOETERMEER');
INSERT INTO City (city_id,city_name) VALUES(308,'WARMENHUIZEN');
INSERT INTO City (city_id,city_name) VALUES(309,'DOESBURG');
INSERT INTO City (city_id,city_name) VALUES(310,'UGCHELEN');
INSERT INTO City (city_id,city_name) VALUES(311,'LEERSUM');
INSERT INTO City (city_id,city_name) VALUES(312,'STEENWIJK');
INSERT INTO City (city_id,city_name) VALUES(313,'SCHERPENZEEL');
INSERT INTO City (city_id,city_name) VALUES(314,'MIDDELHARNIS');
INSERT INTO City (city_id,city_name) VALUES(315,'NEDERWEERT');
INSERT INTO City (city_id,city_name) VALUES(316,'SCHIEDAM');
INSERT INTO City (city_id,city_name) VALUES(317,'COEVORDEN');
INSERT INTO City (city_id,city_name) VALUES(318,'VENRAY');
INSERT INTO City (city_id,city_name) VALUES(319,'HONSELERSDIJK');
INSERT INTO City (city_id,city_name) VALUES(320,'WAGENINGEN');
INSERT INTO City (city_id,city_name) VALUES(321,'GEMERT');
INSERT INTO City (city_id,city_name) VALUES(322,'OOSTZAAN');
INSERT INTO City (city_id,city_name) VALUES(323,'BRESKENS');
INSERT INTO City (city_id,city_name) VALUES(324,'MONNICKENDAM');
INSERT INTO City (city_id,city_name) VALUES(325,'VLEUTEN');
INSERT INTO City (city_id,city_name) VALUES(326,'LAREN');
INSERT INTO City (city_id,city_name) VALUES(327,'HOOGLAND');
INSERT INTO City (city_id,city_name) VALUES(328,'BRIELLE');
INSERT INTO City (city_id,city_name) VALUES(329,'WAALWIJK');
INSERT INTO City (city_id,city_name) VALUES(330,'RIJNSBURG');
INSERT INTO City (city_id,city_name) VALUES(331,'ETTEN-LEUR');
INSERT INTO City (city_id,city_name) VALUES(332,'DELFGAUW');
INSERT INTO City (city_id,city_name) VALUES(333,'BUSSUM');
INSERT INTO City (city_id,city_name) VALUES(334,'EELDE');
INSERT INTO City (city_id,city_name) VALUES(335,'DEN BURG');
INSERT INTO City (city_id,city_name) VALUES(336,'ABCOUDE');
INSERT INTO City (city_id,city_name) VALUES(337,'NOORDWIJK');
INSERT INTO City (city_id,city_name) VALUES(338,'HOOGEZAND');
INSERT INTO City (city_id,city_name) VALUES(339,'ZAANDAM');
INSERT INTO City (city_id,city_name) VALUES(340,'MAASBRACHT');
INSERT INTO City (city_id,city_name) VALUES(341,'NIBBIXWOUD');
INSERT INTO City (city_id,city_name) VALUES(342,'BILTHOVEN');
INSERT INTO City (city_id,city_name) VALUES(343,'TILBURG');
INSERT INTO City (city_id,city_name) VALUES(344,'ZWAAG');
INSERT INTO City (city_id,city_name) VALUES(345,'SOMEREN');
INSERT INTO City (city_id,city_name) VALUES(346,'ZEVENAAR');
INSERT INTO City (city_id,city_name) VALUES(347,'DAMWOUDE');
INSERT INTO City (city_id,city_name) VALUES(348,'ROLDE');
INSERT INTO City (city_id,city_name) VALUES(349,'HEESCH');
INSERT INTO City (city_id,city_name) VALUES(350,'VEGHEL');
INSERT INTO City (city_id,city_name) VALUES(351,'WINTERSWIJK');
INSERT INTO City (city_id,city_name) VALUES(352,'HOLTEN');
INSERT INTO City (city_id,city_name) VALUES(353,'MOORDRECHT');
INSERT INTO City (city_id,city_name) VALUES(354,'SINT-OEDENRODE');
INSERT INTO City (city_id,city_name) VALUES(355,'DEURNE');
INSERT INTO City (city_id,city_name) VALUES(356,'BEVERWIJK');
INSERT INTO City (city_id,city_name) VALUES(357,'LANDGRAAF');
INSERT INTO City (city_id,city_name) VALUES(358,'NIJVERDAL');
INSERT INTO City (city_id,city_name) VALUES(359,'OSS');
INSERT INTO City (city_id,city_name) VALUES(360,'ZAANDIJK');
INSERT INTO City (city_id,city_name) VALUES(361,'GROENLO');
INSERT INTO City (city_id,city_name) VALUES(362,'AALTEN');
INSERT INTO City (city_id,city_name) VALUES(363,'HAZERSWOUDE-DORP');
INSERT INTO City (city_id,city_name) VALUES(364,'HIPPOLYTUSHOEF');
INSERT INTO City (city_id,city_name) VALUES(365,'UITHOORN');
INSERT INTO City (city_id,city_name) VALUES(366,'EERSEL');
INSERT INTO City (city_id,city_name) VALUES(367,'GELDROP');
INSERT INTO City (city_id,city_name) VALUES(368,'BREDA');
INSERT INTO City (city_id,city_name) VALUES(369,'HOOGVLIET ROTTERDAM');
INSERT INTO City (city_id,city_name) VALUES(370,'AXEL');
INSERT INTO City (city_id,city_name) VALUES(371,'HILVARENBEEK');
INSERT INTO City (city_id,city_name) VALUES(372,'CAPELLE AAN DEN IJSSEL');
INSERT INTO City (city_id,city_name) VALUES(373,'VOLENDAM');
INSERT INTO City (city_id,city_name) VALUES(374,'HURDEGARYP');
INSERT INTO City (city_id,city_name) VALUES(375,'WATERINGEN');
INSERT INTO City (city_id,city_name) VALUES(376,'STADSKANAAL');
INSERT INTO City (city_id,city_name) VALUES(377,'MONTFOORT');
INSERT INTO City (city_id,city_name) VALUES(378,'HEERHUGOWAARD');
INSERT INTO City (city_id,city_name) VALUES(379,'ZUNDERT');
INSERT INTO City (city_id,city_name) VALUES(380,'LEIDSCHENDAM');
INSERT INTO City (city_id,city_name) VALUES(381,'BURGUM');
INSERT INTO City (city_id,city_name) VALUES(382,'ZWANENBURG');
INSERT INTO City (city_id,city_name) VALUES(383,'HOOGKARSPEL');
INSERT INTO City (city_id,city_name) VALUES(384,'LISSE');
INSERT INTO City (city_id,city_name) VALUES(385,'DEN DOLDER');
INSERT INTO City (city_id,city_name) VALUES(386,'BURGH-HAAMSTEDE');
INSERT INTO City (city_id,city_name) VALUES(387,'HELLENDOORN');
INSERT INTO City (city_id,city_name) VALUES(388,'SIDDEBUREN');
INSERT INTO City (city_id,city_name) VALUES(389,'DIDAM');
INSERT INTO City (city_id,city_name) VALUES(390,'WOUDENBERG');
INSERT INTO City (city_id,city_name) VALUES(391,'SCHIERMONNIKOOG');
INSERT INTO City (city_id,city_name) VALUES(392,'ZANDVOORT');
INSERT INTO City (city_id,city_name) VALUES(393,'HENDRIK-IDO-AMBACHT');
INSERT INTO City (city_id,city_name) VALUES(394,'MONSTER');
INSERT INTO City (city_id,city_name) VALUES(395,'SLIEDRECHT');
INSERT INTO City (city_id,city_name) VALUES(396,'WEESP');
INSERT INTO City (city_id,city_name) VALUES(397,'BEILEN');
INSERT INTO City (city_id,city_name) VALUES(398,'WAPENVELD');
INSERT INTO City (city_id,city_name) VALUES(399,'ENKHUIZEN');
INSERT INTO City (city_id,city_name) VALUES(400,'ALMERE');
INSERT INTO City (city_id,city_name) VALUES(401,'EGMOND AAN DEN HOEF');
INSERT INTO City (city_id,city_name) VALUES(402,'GRONINGEN');
INSERT INTO City (city_id,city_name) VALUES(403,'BOXTEL');
INSERT INTO City (city_id,city_name) VALUES(404,'WEERT');
INSERT INTO City (city_id,city_name) VALUES(405,'STEENBERGEN');
INSERT INTO City (city_id,city_name) VALUES(406,'BOXMEER');
INSERT INTO City (city_id,city_name) VALUES(407,'''S-HEERENBERG');
INSERT INTO City (city_id,city_name) VALUES(408,'WOLVEGA');
INSERT INTO City (city_id,city_name) VALUES(409,'POORTUGAAL');
INSERT INTO City (city_id,city_name) VALUES(410,'HEEMSTEDE');
INSERT INTO City (city_id,city_name) VALUES(411,'UDEN');
INSERT INTO City (city_id,city_name) VALUES(412,'PATERSWOLDE');
INSERT INTO City (city_id,city_name) VALUES(413,'OMMEN');
INSERT INTO City (city_id,city_name) VALUES(414,'HOENSBROEK');
INSERT INTO City (city_id,city_name) VALUES(415,'BENNEKOM');
INSERT INTO City (city_id,city_name) VALUES(416,'MELICK');
INSERT INTO City (city_id,city_name) VALUES(417,'NEDERHORST DEN BERG');
INSERT INTO City (city_id,city_name) VALUES(418,'MEPPEL');
INSERT INTO City (city_id,city_name) VALUES(419,'DRIEBERGEN-RIJSENBURG');
INSERT INTO City (city_id,city_name) VALUES(420,'BENNEBROEK');
INSERT INTO City (city_id,city_name) VALUES(421,'AALSMEER');
INSERT INTO City (city_id,city_name) VALUES(422,'HEENVLIET');
INSERT INTO City (city_id,city_name) VALUES(423,'DEVENTER');
INSERT INTO City (city_id,city_name) VALUES(424,'EGMOND AAN ZEE');
INSERT INTO City (city_id,city_name) VALUES(425,'LANDSMEER');
INSERT INTO City (city_id,city_name) VALUES(426,'GORINCHEM');
INSERT INTO City (city_id,city_name) VALUES(427,'BLEISWIJK');
INSERT INTO City (city_id,city_name) VALUES(428,'HILVERSUM');
INSERT INTO City (city_id,city_name) VALUES(429,'BENEDEN-LEEUWEN');
INSERT INTO City (city_id,city_name) VALUES(430,'TERNEUZEN');
INSERT INTO City (city_id,city_name) VALUES(431,'WARNSVELD');
INSERT INTO City (city_id,city_name) VALUES(432,'NIEUWLEUSEN');
INSERT INTO City (city_id,city_name) VALUES(433,'ROTTERDAM');
INSERT INTO City (city_id,city_name) VALUES(434,'MAASLAND');
INSERT INTO City (city_id,city_name) VALUES(435,'DELFZIJL');
INSERT INTO City (city_id,city_name) VALUES(436,'DOKKUM');
INSERT INTO City (city_id,city_name) VALUES(437,'BERGHEM');
INSERT INTO City (city_id,city_name) VALUES(438,'EDE');
INSERT INTO City (city_id,city_name) VALUES(439,'HUIZEN');
INSERT INTO City (city_id,city_name) VALUES(440,'SURHUISTERVEEN');
INSERT INTO City (city_id,city_name) VALUES(441,'RIJSWIJK');
INSERT INTO City (city_id,city_name) VALUES(442,'APPINGEDAM');
INSERT INTO City (city_id,city_name) VALUES(443,'HAAREN');
INSERT INTO City (city_id,city_name) VALUES(444,'HULST');
INSERT INTO City (city_id,city_name) VALUES(445,'STIENS');
INSERT INTO City (city_id,city_name) VALUES(446,'DRACHTEN');
INSERT INTO City (city_id,city_name) VALUES(447,'DONGEN');
INSERT INTO City (city_id,city_name) VALUES(448,'LELYSTAD');
INSERT INTO City (city_id,city_name) VALUES(449,'GENEMUIDEN');
INSERT INTO City (city_id,city_name) VALUES(450,'GELDERMALSEN');
INSERT INTO City (city_id,city_name) VALUES(451,'GOES');
INSERT INTO City (city_id,city_name) VALUES(452,'HENGELO');
INSERT INTO City (city_id,city_name) VALUES(453,'KERKRADE');
INSERT INTO City (city_id,city_name) VALUES(454,'BLADEL');
INSERT INTO City (city_id,city_name) VALUES(455,'LEERDAM');
INSERT INTO City (city_id,city_name) VALUES(456,'SINT WILLEBRORD');
INSERT INTO City (city_id,city_name) VALUES(457,'SNEEK');
INSERT INTO City (city_id,city_name) VALUES(458,'GENDT');
INSERT INTO City (city_id,city_name) VALUES(459,'MAASSLUIS');
INSERT INTO City (city_id,city_name) VALUES(460,'OUDDORP');
INSERT INTO City (city_id,city_name) VALUES(461,'VORDEN');
INSERT INTO City (city_id,city_name) VALUES(462,'BUNDE');
INSERT INTO City (city_id,city_name) VALUES(463,'ALPHEN AAN DEN RIJN');
INSERT INTO City (city_id,city_name) VALUES(464,'NIEUWEGEIN');
INSERT INTO City (city_id,city_name) VALUES(465,'HORST');
INSERT INTO City (city_id,city_name) VALUES(466,'DELDEN');
INSERT INTO City (city_id,city_name) VALUES(467,'VEENDAM');
INSERT INTO City (city_id,city_name) VALUES(468,'PANNINGEN');
INSERT INTO City (city_id,city_name) VALUES(469,'VINKEVEEN');
INSERT INTO City (city_id,city_name) VALUES(470,'DE LIER');
INSERT INTO City (city_id,city_name) VALUES(471,'DEN HAAG');
INSERT INTO City (city_id,city_name) VALUES(472,'EIBERGEN');
INSERT INTO City (city_id,city_name) VALUES(473,'SLUIS');
INSERT INTO City (city_id,city_name) VALUES(474,'WORMER');
INSERT INTO City (city_id,city_name) VALUES(475,'HOOFDDORP');
INSERT INTO City (city_id,city_name) VALUES(476,'PUTTEN');
INSERT INTO City (city_id,city_name) VALUES(477,'LEEK');
INSERT INTO City (city_id,city_name) VALUES(478,'KAPELLE');
INSERT INTO City (city_id,city_name) VALUES(479,'WADDINXVEEN');
INSERT INTO City (city_id,city_name) VALUES(480,'JULIANADORP');
INSERT INTO City (city_id,city_name) VALUES(481,'EMMEN');
INSERT INTO City (city_id,city_name) VALUES(482,'ARNHEM');

INSERT INTO GeoLocation(geo_id,lat,lng) VALUES (1,52.034056,5.168737);
INSERT INTO Address (address_id,street,house_number,postal_code,city_id,geo_id) VALUES (1,'Onderdoor','66','3995 DX',(select city_id from City where city_name='HOUTEN'),1);
INSERT INTO Atm(atm_id,distance,atm_type,address_id) VALUES	(1,0,'ALBERT_HEIJN',1);
INSERT INTO GeoLocation(geo_id,lat,lng) VALUES (2,51.934341,5.627899);
INSERT INTO Address (address_id,street,house_number,postal_code,city_id,geo_id) VALUES (2,'Swaenenstate','4','4043 KE',(select city_id from City where city_name='OPHEUSDEN'),2);
INSERT INTO Atm(atm_id,distance,atm_type,address_id) VALUES	(2,0,'ALBERT_HEIJN',2);
INSERT INTO GeoLocation(geo_id,lat,lng) VALUES (3,51.674643,4.783608);
INSERT INTO Address (address_id,street,house_number,postal_code,city_id,geo_id) VALUES (3,'Nieuwstraat','104','4921 CZ',(select city_id from City where city_name='MADE'),3);
INSERT INTO Atm(atm_id,distance,atm_type,address_id) VALUES	(3,0,'ALBERT_HEIJN',3);
INSERT INTO GeoLocation(geo_id,lat,lng) VALUES (4,52.353796,4.903047);
INSERT INTO Address (address_id,street,house_number,postal_code,city_id,geo_id) VALUES (4,'Van Woustraat','150','1073 LV',(select city_id from City where city_name='AMSTERDAM'),4);
INSERT INTO Atm(atm_id,distance,atm_type,address_id) VALUES	(4,0,'ALBERT_HEIJN',4);
INSERT INTO GeoLocation(geo_id,lat,lng) VALUES (5,51.319874,3.8465);
INSERT INTO Address (address_id,street,house_number,postal_code,city_id,geo_id) VALUES (5,'Bellamystraat','141','4536 AJ',(select city_id from City where city_name='TERNEUZEN'),5);
INSERT INTO Atm(atm_id,distance,atm_type,address_id) VALUES	(5,0,'ALBERT_HEIJN',5);
INSERT INTO GeoLocation(geo_id,lat,lng) VALUES (6,52.461347,6.000077);
INSERT INTO Address (address_id,street,house_number,postal_code,city_id,geo_id) VALUES (6,'Meidoornplein','59','8091 JZ',(select city_id from City where city_name='WEZEP'),6);
INSERT INTO Atm(atm_id,distance,atm_type,address_id) VALUES	(6,0,'ING',6);
INSERT INTO GeoLocation(geo_id,lat,lng) VALUES (7,52.417277,4.89302);
INSERT INTO Address (address_id,street,house_number,postal_code,city_id,geo_id) VALUES (7,'Molenwijk','38','1035 EG',(select city_id from City where city_name='AMSTERDAM'),7);
INSERT INTO Atm(atm_id,distance,atm_type,address_id) VALUES	(7,0,'ING',7);
INSERT INTO GeoLocation(geo_id,lat,lng) VALUES (8,52.094267,4.277314);
INSERT INTO Address (address_id,street,house_number,postal_code,city_id,geo_id) VALUES (8,'Frederik Hendriklaan','80','2582 BE',(select city_id from City where city_name='DEN HAAG'),8);
INSERT INTO Atm(atm_id,distance,atm_type,address_id) VALUES	(8,0,'ALBERT_HEIJN',8);
INSERT INTO GeoLocation(geo_id,lat,lng) VALUES (9,52.028224,5.080686);
INSERT INTO Address (address_id,street,house_number,postal_code,city_id,geo_id) VALUES (9,'Passage','65','3431 LN',(select city_id from City where city_name='NIEUWEGEIN'),9);
INSERT INTO Atm(atm_id,distance,atm_type,address_id) VALUES	(9,0,'ALBERT_HEIJN',9);
INSERT INTO GeoLocation(geo_id,lat,lng) VALUES (10,51.353273,5.458609);
INSERT INTO Address (address_id,street,house_number,postal_code,city_id,geo_id) VALUES (10,'Corridor','24','5554 HN',(select city_id from City where city_name='VALKENSWAARD'),10);
INSERT INTO Atm(atm_id,distance,atm_type,address_id) VALUES	(10,0,'ALBERT_HEIJN',10);
INSERT INTO GeoLocation(geo_id,lat,lng) VALUES (11,52.077312,4.315173);
INSERT INTO Address (address_id,street,house_number,postal_code,city_id,geo_id) VALUES (11,'Spui','59','2511 BL',(select city_id from City where city_name='DEN HAAG'),11);
INSERT INTO Atm(atm_id,distance,atm_type,address_id) VALUES	(11,0,'ING',11);
INSERT INTO GeoLocation(geo_id,lat,lng) VALUES (12,52.665873,4.766152);
INSERT INTO Address (address_id,street,house_number,postal_code,city_id,geo_id) VALUES (12,'Johanna Naberstraat','51','1827 LB',(select city_id from City where city_name='ALKMAAR'),12);
INSERT INTO Atm(atm_id,distance,atm_type,address_id) VALUES	(12,0,'ING',12);
INSERT INTO GeoLocation(geo_id,lat,lng) VALUES (13,51.810211,4.655402);
INSERT INTO Address (address_id,street,house_number,postal_code,city_id,geo_id) VALUES (13,'Korte Parallelweg','165','3311 JN',(select city_id from City where city_name='DORDRECHT'),13);
INSERT INTO Atm(atm_id,distance,atm_type,address_id) VALUES	(13,0,'ALBERT_HEIJN',13);
INSERT INTO GeoLocation(geo_id,lat,lng) VALUES (14,52.953265,5.914267);
INSERT INTO Address (address_id,street,house_number,postal_code,city_id,geo_id) VALUES (14,'Jister','29','8446 CE',(select city_id from City where city_name='HEERENVEEN'),14);
INSERT INTO Atm(atm_id,distance,atm_type,address_id) VALUES	(14,0,'ING',14);
INSERT INTO GeoLocation(geo_id,lat,lng) VALUES (15,52.078926,4.320708);
INSERT INTO Address (address_id,street,house_number,postal_code,city_id,geo_id) VALUES (15,'Turfmarkt','103','2511 DP',(select city_id from City where city_name='DEN HAAG'),15);
INSERT INTO Atm(atm_id,distance,atm_type,address_id) VALUES	(15,0,'ALBERT_HEIJN',15);
INSERT INTO GeoLocation(geo_id,lat,lng) VALUES (16,52.343361,5.636489);
INSERT INTO Address (address_id,street,house_number,postal_code,city_id,geo_id) VALUES (16,'P.C. Hooftplein','73A','3842 HE',(select city_id from City where city_name='HARDERWIJK'),16);
INSERT INTO Atm(atm_id,distance,atm_type,address_id) VALUES	(16,0,'ING',16);
INSERT INTO GeoLocation(geo_id,lat,lng) VALUES (17,52.018124,5.040017);
INSERT INTO Address (address_id,street,house_number,postal_code,city_id,geo_id) VALUES (17,'Benschopperweg','2','3401 BV',(select city_id from City where city_name='IJSSELSTEIN'),17);
INSERT INTO Atm(atm_id,distance,atm_type,address_id) VALUES	(17,0,'ING',17);
INSERT INTO GeoLocation(geo_id,lat,lng) VALUES (18,52.352566,5.139764);
INSERT INTO Address (address_id,street,house_number,postal_code,city_id,geo_id) VALUES (18,'Olivier van Noortstraat','32','1363 LS',(select city_id from City where city_name='ALMERE'),18);
INSERT INTO Atm(atm_id,distance,atm_type,address_id) VALUES	(18,0,'ALBERT_HEIJN',18);
INSERT INTO GeoLocation(geo_id,lat,lng) VALUES (19,51.954512,5.225997);
INSERT INTO Address (address_id,street,house_number,postal_code,city_id,geo_id) VALUES (19,'Boerenstraat','6','4101 EZ',(select city_id from City where city_name='CULEMBORG'),19);
INSERT INTO Atm(atm_id,distance,atm_type,address_id) VALUES	(19,0,'ALBERT_HEIJN',19);
INSERT INTO GeoLocation(geo_id,lat,lng) VALUES (20,52.318016,4.865931);
INSERT INTO Address (address_id,street,house_number,postal_code,city_id,geo_id) VALUES (20,'Bourgondischelaan','14','1181 DD',(select city_id from City where city_name='AMSTELVEEN'),20);
INSERT INTO Atm(atm_id,distance,atm_type,address_id) VALUES	(20,0,'ALBERT_HEIJN',20);
INSERT INTO GeoLocation(geo_id,lat,lng) VALUES (21,52.338486,4.777861);
INSERT INTO Address (address_id,street,house_number,postal_code,city_id,geo_id) VALUES (21,'Zeemanlaan','2','1171 BD',(select city_id from City where city_name='BADHOEVEDORP'),21);
INSERT INTO Atm(atm_id,distance,atm_type,address_id) VALUES	(21,0,'ALBERT_HEIJN',21);
INSERT INTO GeoLocation(geo_id,lat,lng) VALUES (22,52.100752,5.221529);
INSERT INTO Address (address_id,street,house_number,postal_code,city_id,geo_id) VALUES (22,'Laan van Vollenhove','3011','3706 AL',(select city_id from City where city_name='ZEIST'),22);
INSERT INTO Atm(atm_id,distance,atm_type,address_id) VALUES	(22,0,'ING',22);
INSERT INTO GeoLocation(geo_id,lat,lng) VALUES (23,52.503123,4.759172);
INSERT INTO Address (address_id,street,house_number,postal_code,city_id,geo_id) VALUES (23,'Rosariumplein','20','1561 DX',(select city_id from City where city_name='KROMMENIE'),23);
INSERT INTO Atm(atm_id,distance,atm_type,address_id) VALUES	(23,0,'ALBERT_HEIJN',23);
INSERT INTO GeoLocation(geo_id,lat,lng) VALUES (24,52.618768,4.648375);
INSERT INTO Address (address_id,street,house_number,postal_code,city_id,geo_id) VALUES (24,'Nieuwe Egmonderstraatweg','11','1934 PA',(select city_id from City where city_name='EGMOND AAN DEN HOEF'),24);
INSERT INTO Atm(atm_id,distance,atm_type,address_id) VALUES	(24,0,'ALBERT_HEIJN',24);
INSERT INTO GeoLocation(geo_id,lat,lng) VALUES (25,52.662913,4.831134);
INSERT INTO Address (address_id,street,house_number,postal_code,city_id,geo_id) VALUES (25,'Middenwaard','2','1703 SE',(select city_id from City where city_name='HEERHUGOWAARD'),25);
INSERT INTO Atm(atm_id,distance,atm_type,address_id) VALUES	(25,0,'ALBERT_HEIJN',25);
INSERT INTO GeoLocation(geo_id,lat,lng) VALUES (26,52.094786,5.119884);
INSERT INTO Address (address_id,street,house_number,postal_code,city_id,geo_id) VALUES (26,'Voorstraat','38','3512 AP',(select city_id from City where city_name='UTRECHT'),26);
INSERT INTO Atm(atm_id,distance,atm_type,address_id) VALUES	(26,0,'ALBERT_HEIJN',26);
INSERT INTO GeoLocation(geo_id,lat,lng) VALUES (27,51.462286,5.79685);
INSERT INTO Address (address_id,street,house_number,postal_code,city_id,geo_id) VALUES (27,'Wolfsberg','20','5751 GX',(select city_id from City where city_name='DEURNE'),27);
INSERT INTO Atm(atm_id,distance,atm_type,address_id) VALUES	(27,0,'ALBERT_HEIJN',27);
INSERT INTO GeoLocation(geo_id,lat,lng) VALUES (28,52.0802,4.26796);
INSERT INTO Address (address_id,street,house_number,postal_code,city_id,geo_id) VALUES (28,'Fahrenheitstraat','709','2561 DE',(select city_id from City where city_name='DEN HAAG'),28);
INSERT INTO Atm(atm_id,distance,atm_type,address_id) VALUES	(28,0,'ALBERT_HEIJN',28);
INSERT INTO GeoLocation(geo_id,lat,lng) VALUES (29,52.054082,6.307761);
INSERT INTO Address (address_id,street,house_number,postal_code,city_id,geo_id) VALUES (29,'Raadhuisstraat','36','7255 BN',(select city_id from City where city_name='HENGELO'),29);
INSERT INTO Atm(atm_id,distance,atm_type,address_id) VALUES	(29,0,'ALBERT_HEIJN',29);
INSERT INTO GeoLocation(geo_id,lat,lng) VALUES (30,52.334224,4.860047);
INSERT INTO Address (address_id,street,house_number,postal_code,city_id,geo_id) VALUES (30,'De Boelelaan','1117','1081 HV',(select city_id from City where city_name='AMSTERDAM'),30);
INSERT INTO Atm(atm_id,distance,atm_type,address_id) VALUES	(30,0,'ING',30);
INSERT INTO GeoLocation(geo_id,lat,lng) VALUES (31,52.191921,4.44268);
INSERT INTO Address (address_id,street,house_number,postal_code,city_id,geo_id) VALUES (31,'Anjelierenstraat','36','2231 GT',(select city_id from City where city_name='RIJNSBURG'),31);
INSERT INTO Atm(atm_id,distance,atm_type,address_id) VALUES	(31,0,'ALBERT_HEIJN',31);
INSERT INTO GeoLocation(geo_id,lat,lng) VALUES (32,53.1964,6.567823);
INSERT INTO Address (address_id,street,house_number,postal_code,city_id,geo_id) VALUES (32,'Van Lenneplaan','99','9721 PE',(select city_id from City where city_name='GRONINGEN'),32);
INSERT INTO Atm(atm_id,distance,atm_type,address_id) VALUES	(32,0,'ALBERT_HEIJN',32);
INSERT INTO GeoLocation(geo_id,lat,lng) VALUES (33,53.199514,5.815865);
INSERT INTO Address (address_id,street,house_number,postal_code,city_id,geo_id) VALUES (33,'Emmakade','168','8933 AX',(select city_id from City where city_name='LEEUWARDEN'),33);
INSERT INTO Atm(atm_id,distance,atm_type,address_id) VALUES	(33,0,'ALBERT_HEIJN',33);
INSERT INTO GeoLocation(geo_id,lat,lng) VALUES (34,51.638317,5.348977);
INSERT INTO Address (address_id,street,house_number,postal_code,city_id,geo_id) VALUES (34,'Adrianusplein','1','5271 BN',(select city_id from City where city_name='SINT-MICHIELSGESTEL'),34);
INSERT INTO Atm(atm_id,distance,atm_type,address_id) VALUES	(34,0,'ALBERT_HEIJN',34);
INSERT INTO GeoLocation(geo_id,lat,lng) VALUES (35,51.856872,4.390323);
INSERT INTO Address (address_id,street,house_number,postal_code,city_id,geo_id) VALUES (35,'Dorpsstraat','5','3171 ED',(select city_id from City where city_name='POORTUGAAL'),35);
INSERT INTO Atm(atm_id,distance,atm_type,address_id) VALUES	(35,0,'ING',35);
INSERT INTO GeoLocation(geo_id,lat,lng) VALUES (36,53.237739,6.624254);
INSERT INTO Address (address_id,street,house_number,postal_code,city_id,geo_id) VALUES (36,'Kajuit','269','9733 CT',(select city_id from City where city_name='GRONINGEN'),36);
INSERT INTO Atm(atm_id,distance,atm_type,address_id) VALUES	(36,0,'ING',36);
INSERT INTO GeoLocation(geo_id,lat,lng) VALUES (37,51.9217673,4.473955);
INSERT INTO Address (address_id,street,house_number,postal_code,city_id,geo_id) VALUES (37,'Schouwburgplein','85','3012 CL',(select city_id from City where city_name='ROTTERDAM'),37);
INSERT INTO Atm(atm_id,distance,atm_type,address_id) VALUES	(37,0,'ALBERT_HEIJN',37);
INSERT INTO GeoLocation(geo_id,lat,lng) VALUES (38,53.211008,6.564657);
INSERT INTO Address (address_id,street,house_number,postal_code,city_id,geo_id) VALUES (38,'Stationsplein','2','9726 AE',(select city_id from City where city_name='GRONINGEN'),38);
INSERT INTO Atm(atm_id,distance,atm_type,address_id) VALUES	(38,0,'ING',38);
INSERT INTO GeoLocation(geo_id,lat,lng) VALUES (39,52.438421,4.817553);
INSERT INTO Address (address_id,street,house_number,postal_code,city_id,geo_id) VALUES (39,'Hermitage','4','1506 TX',(select city_id from City where city_name='ZAANDAM'),39);
INSERT INTO Atm(atm_id,distance,atm_type,address_id) VALUES	(39,0,'ALBERT_HEIJN',39);
INSERT INTO GeoLocation(geo_id,lat,lng) VALUES (40,51.928944,4.240064);
INSERT INTO Address (address_id,street,house_number,postal_code,city_id,geo_id) VALUES (40,'Koningshoek','91001','3144 BA',(select city_id from City where city_name='MAASSLUIS'),40);
INSERT INTO Atm(atm_id,distance,atm_type,address_id) VALUES	(40,0,'ALBERT_HEIJN',40);
INSERT INTO GeoLocation(geo_id,lat,lng) VALUES (41,52.213895,6.861797);
INSERT INTO Address (address_id,street,house_number,postal_code,city_id,geo_id) VALUES (41,'Wethouder Nijhuisstraat','164','7545 NM',(select city_id from City where city_name='ENSCHEDE'),41);
INSERT INTO Atm(atm_id,distance,atm_type,address_id) VALUES	(41,0,'ALBERT_HEIJN',41);
INSERT INTO GeoLocation(geo_id,lat,lng) VALUES (42,52.521298,6.106413);
INSERT INTO Address (address_id,street,house_number,postal_code,city_id,geo_id) VALUES (42,'Hogenkampspassage','10','8022 EL',(select city_id from City where city_name='ZWOLLE'),42);
INSERT INTO Atm(atm_id,distance,atm_type,address_id) VALUES	(42,0,'ING',42);
INSERT INTO GeoLocation(geo_id,lat,lng) VALUES (43,52.034765,5.168005);
INSERT INTO Address (address_id,street,house_number,postal_code,city_id,geo_id) VALUES (43,'Onderdoor','13','3995 DW',(select city_id from City where city_name='HOUTEN'),43);
INSERT INTO Atm(atm_id,distance,atm_type,address_id) VALUES	(43,0,'ING',43);
INSERT INTO GeoLocation(geo_id,lat,lng) VALUES (44,51.974391,5.343375);
INSERT INTO Address (address_id,street,house_number,postal_code,city_id,geo_id) VALUES (44,'Steenstraat','5','3961 VM',(select city_id from City where city_name='WIJK BIJ DUURSTEDE'),44);
INSERT INTO Atm(atm_id,distance,atm_type,address_id) VALUES	(44,0,'ALBERT_HEIJN',44);
INSERT INTO GeoLocation(geo_id,lat,lng) VALUES (45,51.71145,5.313257);
INSERT INTO Address (address_id,street,house_number,postal_code,city_id,geo_id) VALUES (45,'Sint Teunislaan','66','5231 BR',(select city_id from City where city_name='DEN BOSCH'),45);
INSERT INTO Atm(atm_id,distance,atm_type,address_id) VALUES	(45,0,'ING',45);
INSERT INTO GeoLocation(geo_id,lat,lng) VALUES (46,52.92344,6.792067);
INSERT INTO Address (address_id,street,house_number,postal_code,city_id,geo_id) VALUES (46,'Hoofdstraat','35','9531 AB',(select city_id from City where city_name='BORGER'),46);
INSERT INTO Atm(atm_id,distance,atm_type,address_id) VALUES	(46,0,'ALBERT_HEIJN',46);
INSERT INTO GeoLocation(geo_id,lat,lng) VALUES (47,50.849236,5.705731);
INSERT INTO Address (address_id,street,house_number,postal_code,city_id,geo_id) VALUES (47,'Stationsplein','27','6221 BT',(select city_id from City where city_name='MAASTRICHT'),47);
INSERT INTO Atm(atm_id,distance,atm_type,address_id) VALUES	(47,0,'ING',47);
INSERT INTO GeoLocation(geo_id,lat,lng) VALUES (48,52.460898,4.623196);
INSERT INTO Address (address_id,street,house_number,postal_code,city_id,geo_id) VALUES (48,'Dudokplein','10','1971 EP',(select city_id from City where city_name='IJMUIDEN'),48);
INSERT INTO Atm(atm_id,distance,atm_type,address_id) VALUES	(48,0,'ALBERT_HEIJN',48);
INSERT INTO GeoLocation(geo_id,lat,lng) VALUES (49,52.968304,5.793425);
INSERT INTO Address (address_id,street,house_number,postal_code,city_id,geo_id) VALUES (49,'Midstraat','28','8501 AR',(select city_id from City where city_name='JOURE'),49);
INSERT INTO Atm(atm_id,distance,atm_type,address_id) VALUES	(49,0,'ALBERT_HEIJN',49);
INSERT INTO GeoLocation(geo_id,lat,lng) VALUES (50,51.211144,6.018063);
INSERT INTO Address (address_id,street,house_number,postal_code,city_id,geo_id) VALUES (50,'Schaarbroekerweg','14','6042 EJ',(select city_id from City where city_name='ROERMOND'),50);
INSERT INTO Atm(atm_id,distance,atm_type,address_id) VALUES	(50,0,'ALBERT_HEIJN',50);
INSERT INTO GeoLocation(geo_id,lat,lng) VALUES (51,52.0834807,5.1233556);
INSERT INTO Address (address_id,street,house_number,postal_code,city_id,geo_id) VALUES (51,'Twijnstraat','8','3511 ZK',(select city_id from City where city_name='UTRECHT'),51);
INSERT INTO Atm(atm_id,distance,atm_type,address_id) VALUES	(51,0,'ALBERT_HEIJN',51);
INSERT INTO GeoLocation(geo_id,lat,lng) VALUES (52,52.445673,4.845865);
INSERT INTO Address (address_id,street,house_number,postal_code,city_id,geo_id) VALUES (52,'Gibraltar','29','1503 BM',(select city_id from City where city_name='ZAANDAM'),52);
INSERT INTO Atm(atm_id,distance,atm_type,address_id) VALUES	(52,0,'ING',52);
INSERT INTO GeoLocation(geo_id,lat,lng) VALUES (53,52.393703,4.629583);
INSERT INTO Address (address_id,street,house_number,postal_code,city_id,geo_id) VALUES (53,'Santpoorterstraat','62','2023 DD',(select city_id from City where city_name='HAARLEM'),53);
INSERT INTO Atm(atm_id,distance,atm_type,address_id) VALUES	(53,0,'ING',53);
INSERT INTO GeoLocation(geo_id,lat,lng) VALUES (54,52.09294,5.013051);
INSERT INTO Address (address_id,street,house_number,postal_code,city_id,geo_id) VALUES (54,'Middenburcht','14','3452 MT',(select city_id from City where city_name='VLEUTEN'),54);
INSERT INTO Atm(atm_id,distance,atm_type,address_id) VALUES	(54,0,'ALBERT_HEIJN',54);
INSERT INTO GeoLocation(geo_id,lat,lng) VALUES (55,51.505699,4.294646);
INSERT INTO Address (address_id,street,house_number,postal_code,city_id,geo_id) VALUES (55,'Bloemendaal','56','4614 CW',(select city_id from City where city_name='BERGEN OP ZOOM'),55);
INSERT INTO Atm(atm_id,distance,atm_type,address_id) VALUES	(55,0,'ING',55);
INSERT INTO GeoLocation(geo_id,lat,lng) VALUES (56,51.922275,4.478076);
INSERT INTO Address (address_id,street,house_number,postal_code,city_id,geo_id) VALUES (56,'Stadhuisplein','6','3012 AS',(select city_id from City where city_name='ROTTERDAM'),56);
INSERT INTO Atm(atm_id,distance,atm_type,address_id) VALUES	(56,0,'ING',56);
INSERT INTO GeoLocation(geo_id,lat,lng) VALUES (57,51.990106,5.893758);
INSERT INTO Address (address_id,street,house_number,postal_code,city_id,geo_id) VALUES (57,'Van Lawick van Pabststraat','76','6814 HK',(select city_id from City where city_name='ARNHEM'),57);
INSERT INTO Atm(atm_id,distance,atm_type,address_id) VALUES	(57,0,'ALBERT_HEIJN',57);
INSERT INTO GeoLocation(geo_id,lat,lng) VALUES (58,52.832624,6.366171);
INSERT INTO Address (address_id,street,house_number,postal_code,city_id,geo_id) VALUES (58,'Brink','47','7991 CJ',(select city_id from City where city_name='DWINGELOO'),58);
INSERT INTO Atm(atm_id,distance,atm_type,address_id) VALUES	(58,0,'ALBERT_HEIJN',58);
INSERT INTO GeoLocation(geo_id,lat,lng) VALUES (59,51.932243,4.59093);
INSERT INTO Address (address_id,street,house_number,postal_code,city_id,geo_id) VALUES (59,'Kerklaan','450','2903 HJ',(select city_id from City where city_name='CAPELLE AAN DEN IJSSEL'),59);
INSERT INTO Atm(atm_id,distance,atm_type,address_id) VALUES	(59,0,'ING',59);
INSERT INTO GeoLocation(geo_id,lat,lng) VALUES (60,52.346095,5.15304);
INSERT INTO Address (address_id,street,house_number,postal_code,city_id,geo_id) VALUES (60,'Hongarijeplaats','2','1363 CA',(select city_id from City where city_name='ALMERE'),60);
INSERT INTO Atm(atm_id,distance,atm_type,address_id) VALUES	(60,0,'ALBERT_HEIJN',60);
INSERT INTO GeoLocation(geo_id,lat,lng) VALUES (61,51.680023,5.316042);
INSERT INTO Address (address_id,street,house_number,postal_code,city_id,geo_id) VALUES (61,'Pettelaarseweg','259D','5216 BM',(select city_id from City where city_name='DEN BOSCH'),61);
INSERT INTO Atm(atm_id,distance,atm_type,address_id) VALUES	(61,0,'ING',61);
INSERT INTO GeoLocation(geo_id,lat,lng) VALUES (62,51.589344,4.524707);
INSERT INTO Address (address_id,street,house_number,postal_code,city_id,geo_id) VALUES (62,'Wagenhoek','9','4731 JB',(select city_id from City where city_name='OUDENBOSCH'),62);
INSERT INTO Atm(atm_id,distance,atm_type,address_id) VALUES	(62,0,'ALBERT_HEIJN',62);
INSERT INTO GeoLocation(geo_id,lat,lng) VALUES (63,52.577166,6.618484);
INSERT INTO Address (address_id,street,house_number,postal_code,city_id,geo_id) VALUES (63,'Marslaan','17','7772 XC',(select city_id from City where city_name='HARDENBERG'),63);
INSERT INTO Atm(atm_id,distance,atm_type,address_id) VALUES	(63,0,'ALBERT_HEIJN',63);
INSERT INTO GeoLocation(geo_id,lat,lng) VALUES (64,51.843513,5.865902);
INSERT INTO Address (address_id,street,house_number,postal_code,city_id,geo_id) VALUES (64,'Van Schevichavenstraat','3','6511 LM',(select city_id from City where city_name='NIJMEGEN'),64);
INSERT INTO Atm(atm_id,distance,atm_type,address_id) VALUES	(64,0,'ALBERT_HEIJN',64);
INSERT INTO GeoLocation(geo_id,lat,lng) VALUES (65,52.056134,4.315475);
INSERT INTO Address (address_id,street,house_number,postal_code,city_id,geo_id) VALUES (65,'Goeverneurlaan','664','2523 CS',(select city_id from City where city_name='DEN HAAG'),65);
INSERT INTO Atm(atm_id,distance,atm_type,address_id) VALUES	(65,0,'ING',65);
INSERT INTO GeoLocation(geo_id,lat,lng) VALUES (66,52.010001,4.363384);
INSERT INTO Address (address_id,street,house_number,postal_code,city_id,geo_id) VALUES (66,'Pynepoort','4-12','2611 MD',(select city_id from City where city_name='DELFT'),66);
INSERT INTO Atm(atm_id,distance,atm_type,address_id) VALUES	(66,0,'ING',66);
INSERT INTO GeoLocation(geo_id,lat,lng) VALUES (67,52.222727,4.486409);
INSERT INTO Address (address_id,street,house_number,postal_code,city_id,geo_id) VALUES (67,'Jacoba Van Beijerenhof','29','2215 JK',(select city_id from City where city_name='VOORHOUT'),67);
INSERT INTO Atm(atm_id,distance,atm_type,address_id) VALUES	(67,0,'ALBERT_HEIJN',67);
INSERT INTO GeoLocation(geo_id,lat,lng) VALUES (68,52.065064,5.372135);
INSERT INTO Address (address_id,street,house_number,postal_code,city_id,geo_id) VALUES (68,'Raadhuislaan','11','3951 CH',(select city_id from City where city_name='MAARN'),68);
INSERT INTO Atm(atm_id,distance,atm_type,address_id) VALUES	(68,0,'ING',68);
INSERT INTO GeoLocation(geo_id,lat,lng) VALUES (69,52.0127315,4.3571421);
INSERT INTO Address (address_id,street,house_number,postal_code,city_id,geo_id) VALUES (69,'Choorstraat','5','2611 JD',(select city_id from City where city_name='DELFT'),69);
INSERT INTO Atm(atm_id,distance,atm_type,address_id) VALUES	(69,0,'ING',69);
INSERT INTO GeoLocation(geo_id,lat,lng) VALUES (70,52.081767,5.122909);
INSERT INTO Address (address_id,street,house_number,postal_code,city_id,geo_id) VALUES (70,'Oudegracht','427','3511 PJ',(select city_id from City where city_name='UTRECHT'),70);
INSERT INTO Atm(atm_id,distance,atm_type,address_id) VALUES	(70,0,'ING',70);
INSERT INTO GeoLocation(geo_id,lat,lng) VALUES (71,50.917146,5.956317);
INSERT INTO Address (address_id,street,house_number,postal_code,city_id,geo_id) VALUES (71,'Groet Genhei','24','6413 GN',(select city_id from City where city_name='HEERLEN'),71);
INSERT INTO Atm(atm_id,distance,atm_type,address_id) VALUES	(71,0,'ING',71);
INSERT INTO GeoLocation(geo_id,lat,lng) VALUES (72,52.017066,5.178159);
INSERT INTO Address (address_id,street,house_number,postal_code,city_id,geo_id) VALUES (72,'Cardo','12','3995 XM',(select city_id from City where city_name='HOUTEN'),72);
INSERT INTO Atm(atm_id,distance,atm_type,address_id) VALUES	(72,0,'ALBERT_HEIJN',72);
INSERT INTO GeoLocation(geo_id,lat,lng) VALUES (73,52.214559,5.155824);
INSERT INTO Address (address_id,street,house_number,postal_code,city_id,geo_id) VALUES (73,'Van Hogendorplaan','44','1215 EH',(select city_id from City where city_name='HILVERSUM'),73);
INSERT INTO Atm(atm_id,distance,atm_type,address_id) VALUES	(73,0,'ALBERT_HEIJN',73);
INSERT INTO GeoLocation(geo_id,lat,lng) VALUES (74,52.488311,4.752565);
INSERT INTO Address (address_id,street,house_number,postal_code,city_id,geo_id) VALUES (74,'Kaaikhof','28A','1567 JP',(select city_id from City where city_name='ASSENDELFT'),74);
INSERT INTO Atm(atm_id,distance,atm_type,address_id) VALUES	(74,0,'ING',74);
INSERT INTO GeoLocation(geo_id,lat,lng) VALUES (75,52.525622,5.719508);
INSERT INTO Address (address_id,street,house_number,postal_code,city_id,geo_id) VALUES (75,'Kop van het Ruim','15','8251 KD',(select city_id from City where city_name='DRONTEN'),75);
INSERT INTO Atm(atm_id,distance,atm_type,address_id) VALUES	(75,0,'ING',75);
INSERT INTO GeoLocation(geo_id,lat,lng) VALUES (76,51.909615,4.466253);
INSERT INTO Address (address_id,street,house_number,postal_code,city_id,geo_id) VALUES (76,'Doctor Molewaterplein','40','3015 GD',(select city_id from City where city_name='ROTTERDAM'),76);
INSERT INTO Atm(atm_id,distance,atm_type,address_id) VALUES	(76,0,'ING',76);
INSERT INTO GeoLocation(geo_id,lat,lng) VALUES (77,52.364062,4.855156);
INSERT INTO Address (address_id,street,house_number,postal_code,city_id,geo_id) VALUES (77,'Postjesweg','65','1057 DW',(select city_id from City where city_name='AMSTERDAM'),77);
INSERT INTO Atm(atm_id,distance,atm_type,address_id) VALUES	(77,0,'ALBERT_HEIJN',77);
INSERT INTO GeoLocation(geo_id,lat,lng) VALUES (78,51.750649,4.366881);
INSERT INTO Address (address_id,street,house_number,postal_code,city_id,geo_id) VALUES (78,'Gravin Sabinastraat','52','3284 AP',(select city_id from City where city_name='ZUID-BEIJERLAND'),78);
INSERT INTO Atm(atm_id,distance,atm_type,address_id) VALUES	(78,0,'ALBERT_HEIJN',78);
INSERT INTO GeoLocation(geo_id,lat,lng) VALUES (79,52.313842,4.947145);
INSERT INTO Address (address_id,street,house_number,postal_code,city_id,geo_id) VALUES (79,'Bijlmerdreef','24','1102 CT',(select city_id from City where city_name='AMSTERDAM-ZUIDOOST'),79);
INSERT INTO Atm(atm_id,distance,atm_type,address_id) VALUES	(79,0,'ING',79);
INSERT INTO GeoLocation(geo_id,lat,lng) VALUES (80,51.274773,5.577096);
INSERT INTO Address (address_id,street,house_number,postal_code,city_id,geo_id) VALUES (80,'Doctor Ant. Mathijsenstraat','20','6021 CL',(select city_id from City where city_name='BUDEL'),80);
INSERT INTO Atm(atm_id,distance,atm_type,address_id) VALUES	(80,0,'ALBERT_HEIJN',80);
INSERT INTO GeoLocation(geo_id,lat,lng) VALUES (81,52.079742,4.295869);
INSERT INTO Address (address_id,street,house_number,postal_code,city_id,geo_id) VALUES (81,'Elandstraat','160','2513 GW',(select city_id from City where city_name='DEN HAAG'),81);
INSERT INTO Atm(atm_id,distance,atm_type,address_id) VALUES	(81,0,'ALBERT_HEIJN',81);
INSERT INTO GeoLocation(geo_id,lat,lng) VALUES (82,52.525686,4.71047);
INSERT INTO Address (address_id,street,house_number,postal_code,city_id,geo_id) VALUES (82,'Middelweg','80','1911 EJ',(select city_id from City where city_name='UITGEEST'),82);
INSERT INTO Atm(atm_id,distance,atm_type,address_id) VALUES	(82,0,'ING',82);
INSERT INTO GeoLocation(geo_id,lat,lng) VALUES (83,51.65109,3.920099);
INSERT INTO Address (address_id,street,house_number,postal_code,city_id,geo_id) VALUES (83,'Lange Nobelstraat','6-12','4301 HE',(select city_id from City where city_name='ZIERIKZEE'),83);
INSERT INTO Atm(atm_id,distance,atm_type,address_id) VALUES	(83,0,'ING',83);
INSERT INTO GeoLocation(geo_id,lat,lng) VALUES (84,52.311566,4.94422);
INSERT INTO Address (address_id,street,house_number,postal_code,city_id,geo_id) VALUES (84,'Hoogoordplein','3','1101 DT',(select city_id from City where city_name='AMSTERDAM-ZUIDOOST'),84);
INSERT INTO Atm(atm_id,distance,atm_type,address_id) VALUES	(84,0,'ING',84);
INSERT INTO GeoLocation(geo_id,lat,lng) VALUES (85,51.710123,5.367221);
INSERT INTO Address (address_id,street,house_number,postal_code,city_id,geo_id) VALUES (85,'Molenhoekpassage','5','5242 CZ',(select city_id from City where city_name='ROSMALEN'),85);
INSERT INTO Atm(atm_id,distance,atm_type,address_id) VALUES	(85,0,'ALBERT_HEIJN',85);
INSERT INTO GeoLocation(geo_id,lat,lng) VALUES (86,52.460297,6.570854);
INSERT INTO Address (address_id,street,house_number,postal_code,city_id,geo_id) VALUES (86,'Julianaplein','70','7681 AW',(select city_id from City where city_name='VROOMSHOOP'),86);
INSERT INTO Atm(atm_id,distance,atm_type,address_id) VALUES	(86,0,'ING',86);
INSERT INTO GeoLocation(geo_id,lat,lng) VALUES (87,50.893226,6.056798);
INSERT INTO Address (address_id,street,house_number,postal_code,city_id,geo_id) VALUES (87,'Laurastraat','51','6471 JH',(select city_id from City where city_name='EYGELSHOVEN'),87);
INSERT INTO Atm(atm_id,distance,atm_type,address_id) VALUES	(87,0,'ING',87);
INSERT INTO GeoLocation(geo_id,lat,lng) VALUES (88,51.42223,5.559905);
INSERT INTO Address (address_id,street,house_number,postal_code,city_id,geo_id) VALUES (88,'Heuvel','24','5664 HL',(select city_id from City where city_name='GELDROP'),88);
INSERT INTO Atm(atm_id,distance,atm_type,address_id) VALUES	(88,0,'ING',88);
INSERT INTO GeoLocation(geo_id,lat,lng) VALUES (89,52.78743,6.117792);
INSERT INTO Address (address_id,street,house_number,postal_code,city_id,geo_id) VALUES (89,'Oosterstraat','22-26','8331 HE',(select city_id from City where city_name='STEENWIJK'),89);
INSERT INTO Atm(atm_id,distance,atm_type,address_id) VALUES	(89,0,'ING',89);
INSERT INTO GeoLocation(geo_id,lat,lng) VALUES (90,51.556545,5.091212);
INSERT INTO Address (address_id,street,house_number,postal_code,city_id,geo_id) VALUES (90,'Heuvelpoort','315A','5038 DT',(select city_id from City where city_name='TILBURG'),90);
INSERT INTO Atm(atm_id,distance,atm_type,address_id) VALUES	(90,0,'ING',90);
INSERT INTO GeoLocation(geo_id,lat,lng) VALUES (91,52.666037,5.047691);
INSERT INTO Address (address_id,street,house_number,postal_code,city_id,geo_id) VALUES (91,'Korenbloem','79','1689 RZ',(select city_id from City where city_name='ZWAAG'),91);
INSERT INTO Atm(atm_id,distance,atm_type,address_id) VALUES	(91,0,'ING',91);
INSERT INTO GeoLocation(geo_id,lat,lng) VALUES (92,52.193578,6.900874);
INSERT INTO Address (address_id,street,house_number,postal_code,city_id,geo_id) VALUES (92,'Veldhoflanden','2','7542 LA',(select city_id from City where city_name='ENSCHEDE'),92);
INSERT INTO Atm(atm_id,distance,atm_type,address_id) VALUES	(92,0,'ALBERT_HEIJN',92);
INSERT INTO GeoLocation(geo_id,lat,lng) VALUES (93,52.052755,4.234435);
INSERT INTO Address (address_id,street,house_number,postal_code,city_id,geo_id) VALUES (93,'Loosduinse Hoofdplein','260','2553 CT',(select city_id from City where city_name='DEN HAAG'),93);
INSERT INTO Atm(atm_id,distance,atm_type,address_id) VALUES	(93,0,'ALBERT_HEIJN',93);
INSERT INTO GeoLocation(geo_id,lat,lng) VALUES (94,53.0033927,6.064474);
INSERT INTO Address (address_id,street,house_number,postal_code,city_id,geo_id) VALUES (94,'Hofland','1','8401 SH',(select city_id from City where city_name='GORREDIJK'),94);
INSERT INTO Atm(atm_id,distance,atm_type,address_id) VALUES	(94,0,'ALBERT_HEIJN',94);
INSERT INTO GeoLocation(geo_id,lat,lng) VALUES (95,50.946097,5.97062);
INSERT INTO Address (address_id,street,house_number,postal_code,city_id,geo_id) VALUES (95,'Schiffelerstraat','8','6441 CN',(select city_id from City where city_name='BRUNSSUM'),95);
INSERT INTO Atm(atm_id,distance,atm_type,address_id) VALUES	(95,0,'ALBERT_HEIJN',95);
INSERT INTO GeoLocation(geo_id,lat,lng) VALUES (96,52.105584,5.014551);
INSERT INTO Address (address_id,street,house_number,postal_code,city_id,geo_id) VALUES (96,'Hindersteinlaan','23','3451 EV',(select city_id from City where city_name='VLEUTEN'),96);
INSERT INTO Atm(atm_id,distance,atm_type,address_id) VALUES	(96,0,'ALBERT_HEIJN',96);
INSERT INTO GeoLocation(geo_id,lat,lng) VALUES (97,52.483382,6.111245);
INSERT INTO Address (address_id,street,house_number,postal_code,city_id,geo_id) VALUES (97,'Pijmanstraat','18','8014 VB',(select city_id from City where city_name='ZWOLLE'),97);
INSERT INTO Atm(atm_id,distance,atm_type,address_id) VALUES	(97,0,'ALBERT_HEIJN',97);
INSERT INTO GeoLocation(geo_id,lat,lng) VALUES (98,51.712637,5.313863);
INSERT INTO Address (address_id,street,house_number,postal_code,city_id,geo_id) VALUES (98,'Rompertpassage','45','5233 AP',(select city_id from City where city_name='DEN BOSCH'),98);
INSERT INTO Atm(atm_id,distance,atm_type,address_id) VALUES	(98,0,'ALBERT_HEIJN',98);
INSERT INTO GeoLocation(geo_id,lat,lng) VALUES (99,50.943978,5.970067);
INSERT INTO Address (address_id,street,house_number,postal_code,city_id,geo_id) VALUES (99,'Lindeplein','3A','6444 AT',(select city_id from City where city_name='BRUNSSUM'),99);
INSERT INTO Atm(atm_id,distance,atm_type,address_id) VALUES	(99,0,'ING',99);
INSERT INTO GeoLocation(geo_id,lat,lng) VALUES (100,52.005953,5.553398);
INSERT INTO Address (address_id,street,house_number,postal_code,city_id,geo_id) VALUES (100,'Paddestoelenlaan','40','3903 GG',(select city_id from City where city_name='VEENENDAAL'),100);
INSERT INTO Atm(atm_id,distance,atm_type,address_id) VALUES	(100,0,'ING',100);
INSERT INTO GeoLocation(geo_id,lat,lng) VALUES (101,52.21682,6.899305);
INSERT INTO Address (address_id,street,house_number,postal_code,city_id,geo_id) VALUES (101,'Hendrik Jan van Heekplein','63','7511 HN',(select city_id from City where city_name='ENSCHEDE'),101);
INSERT INTO Atm(atm_id,distance,atm_type,address_id) VALUES	(101,0,'ALBERT_HEIJN',101);
INSERT INTO GeoLocation(geo_id,lat,lng) VALUES (102,51.838068,5.876104);
INSERT INTO Address (address_id,street,house_number,postal_code,city_id,geo_id) VALUES (102,'Daalseweg','263','6521 GL',(select city_id from City where city_name='NIJMEGEN'),102);
INSERT INTO Atm(atm_id,distance,atm_type,address_id) VALUES	(102,0,'ING',102);
INSERT INTO GeoLocation(geo_id,lat,lng) VALUES (103,51.807804,5.723374);
INSERT INTO Address (address_id,street,house_number,postal_code,city_id,geo_id) VALUES (103,'Burchtstraat','21','6602 AP',(select city_id from City where city_name='WIJCHEN'),103);
INSERT INTO Atm(atm_id,distance,atm_type,address_id) VALUES	(103,0,'ING',103);
INSERT INTO GeoLocation(geo_id,lat,lng) VALUES (104,52.353012,4.891709);
INSERT INTO Address (address_id,street,house_number,postal_code,city_id,geo_id) VALUES (104,'Ceintuurbaan','95-99','1072 EX',(select city_id from City where city_name='AMSTERDAM'),104);
INSERT INTO Atm(atm_id,distance,atm_type,address_id) VALUES	(104,0,'ING',104);
INSERT INTO GeoLocation(geo_id,lat,lng) VALUES (105,50.8885169,5.9753429);
INSERT INTO Address (address_id,street,house_number,postal_code,city_id,geo_id) VALUES (105,'Honigmannstraat','44','6411 LM',(select city_id from City where city_name='HEERLEN'),105);
INSERT INTO Atm(atm_id,distance,atm_type,address_id) VALUES	(105,0,'ING',105);
INSERT INTO GeoLocation(geo_id,lat,lng) VALUES (106,51.765385,5.525249);
INSERT INTO Address (address_id,street,house_number,postal_code,city_id,geo_id) VALUES (106,'Raadhuislaan','1K','5341 GL',(select city_id from City where city_name='OSS'),106);
INSERT INTO Atm(atm_id,distance,atm_type,address_id) VALUES	(106,0,'ING',106);
INSERT INTO GeoLocation(geo_id,lat,lng) VALUES (107,52.371791,4.528513);
INSERT INTO Address (address_id,street,house_number,postal_code,city_id,geo_id) VALUES (107,'Grote Krocht','1','2042 LT',(select city_id from City where city_name='ZANDVOORT'),107);
INSERT INTO Atm(atm_id,distance,atm_type,address_id) VALUES	(107,0,'ALBERT_HEIJN',107);
INSERT INTO GeoLocation(geo_id,lat,lng) VALUES (108,52.292305,4.577434);
INSERT INTO Address (address_id,street,house_number,postal_code,city_id,geo_id) VALUES (108,'Henri Dunantplein','6','2181 EM',(select city_id from City where city_name='HILLEGOM'),108);
INSERT INTO Atm(atm_id,distance,atm_type,address_id) VALUES	(108,0,'ALBERT_HEIJN',108);
INSERT INTO GeoLocation(geo_id,lat,lng) VALUES (109,52.25297,5.378119);
INSERT INTO Address (address_id,street,house_number,postal_code,city_id,geo_id) VALUES (109,'Kerkstraat','51','3751 AS',(select city_id from City where city_name='BUNSCHOTEN-SPAKENBURG'),109);
INSERT INTO Atm(atm_id,distance,atm_type,address_id) VALUES	(109,0,'ING',109);
INSERT INTO GeoLocation(geo_id,lat,lng) VALUES (110,51.93949,5.942023);
INSERT INTO Address (address_id,street,house_number,postal_code,city_id,geo_id) VALUES (110,'Stadsdam','2','6851 AH',(select city_id from City where city_name='HUISSEN'),110);
INSERT INTO Atm(atm_id,distance,atm_type,address_id) VALUES	(110,0,'ALBERT_HEIJN',110);
INSERT INTO GeoLocation(geo_id,lat,lng) VALUES (111,53.223482,6.563723);
INSERT INTO Address (address_id,street,house_number,postal_code,city_id,geo_id) VALUES (111,'Nieuwe Ebbingestraat','73-75','9712 NG',(select city_id from City where city_name='GRONINGEN'),111);
INSERT INTO Atm(atm_id,distance,atm_type,address_id) VALUES	(111,0,'ALBERT_HEIJN',111);
INSERT INTO GeoLocation(geo_id,lat,lng) VALUES (112,51.609399,5.142659);
INSERT INTO Address (address_id,street,house_number,postal_code,city_id,geo_id) VALUES (112,'Tongerloplein','23','5071 CX',(select city_id from City where city_name='UDENHOUT'),112);
INSERT INTO Atm(atm_id,distance,atm_type,address_id) VALUES	(112,0,'ING',112);
INSERT INTO GeoLocation(geo_id,lat,lng) VALUES (113,52.390622,4.609096);
INSERT INTO Address (address_id,street,house_number,postal_code,city_id,geo_id) VALUES (113,'Bloemendaalseweg','240','2051 GM',(select city_id from City where city_name='OVERVEEN'),113);
INSERT INTO Atm(atm_id,distance,atm_type,address_id) VALUES	(113,0,'ALBERT_HEIJN',113);
INSERT INTO GeoLocation(geo_id,lat,lng) VALUES (114,52.358823,4.802086);
INSERT INTO Address (address_id,street,house_number,postal_code,city_id,geo_id) VALUES (114,'Osdorpplein','469','1068 SZ',(select city_id from City where city_name='AMSTERDAM'),114);
INSERT INTO Atm(atm_id,distance,atm_type,address_id) VALUES	(114,0,'ALBERT_HEIJN',114);
INSERT INTO GeoLocation(geo_id,lat,lng) VALUES (115,52.34715,5.985147);
INSERT INTO Address (address_id,street,house_number,postal_code,city_id,geo_id) VALUES (115,'Sternpassage','18','8161 HP',(select city_id from City where city_name='EPE'),115);
INSERT INTO Atm(atm_id,distance,atm_type,address_id) VALUES	(115,0,'ING',115);
INSERT INTO GeoLocation(geo_id,lat,lng) VALUES (116,52.057361,4.274174);
INSERT INTO Address (address_id,street,house_number,postal_code,city_id,geo_id) VALUES (116,'Driebergenstraat','321','2546 BJ',(select city_id from City where city_name='DEN HAAG'),116);
INSERT INTO Atm(atm_id,distance,atm_type,address_id) VALUES	(116,0,'ING',116);
INSERT INTO GeoLocation(geo_id,lat,lng) VALUES (117,52.64499,5.051488);
INSERT INTO Address (address_id,street,house_number,postal_code,city_id,geo_id) VALUES (117,'Stationsweg','5','1621 HZ',(select city_id from City where city_name='HOORN'),117);
INSERT INTO Atm(atm_id,distance,atm_type,address_id) VALUES	(117,0,'ING',117);
INSERT INTO GeoLocation(geo_id,lat,lng) VALUES (118,52.21584,5.965257);
INSERT INTO Address (address_id,street,house_number,postal_code,city_id,geo_id) VALUES (118,'Stationsstraat','178','7311 MJ',(select city_id from City where city_name='APELDOORN'),118);
INSERT INTO Atm(atm_id,distance,atm_type,address_id) VALUES	(118,0,'ING',118);
INSERT INTO GeoLocation(geo_id,lat,lng) VALUES (119,51.949771,6.02345);
INSERT INTO Address (address_id,street,house_number,postal_code,city_id,geo_id) VALUES (119,'Remigiusplein','6A','6921 BL',(select city_id from City where city_name='DUIVEN'),119);
INSERT INTO Atm(atm_id,distance,atm_type,address_id) VALUES	(119,0,'ING',119);
INSERT INTO GeoLocation(geo_id,lat,lng) VALUES (120,51.482666,5.138142);
INSERT INTO Address (address_id,street,house_number,postal_code,city_id,geo_id) VALUES (120,'Gelderstraat','52','5081 AC',(select city_id from City where city_name='HILVARENBEEK'),120);
INSERT INTO Atm(atm_id,distance,atm_type,address_id) VALUES	(120,0,'ALBERT_HEIJN',120);
INSERT INTO GeoLocation(geo_id,lat,lng) VALUES (121,51.916215,4.469912);
INSERT INTO Address (address_id,street,house_number,postal_code,city_id,geo_id) VALUES (121,'Nieuwe Binnenweg','34A','3015 BA',(select city_id from City where city_name='ROTTERDAM'),121);
INSERT INTO Atm(atm_id,distance,atm_type,address_id) VALUES	(121,0,'ING',121);
INSERT INTO GeoLocation(geo_id,lat,lng) VALUES (122,52.056195,4.468742);
INSERT INTO Address (address_id,street,house_number,postal_code,city_id,geo_id) VALUES (122,'Middelwaard','42','2716 CW',(select city_id from City where city_name='ZOETERMEER'),122);
INSERT INTO Atm(atm_id,distance,atm_type,address_id) VALUES	(122,0,'ING',122);
INSERT INTO GeoLocation(geo_id,lat,lng) VALUES (123,51.69154,5.303801);
INSERT INTO Address (address_id,street,house_number,postal_code,city_id,geo_id) VALUES (123,'Arena','16','5211 XT',(select city_id from City where city_name='DEN BOSCH'),123);
INSERT INTO Atm(atm_id,distance,atm_type,address_id) VALUES	(123,0,'ALBERT_HEIJN',123);
INSERT INTO GeoLocation(geo_id,lat,lng) VALUES (124,52.502846,5.461932);
INSERT INTO Address (address_id,street,house_number,postal_code,city_id,geo_id) VALUES (124,'Botter','4431','8243 JE',(select city_id from City where city_name='LELYSTAD'),124);
INSERT INTO Atm(atm_id,distance,atm_type,address_id) VALUES	(124,0,'ING',124);
INSERT INTO GeoLocation(geo_id,lat,lng) VALUES (125,52.022258,5.027716);
INSERT INTO Address (address_id,street,house_number,postal_code,city_id,geo_id) VALUES (125,'De Biezen','4','3401 GD',(select city_id from City where city_name='IJSSELSTEIN'),125);
INSERT INTO Atm(atm_id,distance,atm_type,address_id) VALUES	(125,0,'ING',125);
INSERT INTO GeoLocation(geo_id,lat,lng) VALUES (126,51.682694,5.130607);
INSERT INTO Address (address_id,street,house_number,postal_code,city_id,geo_id) VALUES (126,'Torenstraat','43','5151 JK',(select city_id from City where city_name='DRUNEN'),126);
INSERT INTO Atm(atm_id,distance,atm_type,address_id) VALUES	(126,0,'ALBERT_HEIJN',126);
INSERT INTO GeoLocation(geo_id,lat,lng) VALUES (127,52.379617,4.893688);
INSERT INTO Address (address_id,street,house_number,postal_code,city_id,geo_id) VALUES (127,'Haarlemmerstraat','18','1013 ER',(select city_id from City where city_name='AMSTERDAM'),127);
INSERT INTO Atm(atm_id,distance,atm_type,address_id) VALUES	(127,0,'ING',127);
INSERT INTO GeoLocation(geo_id,lat,lng) VALUES (128,51.909218,4.35143);
INSERT INTO Address (address_id,street,house_number,postal_code,city_id,geo_id) VALUES (128,'Verploegh Chasseplein','1','3134 BZ',(select city_id from City where city_name='VLAARDINGEN'),128);
INSERT INTO Atm(atm_id,distance,atm_type,address_id) VALUES	(128,0,'ING',128);
INSERT INTO GeoLocation(geo_id,lat,lng) VALUES (129,51.934061,4.269167);
INSERT INTO Address (address_id,street,house_number,postal_code,city_id,geo_id) VALUES (129,'Huis te Veldelaan','2','3155 SE',(select city_id from City where city_name='MAASLAND'),129);
INSERT INTO Atm(atm_id,distance,atm_type,address_id) VALUES	(129,0,'ALBERT_HEIJN',129);
INSERT INTO GeoLocation(geo_id,lat,lng) VALUES (130,51.805226,4.6633);
INSERT INTO Address (address_id,street,house_number,postal_code,city_id,geo_id) VALUES (130,'Krispijnseweg','39','3314 KA',(select city_id from City where city_name='DORDRECHT'),130);
INSERT INTO Atm(atm_id,distance,atm_type,address_id) VALUES	(130,0,'ING',130);
INSERT INTO GeoLocation(geo_id,lat,lng) VALUES (131,52.0130434,4.3364059);
INSERT INTO Address (address_id,street,house_number,postal_code,city_id,geo_id) VALUES (131,'Van Foreestweg','16-20','2614 CJ',(select city_id from City where city_name='DELFT'),131);
INSERT INTO Atm(atm_id,distance,atm_type,address_id) VALUES	(131,0,'ING',131);
INSERT INTO GeoLocation(geo_id,lat,lng) VALUES (132,51.492794,4.300025);
INSERT INTO Address (address_id,street,house_number,postal_code,city_id,geo_id) VALUES (132,'Piusplein','20','4621 EN',(select city_id from City where city_name='BERGEN OP ZOOM'),132);
INSERT INTO Atm(atm_id,distance,atm_type,address_id) VALUES	(132,0,'ING',132);
INSERT INTO GeoLocation(geo_id,lat,lng) VALUES (133,52.533678,6.05504);
INSERT INTO Address (address_id,street,house_number,postal_code,city_id,geo_id) VALUES (133,'Wade','10','8043 LS',(select city_id from City where city_name='ZWOLLE'),133);
INSERT INTO Atm(atm_id,distance,atm_type,address_id) VALUES	(133,0,'ALBERT_HEIJN',133);
INSERT INTO GeoLocation(geo_id,lat,lng) VALUES (134,51.560831,5.053539);
INSERT INTO Address (address_id,street,house_number,postal_code,city_id,geo_id) VALUES (134,'Professor de Moorplein','124','5037 DN',(select city_id from City where city_name='TILBURG'),134);
INSERT INTO Atm(atm_id,distance,atm_type,address_id) VALUES	(134,0,'ALBERT_HEIJN',134);
INSERT INTO GeoLocation(geo_id,lat,lng) VALUES (135,52.30309,4.949187);
INSERT INTO Address (address_id,street,house_number,postal_code,city_id,geo_id) VALUES (135,'Hullenbergweg','2','1101 BL',(select city_id from City where city_name='AMSTERDAM-ZUIDOOST'),135);
INSERT INTO Atm(atm_id,distance,atm_type,address_id) VALUES	(135,0,'ING',135);
INSERT INTO GeoLocation(geo_id,lat,lng) VALUES (136,51.948285,6.020636);
INSERT INTO Address (address_id,street,house_number,postal_code,city_id,geo_id) VALUES (136,'Thuvinestraat','33','6921 BB',(select city_id from City where city_name='DUIVEN'),136);
INSERT INTO Atm(atm_id,distance,atm_type,address_id) VALUES	(136,0,'ALBERT_HEIJN',136);
INSERT INTO GeoLocation(geo_id,lat,lng) VALUES (137,50.849932,5.68767);
INSERT INTO Address (address_id,street,house_number,postal_code,city_id,geo_id) VALUES (137,'Vrijthof','45','6211 LE',(select city_id from City where city_name='MAASTRICHT'),137);
INSERT INTO Atm(atm_id,distance,atm_type,address_id) VALUES	(137,0,'ING',137);
INSERT INTO GeoLocation(geo_id,lat,lng) VALUES (138,51.419883,5.491841);
INSERT INTO Address (address_id,street,house_number,postal_code,city_id,geo_id) VALUES (138,'Roostenlaan','112','5644 GJ',(select city_id from City where city_name='EINDHOVEN'),138);
INSERT INTO Atm(atm_id,distance,atm_type,address_id) VALUES	(138,0,'ALBERT_HEIJN',138);
INSERT INTO GeoLocation(geo_id,lat,lng) VALUES (139,51.490004,4.292977);
INSERT INTO Address (address_id,street,house_number,postal_code,city_id,geo_id) VALUES (139,'Peter Vineloolaan','48','4611 AN',(select city_id from City where city_name='BERGEN OP ZOOM'),139);
INSERT INTO Atm(atm_id,distance,atm_type,address_id) VALUES	(139,0,'ING',139);
INSERT INTO GeoLocation(geo_id,lat,lng) VALUES (140,51.103083,5.86593);
INSERT INTO Address (address_id,street,house_number,postal_code,city_id,geo_id) VALUES (140,'Bovenstestraat','86','6101 EL',(select city_id from City where city_name='ECHT'),140);
INSERT INTO Atm(atm_id,distance,atm_type,address_id) VALUES	(140,0,'ING',140);
INSERT INTO GeoLocation(geo_id,lat,lng) VALUES (141,51.435294,5.451358);
INSERT INTO Address (address_id,street,house_number,postal_code,city_id,geo_id) VALUES (141,'Limburglaan','2','5652 AA',(select city_id from City where city_name='EINDHOVEN'),141);
INSERT INTO Atm(atm_id,distance,atm_type,address_id) VALUES	(141,0,'ALBERT_HEIJN',141);
INSERT INTO GeoLocation(geo_id,lat,lng) VALUES (142,52.359121,4.804182);
INSERT INTO Address (address_id,street,house_number,postal_code,city_id,geo_id) VALUES (142,'Osdorpplein','371','1068 EV',(select city_id from City where city_name='AMSTERDAM'),142);
INSERT INTO Atm(atm_id,distance,atm_type,address_id) VALUES	(142,0,'ING',142);
INSERT INTO GeoLocation(geo_id,lat,lng) VALUES (143,51.907414,4.402024);
INSERT INTO Address (address_id,street,house_number,postal_code,city_id,geo_id) VALUES (143,'Hagastraat','1','3114 NC',(select city_id from City where city_name='SCHIEDAM'),143);
INSERT INTO Atm(atm_id,distance,atm_type,address_id) VALUES	(143,0,'ALBERT_HEIJN',143);
INSERT INTO GeoLocation(geo_id,lat,lng) VALUES (144,51.036001,5.777912);
INSERT INTO Address (address_id,street,house_number,postal_code,city_id,geo_id) VALUES (144,'Houtstraat','67','6127 EC',(select city_id from City where city_name='GREVENBICHT'),144);
INSERT INTO Atm(atm_id,distance,atm_type,address_id) VALUES	(144,0,'ALBERT_HEIJN',144);
INSERT INTO GeoLocation(geo_id,lat,lng) VALUES (145,51.854636,4.316897);
INSERT INTO Address (address_id,street,house_number,postal_code,city_id,geo_id) VALUES (145,'''t Plateau','14','3202 GM',(select city_id from City where city_name='SPIJKENISSE'),145);
INSERT INTO Atm(atm_id,distance,atm_type,address_id) VALUES	(145,0,'ING',145);
INSERT INTO GeoLocation(geo_id,lat,lng) VALUES (146,52.056486,4.469115);
INSERT INTO Address (address_id,street,house_number,postal_code,city_id,geo_id) VALUES (146,'Middelwaard','93','2716 CW',(select city_id from City where city_name='ZOETERMEER'),146);
INSERT INTO Atm(atm_id,distance,atm_type,address_id) VALUES	(146,0,'ALBERT_HEIJN',146);
INSERT INTO GeoLocation(geo_id,lat,lng) VALUES (147,52.797847,6.895133);
INSERT INTO Address (address_id,street,house_number,postal_code,city_id,geo_id) VALUES (147,'Middenhaag','5','7815 LB',(select city_id from City where city_name='EMMEN'),147);
INSERT INTO Atm(atm_id,distance,atm_type,address_id) VALUES	(147,0,'ING',147);
INSERT INTO GeoLocation(geo_id,lat,lng) VALUES (148,50.997611,5.86702);
INSERT INTO Address (address_id,street,house_number,postal_code,city_id,geo_id) VALUES (148,'Walstraat','71','6131 CV',(select city_id from City where city_name='SITTARD'),148);
INSERT INTO Atm(atm_id,distance,atm_type,address_id) VALUES	(148,0,'ALBERT_HEIJN',148);
INSERT INTO GeoLocation(geo_id,lat,lng) VALUES (149,52.378374,4.662188);
INSERT INTO Address (address_id,street,house_number,postal_code,city_id,geo_id) VALUES (149,'Prinses Beatrixplein','37','2033 WC',(select city_id from City where city_name='HAARLEM'),149);
INSERT INTO Atm(atm_id,distance,atm_type,address_id) VALUES	(149,0,'ING',149);
INSERT INTO GeoLocation(geo_id,lat,lng) VALUES (150,52.87429,7.060515);
INSERT INTO Address (address_id,street,house_number,postal_code,city_id,geo_id) VALUES (150,'Hoofdstraat','52','9561 JC',(select city_id from City where city_name='TER APEL'),150);
INSERT INTO Atm(atm_id,distance,atm_type,address_id) VALUES	(150,0,'ING',150);
INSERT INTO GeoLocation(geo_id,lat,lng) VALUES (151,53.244257,6.409452);
INSERT INTO Address (address_id,street,house_number,postal_code,city_id,geo_id) VALUES (151,'Burgemeester Kruisingalaan','5','9801 BH',(select city_id from City where city_name='ZUIDHORN'),151);
INSERT INTO Atm(atm_id,distance,atm_type,address_id) VALUES	(151,0,'ALBERT_HEIJN',151);
INSERT INTO GeoLocation(geo_id,lat,lng) VALUES (152,52.460357,4.625722);
INSERT INTO Address (address_id,street,house_number,postal_code,city_id,geo_id) VALUES (152,'Plein 1945','46','1971 GC',(select city_id from City where city_name='IJMUIDEN'),152);
INSERT INTO Atm(atm_id,distance,atm_type,address_id) VALUES	(152,0,'ING',152);
INSERT INTO GeoLocation(geo_id,lat,lng) VALUES (153,51.495075,5.667795);
INSERT INTO Address (address_id,street,house_number,postal_code,city_id,geo_id) VALUES (153,'Nieuwveld','13','5702 HW',(select city_id from City where city_name='HELMOND'),153);
INSERT INTO Atm(atm_id,distance,atm_type,address_id) VALUES	(153,0,'ING',153);
INSERT INTO GeoLocation(geo_id,lat,lng) VALUES (154,53.219319,6.56671);
INSERT INTO Address (address_id,street,house_number,postal_code,city_id,geo_id) VALUES (154,'Oude Ebbingestraat','12','9712 HJ',(select city_id from City where city_name='GRONINGEN'),154);
INSERT INTO Atm(atm_id,distance,atm_type,address_id) VALUES	(154,0,'ING',154);
INSERT INTO GeoLocation(geo_id,lat,lng) VALUES (155,52.49263,4.692332);
INSERT INTO Address (address_id,street,house_number,postal_code,city_id,geo_id) VALUES (155,'Gildenplein','6','1967 KL',(select city_id from City where city_name='HEEMSKERK'),155);
INSERT INTO Atm(atm_id,distance,atm_type,address_id) VALUES	(155,0,'ING',155);
INSERT INTO GeoLocation(geo_id,lat,lng) VALUES (156,52.144043,5.380567);
INSERT INTO Address (address_id,street,house_number,postal_code,city_id,geo_id) VALUES (156,'Leusderweg','79','3818 AA',(select city_id from City where city_name='AMERSFOORT'),156);
INSERT INTO Atm(atm_id,distance,atm_type,address_id) VALUES	(156,0,'ALBERT_HEIJN',156);
INSERT INTO GeoLocation(geo_id,lat,lng) VALUES (157,51.918592,4.398644);
INSERT INTO Address (address_id,street,house_number,postal_code,city_id,geo_id) VALUES (157,'Grote Markt','98','3011 PA',(select city_id from City where city_name='ROTTERDAM'),157);
INSERT INTO Atm(atm_id,distance,atm_type,address_id) VALUES	(157,0,'ALBERT_HEIJN',157);
INSERT INTO GeoLocation(geo_id,lat,lng) VALUES (158,52.018023,5.541612);
INSERT INTO Address (address_id,street,house_number,postal_code,city_id,geo_id) VALUES (158,'Doctor Slotemaker de Bruneplein','31','3904 CX',(select city_id from City where city_name='VEENENDAAL'),158);
INSERT INTO Atm(atm_id,distance,atm_type,address_id) VALUES	(158,0,'ING',158);
INSERT INTO GeoLocation(geo_id,lat,lng) VALUES (159,52.109956,5.181112);
INSERT INTO Address (address_id,street,house_number,postal_code,city_id,geo_id) VALUES (159,'Hessenweg','133','3731 JG',(select city_id from City where city_name='DE BILT'),159);
INSERT INTO Atm(atm_id,distance,atm_type,address_id) VALUES	(159,0,'ING',159);
INSERT INTO GeoLocation(geo_id,lat,lng) VALUES (160,52.066036,4.281748);
INSERT INTO Address (address_id,street,house_number,postal_code,city_id,geo_id) VALUES (160,'Apeldoornselaan','266','2573 LW',(select city_id from City where city_name='DEN HAAG'),160);
INSERT INTO Atm(atm_id,distance,atm_type,address_id) VALUES	(160,0,'ALBERT_HEIJN',160);
INSERT INTO GeoLocation(geo_id,lat,lng) VALUES (161,51.44104,5.477001);
INSERT INTO Address (address_id,street,house_number,postal_code,city_id,geo_id) VALUES (161,'Demer','1','5611 AN',(select city_id from City where city_name='EINDHOVEN'),161);
INSERT INTO Atm(atm_id,distance,atm_type,address_id) VALUES	(161,0,'ING',161);
INSERT INTO GeoLocation(geo_id,lat,lng) VALUES (162,52.074983,5.093524);
INSERT INTO Address (address_id,street,house_number,postal_code,city_id,geo_id) VALUES (162,'Hammarskjoldhof','2','3527 HE',(select city_id from City where city_name='UTRECHT'),162);
INSERT INTO Atm(atm_id,distance,atm_type,address_id) VALUES	(162,0,'ING',162);
INSERT INTO GeoLocation(geo_id,lat,lng) VALUES (163,51.584471,5.085618);
INSERT INTO Address (address_id,street,house_number,postal_code,city_id,geo_id) VALUES (163,'Wagnerplein','52','5011 LR',(select city_id from City where city_name='TILBURG'),163);
INSERT INTO Atm(atm_id,distance,atm_type,address_id) VALUES	(163,0,'ALBERT_HEIJN',163);
INSERT INTO GeoLocation(geo_id,lat,lng) VALUES (164,52.237674,6.10348);
INSERT INTO Address (address_id,street,house_number,postal_code,city_id,geo_id) VALUES (164,'Dorpsstraat','28','7391 DE',(select city_id from City where city_name='TWELLO'),164);
INSERT INTO Atm(atm_id,distance,atm_type,address_id) VALUES	(164,0,'ALBERT_HEIJN',164);
INSERT INTO GeoLocation(geo_id,lat,lng) VALUES (165,51.380288,5.578983);
INSERT INTO Address (address_id,street,house_number,postal_code,city_id,geo_id) VALUES (165,'Kapelstraat','69','5591 HD',(select city_id from City where city_name='HEEZE'),165);
INSERT INTO Atm(atm_id,distance,atm_type,address_id) VALUES	(165,0,'ALBERT_HEIJN',165);
INSERT INTO GeoLocation(geo_id,lat,lng) VALUES (166,52.376297,4.897236);
INSERT INTO Address (address_id,street,house_number,postal_code,city_id,geo_id) VALUES (166,'Damrak','13-15','1012 LH',(select city_id from City where city_name='AMSTERDAM'),166);
INSERT INTO Atm(atm_id,distance,atm_type,address_id) VALUES	(166,0,'ING',166);
INSERT INTO GeoLocation(geo_id,lat,lng) VALUES (167,51.440238,5.479862);
INSERT INTO Address (address_id,street,house_number,postal_code,city_id,geo_id) VALUES (167,'Nieuwstraat','1-5','5611 DA',(select city_id from City where city_name='EINDHOVEN'),167);
INSERT INTO Atm(atm_id,distance,atm_type,address_id) VALUES	(167,0,'ING',167);
INSERT INTO GeoLocation(geo_id,lat,lng) VALUES (168,53.3320322,6.7432953);
INSERT INTO Address (address_id,street,house_number,postal_code,city_id,geo_id) VALUES (168,'Pastoriepad','1','9919 AP',(select city_id from City where city_name='LOPPERSUM'),168);
INSERT INTO Atm(atm_id,distance,atm_type,address_id) VALUES	(168,0,'ALBERT_HEIJN',168);
INSERT INTO GeoLocation(geo_id,lat,lng) VALUES (169,51.963887,6.292702);
INSERT INTO Address (address_id,street,house_number,postal_code,city_id,geo_id) VALUES (169,'Raadhuisstraat','6','7001 EW',(select city_id from City where city_name='DOETINCHEM'),169);
INSERT INTO Atm(atm_id,distance,atm_type,address_id) VALUES	(169,0,'ING',169);
INSERT INTO GeoLocation(geo_id,lat,lng) VALUES (170,52.239195,6.893078);
INSERT INTO Address (address_id,street,house_number,postal_code,city_id,geo_id) VALUES (170,'Rijnstraat','20','7523 GG',(select city_id from City where city_name='ENSCHEDE'),170);
INSERT INTO Atm(atm_id,distance,atm_type,address_id) VALUES	(170,0,'ALBERT_HEIJN',170);
INSERT INTO GeoLocation(geo_id,lat,lng) VALUES (171,52.4401,4.823603);
INSERT INTO Address (address_id,street,house_number,postal_code,city_id,geo_id) VALUES (171,'Westzijde','2','1506 EE',(select city_id from City where city_name='ZAANDAM'),171);
INSERT INTO Atm(atm_id,distance,atm_type,address_id) VALUES	(171,0,'ING',171);
INSERT INTO GeoLocation(geo_id,lat,lng) VALUES (172,52.371839,5.216596);
INSERT INTO Address (address_id,street,house_number,postal_code,city_id,geo_id) VALUES (172,'Koopmanstraat','12','1315 HE',(select city_id from City where city_name='ALMERE'),172);
INSERT INTO Atm(atm_id,distance,atm_type,address_id) VALUES	(172,0,'ING',172);
INSERT INTO GeoLocation(geo_id,lat,lng) VALUES (173,51.822467,4.65149);
INSERT INTO Address (address_id,street,house_number,postal_code,city_id,geo_id) VALUES (173,'Hof van Holland','110','3332 EH',(select city_id from City where city_name='ZWIJNDRECHT'),173);
INSERT INTO Atm(atm_id,distance,atm_type,address_id) VALUES	(173,0,'ING',173);
INSERT INTO GeoLocation(geo_id,lat,lng) VALUES (174,51.879681,6.259098);
INSERT INTO Address (address_id,street,house_number,postal_code,city_id,geo_id) VALUES (174,'De Bongerd','16','7041 GL',(select city_id from City where city_name='''S-HEERENBERG'),174);
INSERT INTO Atm(atm_id,distance,atm_type,address_id) VALUES	(174,0,'ALBERT_HEIJN',174);
INSERT INTO GeoLocation(geo_id,lat,lng) VALUES (175,53.323176,6.008624);
INSERT INTO Address (address_id,street,house_number,postal_code,city_id,geo_id) VALUES (175,'Koophandel','7','9101 WZ',(select city_id from City where city_name='DOKKUM'),175);
INSERT INTO Atm(atm_id,distance,atm_type,address_id) VALUES	(175,0,'ALBERT_HEIJN',175);
INSERT INTO GeoLocation(geo_id,lat,lng) VALUES (176,52.703413,5.290503);
INSERT INTO Address (address_id,street,house_number,postal_code,city_id,geo_id) VALUES (176,'Venedie','3','1601 HA',(select city_id from City where city_name='ENKHUIZEN'),176);
INSERT INTO Atm(atm_id,distance,atm_type,address_id) VALUES	(176,0,'ING',176);
INSERT INTO GeoLocation(geo_id,lat,lng) VALUES (177,52.444086,4.836927);
INSERT INTO Address (address_id,street,house_number,postal_code,city_id,geo_id) VALUES (177,'Vrieschgroenstraat','5','1503 MC',(select city_id from City where city_name='ZAANDAM'),177);
INSERT INTO Atm(atm_id,distance,atm_type,address_id) VALUES	(177,0,'ALBERT_HEIJN',177);
INSERT INTO GeoLocation(geo_id,lat,lng) VALUES (178,52.357138,4.891707);
INSERT INTO Address (address_id,street,house_number,postal_code,city_id,geo_id) VALUES (178,'Marie Heinekenplein','28','1072 MH',(select city_id from City where city_name='AMSTERDAM'),178);
INSERT INTO Atm(atm_id,distance,atm_type,address_id) VALUES	(178,0,'ING',178);
INSERT INTO GeoLocation(geo_id,lat,lng) VALUES (179,51.917611,4.418622);
INSERT INTO Address (address_id,street,house_number,postal_code,city_id,geo_id) VALUES (179,'Franselaan','273-275','3028 AC',(select city_id from City where city_name='ROTTERDAM'),179);
INSERT INTO Atm(atm_id,distance,atm_type,address_id) VALUES	(179,0,'ING',179);
INSERT INTO GeoLocation(geo_id,lat,lng) VALUES (180,51.589597,4.82144);
INSERT INTO Address (address_id,street,house_number,postal_code,city_id,geo_id) VALUES (180,'Bisschopshoeve','30','4817 PV',(select city_id from City where city_name='BREDA'),180);
INSERT INTO Atm(atm_id,distance,atm_type,address_id) VALUES	(180,0,'ALBERT_HEIJN',180);
INSERT INTO GeoLocation(geo_id,lat,lng) VALUES (181,51.196217,5.99485);
INSERT INTO Address (address_id,street,house_number,postal_code,city_id,geo_id) VALUES (181,'Godsweerdersingel','74','6041 GM',(select city_id from City where city_name='ROERMOND'),181);
INSERT INTO Atm(atm_id,distance,atm_type,address_id) VALUES	(181,0,'ALBERT_HEIJN',181);
INSERT INTO GeoLocation(geo_id,lat,lng) VALUES (182,52.6943598,5.1770607);
INSERT INTO Address (address_id,street,house_number,postal_code,city_id,geo_id) VALUES (182,'Streekweg','210','1616 AN',(select city_id from City where city_name='HOOGKARSPEL'),182);
INSERT INTO Atm(atm_id,distance,atm_type,address_id) VALUES	(182,0,'ALBERT_HEIJN',182);
INSERT INTO GeoLocation(geo_id,lat,lng) VALUES (183,53.13239,6.565486);
INSERT INTO Address (address_id,street,house_number,postal_code,city_id,geo_id) VALUES (183,'Hoofdweg','71A','9761 EB',(select city_id from City where city_name='EELDE'),183);
INSERT INTO Atm(atm_id,distance,atm_type,address_id) VALUES	(183,0,'ING',183);
INSERT INTO GeoLocation(geo_id,lat,lng) VALUES (184,51.613331,4.723688);
INSERT INTO Address (address_id,street,house_number,postal_code,city_id,geo_id) VALUES (184,'Kesterenlaan','150','4822 WK',(select city_id from City where city_name='BREDA'),184);
INSERT INTO Atm(atm_id,distance,atm_type,address_id) VALUES	(184,0,'ALBERT_HEIJN',184);
INSERT INTO GeoLocation(geo_id,lat,lng) VALUES (185,52.306973,4.638627);
INSERT INTO Address (address_id,street,house_number,postal_code,city_id,geo_id) VALUES (185,'Genderenplein','13','2134 DP',(select city_id from City where city_name='HOOFDDORP'),185);
INSERT INTO Atm(atm_id,distance,atm_type,address_id) VALUES	(185,0,'ALBERT_HEIJN',185);
INSERT INTO GeoLocation(geo_id,lat,lng) VALUES (186,51.838947,4.63607);
INSERT INTO Address (address_id,street,house_number,postal_code,city_id,geo_id) VALUES (186,'Louwersplein','39','3343 RC',(select city_id from City where city_name='HENDRIK-IDO-AMBACHT'),186);
INSERT INTO Atm(atm_id,distance,atm_type,address_id) VALUES	(186,0,'ING',186);
INSERT INTO GeoLocation(geo_id,lat,lng) VALUES (187,51.643722,4.604898);
INSERT INTO Address (address_id,street,house_number,postal_code,city_id,geo_id) VALUES (187,'Molenstraat','17','4761 CJ',(select city_id from City where city_name='ZEVENBERGEN'),187);
INSERT INTO Atm(atm_id,distance,atm_type,address_id) VALUES	(187,0,'ALBERT_HEIJN',187);
INSERT INTO GeoLocation(geo_id,lat,lng) VALUES (188,52.155064,5.386046);
INSERT INTO Address (address_id,street,house_number,postal_code,city_id,geo_id) VALUES (188,'Hellestraat','25','3811 LK',(select city_id from City where city_name='AMERSFOORT'),188);
INSERT INTO Atm(atm_id,distance,atm_type,address_id) VALUES	(188,0,'ALBERT_HEIJN',188);
INSERT INTO GeoLocation(geo_id,lat,lng) VALUES (189,52.352123,4.799517);
INSERT INTO Address (address_id,street,house_number,postal_code,city_id,geo_id) VALUES (189,'Pieter Calandlaan','212A','1069 LA',(select city_id from City where city_name='AMSTERDAM'),189);
INSERT INTO Atm(atm_id,distance,atm_type,address_id) VALUES	(189,0,'ALBERT_HEIJN',189);
INSERT INTO GeoLocation(geo_id,lat,lng) VALUES (190,53.197951,6.579149);
INSERT INTO Address (address_id,street,house_number,postal_code,city_id,geo_id) VALUES (190,'Helperplein','11','9721 CX',(select city_id from City where city_name='GRONINGEN'),190);
INSERT INTO Atm(atm_id,distance,atm_type,address_id) VALUES	(190,0,'ING',190);
INSERT INTO GeoLocation(geo_id,lat,lng) VALUES (191,51.687965,5.307134);
INSERT INTO Address (address_id,street,house_number,postal_code,city_id,geo_id) VALUES (191,'Kerkstraat','62','5211 KH',(select city_id from City where city_name='DEN BOSCH'),191);
INSERT INTO Atm(atm_id,distance,atm_type,address_id) VALUES	(191,0,'ING',191);
INSERT INTO GeoLocation(geo_id,lat,lng) VALUES (192,52.047207,4.951441);
INSERT INTO Address (address_id,street,house_number,postal_code,city_id,geo_id) VALUES (192,'Boslaan','40','3417 AB',(select city_id from City where city_name='MONTFOORT'),192);
INSERT INTO Atm(atm_id,distance,atm_type,address_id) VALUES	(192,0,'ALBERT_HEIJN',192);
INSERT INTO GeoLocation(geo_id,lat,lng) VALUES (193,51.830581,4.144458);
INSERT INTO Address (address_id,street,house_number,postal_code,city_id,geo_id) VALUES (193,'Struytse Hoeck','91','3224 HA',(select city_id from City where city_name='HELLEVOETSLUIS'),193);
INSERT INTO Atm(atm_id,distance,atm_type,address_id) VALUES	(193,0,'ALBERT_HEIJN',193);
INSERT INTO GeoLocation(geo_id,lat,lng) VALUES (194,51.833052,4.320093);
INSERT INTO Address (address_id,street,house_number,postal_code,city_id,geo_id) VALUES (194,'Winterakker','18-20','3206 TG',(select city_id from City where city_name='SPIJKENISSE'),194);
INSERT INTO Atm(atm_id,distance,atm_type,address_id) VALUES	(194,0,'ING',194);
INSERT INTO GeoLocation(geo_id,lat,lng) VALUES (195,51.158239,6.015623);
INSERT INTO Address (address_id,street,house_number,postal_code,city_id,geo_id) VALUES (195,'Markt','26','6074 BB',(select city_id from City where city_name='MELICK'),195);
INSERT INTO Atm(atm_id,distance,atm_type,address_id) VALUES	(195,0,'ALBERT_HEIJN',195);
INSERT INTO GeoLocation(geo_id,lat,lng) VALUES (196,52.247845,5.367239);
INSERT INTO Address (address_id,street,house_number,postal_code,city_id,geo_id) VALUES (196,'Anthon van der Horstlaan','2','3752 VN',(select city_id from City where city_name='BUNSCHOTEN-SPAKENBURG'),196);
INSERT INTO Atm(atm_id,distance,atm_type,address_id) VALUES	(196,0,'ALBERT_HEIJN',196);
INSERT INTO GeoLocation(geo_id,lat,lng) VALUES (197,53.230268,6.617586);
INSERT INTO Address (address_id,street,house_number,postal_code,city_id,geo_id) VALUES (197,'Rijksweg','129A','9731 AH',(select city_id from City where city_name='GRONINGEN'),197);
INSERT INTO Atm(atm_id,distance,atm_type,address_id) VALUES	(197,0,'ALBERT_HEIJN',197);
INSERT INTO GeoLocation(geo_id,lat,lng) VALUES (198,52.143324,5.045488);
INSERT INTO Address (address_id,street,house_number,postal_code,city_id,geo_id) VALUES (198,'Doctor Plesmanlaan','138','3601 DE',(select city_id from City where city_name='MAARSSEN'),198);
INSERT INTO Atm(atm_id,distance,atm_type,address_id) VALUES	(198,0,'ALBERT_HEIJN',198);
INSERT INTO GeoLocation(geo_id,lat,lng) VALUES (199,51.87006,4.598854);
INSERT INTO Address (address_id,street,house_number,postal_code,city_id,geo_id) VALUES (199,'Ridderhof','25','2981 ET',(select city_id from City where city_name='RIDDERKERK'),199);
INSERT INTO Atm(atm_id,distance,atm_type,address_id) VALUES	(199,0,'ALBERT_HEIJN',199);
INSERT INTO GeoLocation(geo_id,lat,lng) VALUES (200,51.627618,4.858277);
INSERT INTO Address (address_id,street,house_number,postal_code,city_id,geo_id) VALUES (200,'Zuiderhout','103','4904 AW',(select city_id from City where city_name='OOSTERHOUT'),200);
INSERT INTO Atm(atm_id,distance,atm_type,address_id) VALUES	(200,0,'ALBERT_HEIJN',200);
INSERT INTO GeoLocation(geo_id,lat,lng) VALUES (201,52.186095,4.470051);
INSERT INTO Address (address_id,street,house_number,postal_code,city_id,geo_id) VALUES (201,'Lange Voort','15','2343 CA',(select city_id from City where city_name='OEGSTGEEST'),201);
INSERT INTO Atm(atm_id,distance,atm_type,address_id) VALUES	(201,0,'ING',201);
INSERT INTO GeoLocation(geo_id,lat,lng) VALUES (202,53.213203,6.274193);
INSERT INTO Address (address_id,street,house_number,postal_code,city_id,geo_id) VALUES (202,'Hoofdstraat','135','9861 AD',(select city_id from City where city_name='GROOTEGAST'),202);
INSERT INTO Atm(atm_id,distance,atm_type,address_id) VALUES	(202,0,'ALBERT_HEIJN',202);
INSERT INTO GeoLocation(geo_id,lat,lng) VALUES (203,52.066437,5.121147);
INSERT INTO Address (address_id,street,house_number,postal_code,city_id,geo_id) VALUES (203,'''t Goylaan','66G','3525 AH',(select city_id from City where city_name='UTRECHT'),203);
INSERT INTO Atm(atm_id,distance,atm_type,address_id) VALUES	(203,0,'ALBERT_HEIJN',203);
INSERT INTO GeoLocation(geo_id,lat,lng) VALUES (204,51.416877,5.574147);
INSERT INTO Address (address_id,street,house_number,postal_code,city_id,geo_id) VALUES (204,'Winkelcentrum Coevering','9-11','5665 GA',(select city_id from City where city_name='GELDROP'),204);
INSERT INTO Atm(atm_id,distance,atm_type,address_id) VALUES	(204,0,'ING',204);
INSERT INTO GeoLocation(geo_id,lat,lng) VALUES (205,51.83324,4.318928);
INSERT INTO Address (address_id,street,house_number,postal_code,city_id,geo_id) VALUES (205,'Zomerakker','105','3206 TL',(select city_id from City where city_name='SPIJKENISSE'),205);
INSERT INTO Atm(atm_id,distance,atm_type,address_id) VALUES	(205,0,'ALBERT_HEIJN',205);
INSERT INTO GeoLocation(geo_id,lat,lng) VALUES (206,52.320698,4.59961);
INSERT INTO Address (address_id,street,house_number,postal_code,city_id,geo_id) VALUES (206,'Schoollaan','23','2121 GC',(select city_id from City where city_name='BENNEBROEK'),206);
INSERT INTO Atm(atm_id,distance,atm_type,address_id) VALUES	(206,0,'ALBERT_HEIJN',206);
INSERT INTO GeoLocation(geo_id,lat,lng) VALUES (207,52.654265,4.758438);
INSERT INTO Address (address_id,street,house_number,postal_code,city_id,geo_id) VALUES (207,'Europaboulevard','5-7','1825 RA',(select city_id from City where city_name='ALKMAAR'),207);
INSERT INTO Atm(atm_id,distance,atm_type,address_id) VALUES	(207,0,'ING',207);
INSERT INTO GeoLocation(geo_id,lat,lng) VALUES (208,51.358677,6.181815);
INSERT INTO Address (address_id,street,house_number,postal_code,city_id,geo_id) VALUES (208,'Maagdenbergplein','15','5915 CW',(select city_id from City where city_name='VENLO'),208);
INSERT INTO Atm(atm_id,distance,atm_type,address_id) VALUES	(208,0,'ALBERT_HEIJN',208);
INSERT INTO GeoLocation(geo_id,lat,lng) VALUES (209,52.264476,4.632103);
INSERT INTO Address (address_id,street,house_number,postal_code,city_id,geo_id) VALUES (209,'De Symfonie','51','2151 ME',(select city_id from City where city_name='NIEUW-VENNEP'),209);
INSERT INTO Atm(atm_id,distance,atm_type,address_id) VALUES	(209,0,'ING',209);
INSERT INTO GeoLocation(geo_id,lat,lng) VALUES (210,52.156322,4.497072);
INSERT INTO Address (address_id,street,house_number,postal_code,city_id,geo_id) VALUES (210,'Nieuwe Rijn','83','2312 JK',(select city_id from City where city_name='LEIDEN'),210);
INSERT INTO Atm(atm_id,distance,atm_type,address_id) VALUES	(210,0,'ING',210);
INSERT INTO GeoLocation(geo_id,lat,lng) VALUES (211,53.173118,6.603506);
INSERT INTO Address (address_id,street,house_number,postal_code,city_id,geo_id) VALUES (211,'Rijksstraatweg','156','9752 BN',(select city_id from City where city_name='HAREN'),211);
INSERT INTO Atm(atm_id,distance,atm_type,address_id) VALUES	(211,0,'ING',211);
INSERT INTO GeoLocation(geo_id,lat,lng) VALUES (212,53.219891,6.566965);
INSERT INTO Address (address_id,street,house_number,postal_code,city_id,geo_id) VALUES (212,'Oude Ebbingestraat','19','9712 HA',(select city_id from City where city_name='GRONINGEN'),212);
INSERT INTO Atm(atm_id,distance,atm_type,address_id) VALUES	(212,0,'ALBERT_HEIJN',212);
INSERT INTO GeoLocation(geo_id,lat,lng) VALUES (213,52.264178,5.044943);
INSERT INTO Address (address_id,street,house_number,postal_code,city_id,geo_id) VALUES (213,'Voorstraat','10','1394 CS',(select city_id from City where city_name='NEDERHORST DEN BERG'),213);
INSERT INTO Atm(atm_id,distance,atm_type,address_id) VALUES	(213,0,'ALBERT_HEIJN',213);
INSERT INTO GeoLocation(geo_id,lat,lng) VALUES (214,52.126107,6.244304);
INSERT INTO Address (address_id,street,house_number,postal_code,city_id,geo_id) VALUES (214,'Rudolf Steinerlaan','51','7207 PV',(select city_id from City where city_name='ZUTPHEN'),214);
INSERT INTO Atm(atm_id,distance,atm_type,address_id) VALUES	(214,0,'ING',214);
INSERT INTO GeoLocation(geo_id,lat,lng) VALUES (215,52.120607,5.110208);
INSERT INTO Address (address_id,street,house_number,postal_code,city_id,geo_id) VALUES (215,'Zambesidreef','161','3564 CB',(select city_id from City where city_name='UTRECHT'),215);
INSERT INTO Atm(atm_id,distance,atm_type,address_id) VALUES	(215,0,'ING',215);
INSERT INTO GeoLocation(geo_id,lat,lng) VALUES (216,52.171125,5.0038);
INSERT INTO Address (address_id,street,house_number,postal_code,city_id,geo_id) VALUES (216,'Markt','10','3621 AB',(select city_id from City where city_name='BREUKELEN'),216);
INSERT INTO Atm(atm_id,distance,atm_type,address_id) VALUES	(216,0,'ALBERT_HEIJN',216);
INSERT INTO GeoLocation(geo_id,lat,lng) VALUES (217,52.083536,5.21974);
INSERT INTO Address (address_id,street,house_number,postal_code,city_id,geo_id) VALUES (217,'De Clomp','3132','3704 KA',(select city_id from City where city_name='ZEIST'),217);
INSERT INTO Atm(atm_id,distance,atm_type,address_id) VALUES	(217,0,'ALBERT_HEIJN',217);
INSERT INTO GeoLocation(geo_id,lat,lng) VALUES (218,51.356173,4.39424);
INSERT INTO Address (address_id,street,house_number,postal_code,city_id,geo_id) VALUES (218,'Antwerpsestraat','9','4645 BA',(select city_id from City where city_name='PUTTE'),218);
INSERT INTO Atm(atm_id,distance,atm_type,address_id) VALUES	(218,0,'ALBERT_HEIJN',218);
INSERT INTO GeoLocation(geo_id,lat,lng) VALUES (219,52.3564349,6.664381);
INSERT INTO Address (address_id,street,house_number,postal_code,city_id,geo_id) VALUES (219,'Passage','3','7607 CE',(select city_id from City where city_name='ALMELO'),219);
INSERT INTO Atm(atm_id,distance,atm_type,address_id) VALUES	(219,0,'ING',219);
INSERT INTO GeoLocation(geo_id,lat,lng) VALUES (220,51.900257,4.684022);
INSERT INTO Address (address_id,street,house_number,postal_code,city_id,geo_id) VALUES (220,'Kerkweg','100','2941 BP',(select city_id from City where city_name='LEKKERKERK'),220);
INSERT INTO Atm(atm_id,distance,atm_type,address_id) VALUES	(220,0,'ALBERT_HEIJN',220);
INSERT INTO GeoLocation(geo_id,lat,lng) VALUES (221,52.153292,5.373347);
INSERT INTO Address (address_id,street,house_number,postal_code,city_id,geo_id) VALUES (221,'Stationsplein','73','3818 LE',(select city_id from City where city_name='AMERSFOORT'),221);
INSERT INTO Atm(atm_id,distance,atm_type,address_id) VALUES	(221,0,'ING',221);
INSERT INTO GeoLocation(geo_id,lat,lng) VALUES (222,52.303329,4.860135);
INSERT INTO Address (address_id,street,house_number,postal_code,city_id,geo_id) VALUES (222,'Rembrandthof','49','1181 ZL',(select city_id from City where city_name='AMSTELVEEN'),222);
INSERT INTO Atm(atm_id,distance,atm_type,address_id) VALUES	(222,0,'ALBERT_HEIJN',222);
INSERT INTO GeoLocation(geo_id,lat,lng) VALUES (223,52.075968,4.281576);
INSERT INTO Address (address_id,street,house_number,postal_code,city_id,geo_id) VALUES (223,'Weimarstraat','118','2562 HC',(select city_id from City where city_name='DEN HAAG'),223);
INSERT INTO Atm(atm_id,distance,atm_type,address_id) VALUES	(223,0,'ALBERT_HEIJN',223);
INSERT INTO GeoLocation(geo_id,lat,lng) VALUES (224,51.690455,5.295009);
INSERT INTO Address (address_id,street,house_number,postal_code,city_id,geo_id) VALUES (224,'Stationsplein','26','5211 AP',(select city_id from City where city_name='DEN BOSCH'),224);
INSERT INTO Atm(atm_id,distance,atm_type,address_id) VALUES	(224,0,'ING',224);
INSERT INTO GeoLocation(geo_id,lat,lng) VALUES (225,52.61977,4.736865);
INSERT INTO Address (address_id,street,house_number,postal_code,city_id,geo_id) VALUES (225,'Wendelaarstraat','1','1814 GR',(select city_id from City where city_name='ALKMAAR'),225);
INSERT INTO Atm(atm_id,distance,atm_type,address_id) VALUES	(225,0,'ALBERT_HEIJN',225);
INSERT INTO GeoLocation(geo_id,lat,lng) VALUES (226,52.233201,4.827569);
INSERT INTO Address (address_id,street,house_number,postal_code,city_id,geo_id) VALUES (226,'Laan van Meerwijk','10','1423 AJ',(select city_id from City where city_name='UITHOORN'),226);
INSERT INTO Atm(atm_id,distance,atm_type,address_id) VALUES	(226,0,'ING',226);
INSERT INTO GeoLocation(geo_id,lat,lng) VALUES (227,53.106887,6.876786);
INSERT INTO Address (address_id,street,house_number,postal_code,city_id,geo_id) VALUES (227,'Museumplein','24','9641 AD',(select city_id from City where city_name='VEENDAM'),227);
INSERT INTO Atm(atm_id,distance,atm_type,address_id) VALUES	(227,0,'ING',227);
INSERT INTO GeoLocation(geo_id,lat,lng) VALUES (228,52.78745,6.114398);
INSERT INTO Address (address_id,street,house_number,postal_code,city_id,geo_id) VALUES (228,'Prinsen Hoven','1','8331 JV',(select city_id from City where city_name='STEENWIJK'),228);
INSERT INTO Atm(atm_id,distance,atm_type,address_id) VALUES	(228,0,'ALBERT_HEIJN',228);
INSERT INTO GeoLocation(geo_id,lat,lng) VALUES (229,51.904392,4.250253);
INSERT INTO Address (address_id,street,house_number,postal_code,city_id,geo_id) VALUES (229,'Molenweg','71','3181 AT',(select city_id from City where city_name='ROZENBURG'),229);
INSERT INTO Atm(atm_id,distance,atm_type,address_id) VALUES	(229,0,'ALBERT_HEIJN',229);
INSERT INTO GeoLocation(geo_id,lat,lng) VALUES (230,50.827007,5.726303);
INSERT INTO Address (address_id,street,house_number,postal_code,city_id,geo_id) VALUES (230,'Roserije','329','6228 DR',(select city_id from City where city_name='MAASTRICHT'),230);
INSERT INTO Atm(atm_id,distance,atm_type,address_id) VALUES	(230,0,'ING',230);
INSERT INTO GeoLocation(geo_id,lat,lng) VALUES (231,52.124988,6.199094);
INSERT INTO Address (address_id,street,house_number,postal_code,city_id,geo_id) VALUES (231,'De Brink','86','7206 KC',(select city_id from City where city_name='ZUTPHEN'),231);
INSERT INTO Atm(atm_id,distance,atm_type,address_id) VALUES	(231,0,'ALBERT_HEIJN',231);
INSERT INTO GeoLocation(geo_id,lat,lng) VALUES (232,52.997915,6.560543);
INSERT INTO Address (address_id,street,house_number,postal_code,city_id,geo_id) VALUES (232,'Triade','14','9401 ZH',(select city_id from City where city_name='ASSEN'),232);
INSERT INTO Atm(atm_id,distance,atm_type,address_id) VALUES	(232,0,'ALBERT_HEIJN',232);
INSERT INTO GeoLocation(geo_id,lat,lng) VALUES (233,51.883446,5.286275);
INSERT INTO Address (address_id,street,house_number,postal_code,city_id,geo_id) VALUES (233,'Achter ''t Veer','6','4191 AD',(select city_id from City where city_name='GELDERMALSEN'),233);
INSERT INTO Atm(atm_id,distance,atm_type,address_id) VALUES	(233,0,'ALBERT_HEIJN',233);
INSERT INTO GeoLocation(geo_id,lat,lng) VALUES (234,51.580827,5.194586);
INSERT INTO Address (address_id,street,house_number,postal_code,city_id,geo_id) VALUES (234,'De Lind','1','5061 HS',(select city_id from City where city_name='OISTERWIJK'),234);
INSERT INTO Atm(atm_id,distance,atm_type,address_id) VALUES	(234,0,'ING',234);
INSERT INTO GeoLocation(geo_id,lat,lng) VALUES (235,50.849672,5.70099);
INSERT INTO Address (address_id,street,house_number,postal_code,city_id,geo_id) VALUES (235,'Stationsstraat','60','6221 BR',(select city_id from City where city_name='MAASTRICHT'),235);
INSERT INTO Atm(atm_id,distance,atm_type,address_id) VALUES	(235,0,'ING',235);
INSERT INTO GeoLocation(geo_id,lat,lng) VALUES (236,50.860425,5.669399);
INSERT INTO Address (address_id,street,house_number,postal_code,city_id,geo_id) VALUES (236,'Clavecymbelstraat','54','6217 CV',(select city_id from City where city_name='MAASTRICHT'),236);
INSERT INTO Atm(atm_id,distance,atm_type,address_id) VALUES	(236,0,'ING',236);
INSERT INTO GeoLocation(geo_id,lat,lng) VALUES (237,52.404765,4.620606);
INSERT INTO Address (address_id,street,house_number,postal_code,city_id,geo_id) VALUES (237,'Bloemendaalseweg','44','2061 CL',(select city_id from City where city_name='BLOEMENDAAL'),237);
INSERT INTO Atm(atm_id,distance,atm_type,address_id) VALUES	(237,0,'ING',237);
INSERT INTO GeoLocation(geo_id,lat,lng) VALUES (238,51.81347,4.667707);
INSERT INTO Address (address_id,street,house_number,postal_code,city_id,geo_id) VALUES (238,'Sarisgang','39','3311 NE',(select city_id from City where city_name='DORDRECHT'),238);
INSERT INTO Atm(atm_id,distance,atm_type,address_id) VALUES	(238,0,'ING',238);
INSERT INTO GeoLocation(geo_id,lat,lng) VALUES (239,52.212372,4.862541);
INSERT INTO Address (address_id,street,house_number,postal_code,city_id,geo_id) VALUES (239,'Leicester','13','3641 LH',(select city_id from City where city_name='MIJDRECHT'),239);
INSERT INTO Atm(atm_id,distance,atm_type,address_id) VALUES	(239,0,'ALBERT_HEIJN',239);
INSERT INTO GeoLocation(geo_id,lat,lng) VALUES (240,52.034604,4.26522);
INSERT INTO Address (address_id,street,house_number,postal_code,city_id,geo_id) VALUES (240,'Ambachtsgaarde','162','2542 EJ',(select city_id from City where city_name='DEN HAAG'),240);
INSERT INTO Atm(atm_id,distance,atm_type,address_id) VALUES	(240,0,'ALBERT_HEIJN',240);
INSERT INTO GeoLocation(geo_id,lat,lng) VALUES (241,51.991669,5.09321);
INSERT INTO Address (address_id,street,house_number,postal_code,city_id,geo_id) VALUES (241,'Lijnbaan','11','4132 CB',(select city_id from City where city_name='VIANEN'),241);
INSERT INTO Atm(atm_id,distance,atm_type,address_id) VALUES	(241,0,'ALBERT_HEIJN',241);
INSERT INTO GeoLocation(geo_id,lat,lng) VALUES (242,52.508816,4.9455171);
INSERT INTO Address (address_id,street,house_number,postal_code,city_id,geo_id) VALUES (242,'Weeshuissteeg','2','1441 CS',(select city_id from City where city_name='PURMEREND'),242);
INSERT INTO Atm(atm_id,distance,atm_type,address_id) VALUES	(242,0,'ALBERT_HEIJN',242);
INSERT INTO GeoLocation(geo_id,lat,lng) VALUES (243,52.210847,6.863219);
INSERT INTO Address (address_id,street,house_number,postal_code,city_id,geo_id) VALUES (243,'Wethouder Nijhuisstraat','250','7545 NR',(select city_id from City where city_name='ENSCHEDE'),243);
INSERT INTO Atm(atm_id,distance,atm_type,address_id) VALUES	(243,0,'ING',243);
INSERT INTO GeoLocation(geo_id,lat,lng) VALUES (244,53.225301,6.528791);
INSERT INTO Address (address_id,street,house_number,postal_code,city_id,geo_id) VALUES (244,'Siersteenlaan','464','9743 ES',(select city_id from City where city_name='GRONINGEN'),244);
INSERT INTO Atm(atm_id,distance,atm_type,address_id) VALUES	(244,0,'ALBERT_HEIJN',244);
INSERT INTO GeoLocation(geo_id,lat,lng) VALUES (245,52.416557,4.648804);
INSERT INTO Address (address_id,street,house_number,postal_code,city_id,geo_id) VALUES (245,'Marsmanplein','222','2025 DV',(select city_id from City where city_name='HAARLEM'),245);
INSERT INTO Atm(atm_id,distance,atm_type,address_id) VALUES	(245,0,'ALBERT_HEIJN',245);
INSERT INTO GeoLocation(geo_id,lat,lng) VALUES (246,53.335337,6.911323);
INSERT INTO Address (address_id,street,house_number,postal_code,city_id,geo_id) VALUES (246,'De Wending','15','9933 KM',(select city_id from City where city_name='DELFZIJL'),246);
INSERT INTO Atm(atm_id,distance,atm_type,address_id) VALUES	(246,0,'ING',246);
INSERT INTO GeoLocation(geo_id,lat,lng) VALUES (247,52.60022,4.703054);
INSERT INTO Address (address_id,street,house_number,postal_code,city_id,geo_id) VALUES (247,'Heerenweg','199','1851 KP',(select city_id from City where city_name='HEILOO'),247);
INSERT INTO Atm(atm_id,distance,atm_type,address_id) VALUES	(247,0,'ING',247);
INSERT INTO GeoLocation(geo_id,lat,lng) VALUES (248,51.488564,5.473681);
INSERT INTO Address (address_id,street,house_number,postal_code,city_id,geo_id) VALUES (248,'Ouverture','214','5629 PX',(select city_id from City where city_name='EINDHOVEN'),248);
INSERT INTO Atm(atm_id,distance,atm_type,address_id) VALUES	(248,0,'ALBERT_HEIJN',248);
INSERT INTO GeoLocation(geo_id,lat,lng) VALUES (249,51.912583,4.4584);
INSERT INTO Address (address_id,street,house_number,postal_code,city_id,geo_id) VALUES (249,'Nieuwe Binnenweg','288','3021 GS',(select city_id from City where city_name='ROTTERDAM'),249);
INSERT INTO Atm(atm_id,distance,atm_type,address_id) VALUES	(249,0,'ALBERT_HEIJN',249);
INSERT INTO GeoLocation(geo_id,lat,lng) VALUES (250,52.177113,4.468656);
INSERT INTO Address (address_id,street,house_number,postal_code,city_id,geo_id) VALUES (250,'Terweeplein','3','2341 CZ',(select city_id from City where city_name='OEGSTGEEST'),250);
INSERT INTO Atm(atm_id,distance,atm_type,address_id) VALUES	(250,0,'ALBERT_HEIJN',250);
INSERT INTO GeoLocation(geo_id,lat,lng) VALUES (251,52.30923,4.670794);
INSERT INTO Address (address_id,street,house_number,postal_code,city_id,geo_id) VALUES (251,'Skagerrak','200','2133 DW',(select city_id from City where city_name='HOOFDDORP'),251);
INSERT INTO Atm(atm_id,distance,atm_type,address_id) VALUES	(251,0,'ING',251);
INSERT INTO GeoLocation(geo_id,lat,lng) VALUES (252,51.910347,4.339805);
INSERT INTO Address (address_id,street,house_number,postal_code,city_id,geo_id) VALUES (252,'Veerplein','112','3131 CN',(select city_id from City where city_name='VLAARDINGEN'),252);
INSERT INTO Atm(atm_id,distance,atm_type,address_id) VALUES	(252,0,'ALBERT_HEIJN',252);
INSERT INTO GeoLocation(geo_id,lat,lng) VALUES (253,53.215054,6.568989);
INSERT INTO Address (address_id,street,house_number,postal_code,city_id,geo_id) VALUES (253,'Gedempte Zuiderdiep','30','9711 HH',(select city_id from City where city_name='GRONINGEN'),253);
INSERT INTO Atm(atm_id,distance,atm_type,address_id) VALUES	(253,0,'ING',253);
INSERT INTO GeoLocation(geo_id,lat,lng) VALUES (254,52.068322,4.289787);
INSERT INTO Address (address_id,street,house_number,postal_code,city_id,geo_id) VALUES (254,'Steijnlaan','106','2571 RH',(select city_id from City where city_name='DEN HAAG'),254);
INSERT INTO Atm(atm_id,distance,atm_type,address_id) VALUES	(254,0,'ALBERT_HEIJN',254);
INSERT INTO GeoLocation(geo_id,lat,lng) VALUES (255,51.488241,4.291017);
INSERT INTO Address (address_id,street,house_number,postal_code,city_id,geo_id) VALUES (255,'Glacisstraat','15','4615 AE',(select city_id from City where city_name='BERGEN OP ZOOM'),255);
INSERT INTO Atm(atm_id,distance,atm_type,address_id) VALUES	(255,0,'ALBERT_HEIJN',255);
INSERT INTO GeoLocation(geo_id,lat,lng) VALUES (256,52.395075,5.277366);
INSERT INTO Address (address_id,street,house_number,postal_code,city_id,geo_id) VALUES (256,'Noordeinde','159','1334 AN',(select city_id from City where city_name='ALMERE'),256);
INSERT INTO Atm(atm_id,distance,atm_type,address_id) VALUES	(256,0,'ING',256);
INSERT INTO GeoLocation(geo_id,lat,lng) VALUES (257,52.3148876,6.9069671);
INSERT INTO Address (address_id,street,house_number,postal_code,city_id,geo_id) VALUES (257,'Johanna van Burenlaan','222','7576 AW',(select city_id from City where city_name='OLDENZAAL'),257);
INSERT INTO Atm(atm_id,distance,atm_type,address_id) VALUES	(257,0,'ALBERT_HEIJN',257);
INSERT INTO GeoLocation(geo_id,lat,lng) VALUES (258,52.0769931,4.3135186);
INSERT INTO Address (address_id,street,house_number,postal_code,city_id,geo_id) VALUES (258,'Voldersgracht','38','2512 JV',(select city_id from City where city_name='DEN HAAG'),258);
INSERT INTO Atm(atm_id,distance,atm_type,address_id) VALUES	(258,0,'ING',258);
INSERT INTO GeoLocation(geo_id,lat,lng) VALUES (259,51.470794,4.662107);
INSERT INTO Address (address_id,street,house_number,postal_code,city_id,geo_id) VALUES (259,'Molenstraat','58','4881 CT',(select city_id from City where city_name='ZUNDERT'),259);
INSERT INTO Atm(atm_id,distance,atm_type,address_id) VALUES	(259,0,'ALBERT_HEIJN',259);
INSERT INTO GeoLocation(geo_id,lat,lng) VALUES (260,52.373961,4.882296);
INSERT INTO Address (address_id,street,house_number,postal_code,city_id,geo_id) VALUES (260,'Rozengracht','12','1016 NB',(select city_id from City where city_name='AMSTERDAM'),260);
INSERT INTO Atm(atm_id,distance,atm_type,address_id) VALUES	(260,0,'ING',260);
INSERT INTO GeoLocation(geo_id,lat,lng) VALUES (261,51.843942,5.864092);
INSERT INTO Address (address_id,street,house_number,postal_code,city_id,geo_id) VALUES (261,'Passage Molenpoort','22a','6511 HV',(select city_id from City where city_name='NIJMEGEN'),261);
INSERT INTO Atm(atm_id,distance,atm_type,address_id) VALUES	(261,0,'ING',261);
INSERT INTO GeoLocation(geo_id,lat,lng) VALUES (262,51.887839,4.491599);
INSERT INTO Address (address_id,street,house_number,postal_code,city_id,geo_id) VALUES (262,'Zuidplein','622','3083 CX',(select city_id from City where city_name='ROTTERDAM'),262);
INSERT INTO Atm(atm_id,distance,atm_type,address_id) VALUES	(262,0,'ALBERT_HEIJN',262);
INSERT INTO GeoLocation(geo_id,lat,lng) VALUES (263,51.585235,4.774593);
INSERT INTO Address (address_id,street,house_number,postal_code,city_id,geo_id) VALUES (263,'Markendaalseweg','41','4811 KA',(select city_id from City where city_name='BREDA'),263);
INSERT INTO Atm(atm_id,distance,atm_type,address_id) VALUES	(263,0,'ING',263);
INSERT INTO GeoLocation(geo_id,lat,lng) VALUES (264,53.211103,5.838792);
INSERT INTO Address (address_id,street,house_number,postal_code,city_id,geo_id) VALUES (264,'Lieuwenburg','116','8925 CL',(select city_id from City where city_name='LEEUWARDEN'),264);
INSERT INTO Atm(atm_id,distance,atm_type,address_id) VALUES	(264,0,'ALBERT_HEIJN',264);
INSERT INTO GeoLocation(geo_id,lat,lng) VALUES (265,52.076452,5.26343);
INSERT INTO Address (address_id,street,house_number,postal_code,city_id,geo_id) VALUES (265,'Hoog Kanje','110','3708 DL',(select city_id from City where city_name='ZEIST'),265);
INSERT INTO Atm(atm_id,distance,atm_type,address_id) VALUES	(265,0,'ALBERT_HEIJN',265);
INSERT INTO GeoLocation(geo_id,lat,lng) VALUES (266,51.921917,4.255292);
INSERT INTO Address (address_id,street,house_number,postal_code,city_id,geo_id) VALUES (266,'Zuidvliet','13','3141 AL',(select city_id from City where city_name='MAASSLUIS'),266);
INSERT INTO Atm(atm_id,distance,atm_type,address_id) VALUES	(266,0,'ING',266);
INSERT INTO GeoLocation(geo_id,lat,lng) VALUES (267,52.055548,4.314235);
INSERT INTO Address (address_id,street,house_number,postal_code,city_id,geo_id) VALUES (267,'Goeverneurplein','20','2523 EC',(select city_id from City where city_name='DEN HAAG'),267);
INSERT INTO Atm(atm_id,distance,atm_type,address_id) VALUES	(267,0,'ALBERT_HEIJN',267);
INSERT INTO GeoLocation(geo_id,lat,lng) VALUES (268,51.866713,4.35351);
INSERT INTO Address (address_id,street,house_number,postal_code,city_id,geo_id) VALUES (268,'Middenbaan-Noord','35','3191 EM',(select city_id from City where city_name='HOOGVLIET ROTTERDAM'),268);
INSERT INTO Atm(atm_id,distance,atm_type,address_id) VALUES	(268,0,'ING',268);
INSERT INTO GeoLocation(geo_id,lat,lng) VALUES (269,52.435315,4.814593);
INSERT INTO Address (address_id,street,house_number,postal_code,city_id,geo_id) VALUES (269,'Provincialeweg','25','1506 MA',(select city_id from City where city_name='ZAANDAM'),269);
INSERT INTO Atm(atm_id,distance,atm_type,address_id) VALUES	(269,0,'ING',269);
INSERT INTO GeoLocation(geo_id,lat,lng) VALUES (270,51.504866,4.86002);
INSERT INTO Address (address_id,street,house_number,postal_code,city_id,geo_id) VALUES (270,'Brouwerij','40','4861 SN',(select city_id from City where city_name='CHAAM'),270);
INSERT INTO Atm(atm_id,distance,atm_type,address_id) VALUES	(270,0,'ALBERT_HEIJN',270);
INSERT INTO GeoLocation(geo_id,lat,lng) VALUES (271,52.6239057,6.0458621);
INSERT INTO Address (address_id,street,house_number,postal_code,city_id,geo_id) VALUES (271,'Klaas Fuitestraat','42','8281 BZ',(select city_id from City where city_name='GENEMUIDEN'),271);
INSERT INTO Atm(atm_id,distance,atm_type,address_id) VALUES	(271,0,'ALBERT_HEIJN',271);
INSERT INTO GeoLocation(geo_id,lat,lng) VALUES (272,52.508857,5.477955);
INSERT INTO Address (address_id,street,house_number,postal_code,city_id,geo_id) VALUES (272,'Neringpassage','127','8224 JB',(select city_id from City where city_name='LELYSTAD'),272);
INSERT INTO Atm(atm_id,distance,atm_type,address_id) VALUES	(272,0,'ALBERT_HEIJN',272);
INSERT INTO GeoLocation(geo_id,lat,lng) VALUES (273,52.187369,5.293776);
INSERT INTO Address (address_id,street,house_number,postal_code,city_id,geo_id) VALUES (273,'Burgemeester Grothestraat','2','3761 CM',(select city_id from City where city_name='SOEST'),273);
INSERT INTO Atm(atm_id,distance,atm_type,address_id) VALUES	(273,0,'ALBERT_HEIJN',273);
INSERT INTO GeoLocation(geo_id,lat,lng) VALUES (274,52.1456637,4.3920315);
INSERT INTO Address (address_id,street,house_number,postal_code,city_id,geo_id) VALUES (274,'Luifelbaan','11A','2242 KT',(select city_id from City where city_name='WASSENAAR'),274);
INSERT INTO Atm(atm_id,distance,atm_type,address_id) VALUES	(274,0,'ING',274);
INSERT INTO GeoLocation(geo_id,lat,lng) VALUES (275,51.459739,5.488781);
INSERT INTO Address (address_id,street,house_number,postal_code,city_id,geo_id) VALUES (275,'Cassandraplein','8','5631 BA',(select city_id from City where city_name='EINDHOVEN'),275);
INSERT INTO Atm(atm_id,distance,atm_type,address_id) VALUES	(275,0,'ALBERT_HEIJN',275);
INSERT INTO GeoLocation(geo_id,lat,lng) VALUES (276,52.170888,5.002881);
INSERT INTO Address (address_id,street,house_number,postal_code,city_id,geo_id) VALUES (276,'Straatweg','82','3621 BS',(select city_id from City where city_name='BREUKELEN'),276);
INSERT INTO Atm(atm_id,distance,atm_type,address_id) VALUES	(276,0,'ING',276);
INSERT INTO GeoLocation(geo_id,lat,lng) VALUES (277,52.264084,4.760625);
INSERT INTO Address (address_id,street,house_number,postal_code,city_id,geo_id) VALUES (277,'Ophelialaan','97','1431 HC',(select city_id from City where city_name='AALSMEER'),277);
INSERT INTO Atm(atm_id,distance,atm_type,address_id) VALUES	(277,0,'ING',277);
INSERT INTO GeoLocation(geo_id,lat,lng) VALUES (278,51.971544,5.72822);
INSERT INTO Address (address_id,street,house_number,postal_code,city_id,geo_id) VALUES (278,'Dorpsstraat','118','6871 AR',(select city_id from City where city_name='RENKUM'),278);
INSERT INTO Atm(atm_id,distance,atm_type,address_id) VALUES	(278,0,'ALBERT_HEIJN',278);
INSERT INTO GeoLocation(geo_id,lat,lng) VALUES (279,51.507048,3.626408);
INSERT INTO Address (address_id,street,house_number,postal_code,city_id,geo_id) VALUES (279,'Fazantenhof','18','4332 XT',(select city_id from City where city_name='MIDDELBURG'),279);
INSERT INTO Atm(atm_id,distance,atm_type,address_id) VALUES	(279,0,'ALBERT_HEIJN',279);
INSERT INTO GeoLocation(geo_id,lat,lng) VALUES (280,51.44588,3.573727);
INSERT INTO Address (address_id,street,house_number,postal_code,city_id,geo_id) VALUES (280,'Aagje Dekenstraat','16','4381 RZ',(select city_id from City where city_name='VLISSINGEN'),280);
INSERT INTO Atm(atm_id,distance,atm_type,address_id) VALUES	(280,0,'ALBERT_HEIJN',280);
INSERT INTO GeoLocation(geo_id,lat,lng) VALUES (281,52.142665,4.396278);
INSERT INTO Address (address_id,street,house_number,postal_code,city_id,geo_id) VALUES (281,'Johan de Wittstraat','1','2242 LA',(select city_id from City where city_name='WASSENAAR'),281);
INSERT INTO Atm(atm_id,distance,atm_type,address_id) VALUES	(281,0,'ING',281);
INSERT INTO GeoLocation(geo_id,lat,lng) VALUES (282,51.934726,4.376586);
INSERT INTO Address (address_id,street,house_number,postal_code,city_id,geo_id) VALUES (282,'Hof van Spaland','51','3121 CA',(select city_id from City where city_name='SCHIEDAM'),282);
INSERT INTO Atm(atm_id,distance,atm_type,address_id) VALUES	(282,0,'ING',282);
INSERT INTO GeoLocation(geo_id,lat,lng) VALUES (283,51.6431,4.860683);
INSERT INTO Address (address_id,street,house_number,postal_code,city_id,geo_id) VALUES (283,'Keiweg','11','4901 JD',(select city_id from City where city_name='OOSTERHOUT'),283);
INSERT INTO Atm(atm_id,distance,atm_type,address_id) VALUES	(283,0,'ALBERT_HEIJN',283);
INSERT INTO GeoLocation(geo_id,lat,lng) VALUES (284,51.147191,5.891374);
INSERT INTO Address (address_id,street,house_number,postal_code,city_id,geo_id) VALUES (284,'Molenweg','34','6051 HJ',(select city_id from City where city_name='MAASBRACHT'),284);
INSERT INTO Atm(atm_id,distance,atm_type,address_id) VALUES	(284,0,'ING',284);
INSERT INTO GeoLocation(geo_id,lat,lng) VALUES (285,52.086658,5.083237);
INSERT INTO Address (address_id,street,house_number,postal_code,city_id,geo_id) VALUES (285,'Handelstraat','63','3533 GJ',(select city_id from City where city_name='UTRECHT'),285);
INSERT INTO Atm(atm_id,distance,atm_type,address_id) VALUES	(285,0,'ALBERT_HEIJN',285);
INSERT INTO GeoLocation(geo_id,lat,lng) VALUES (286,52.215496,5.962136);
INSERT INTO Address (address_id,street,house_number,postal_code,city_id,geo_id) VALUES (286,'Deventerstraat','10','7311 BJ',(select city_id from City where city_name='APELDOORN'),286);
INSERT INTO Atm(atm_id,distance,atm_type,address_id) VALUES	(286,0,'ALBERT_HEIJN',286);
INSERT INTO GeoLocation(geo_id,lat,lng) VALUES (287,52.958803,5.926121);
INSERT INTO Address (address_id,street,house_number,postal_code,city_id,geo_id) VALUES (287,'De Passage','2','8442 PH',(select city_id from City where city_name='HEERENVEEN'),287);
INSERT INTO Atm(atm_id,distance,atm_type,address_id) VALUES	(287,0,'ALBERT_HEIJN',287);
INSERT INTO GeoLocation(geo_id,lat,lng) VALUES (288,52.378213,4.617979);
INSERT INTO Address (address_id,street,house_number,postal_code,city_id,geo_id) VALUES (288,'Westergracht','70','2014 XA',(select city_id from City where city_name='HAARLEM'),288);
INSERT INTO Atm(atm_id,distance,atm_type,address_id) VALUES	(288,0,'ALBERT_HEIJN',288);
INSERT INTO GeoLocation(geo_id,lat,lng) VALUES (289,51.99577,4.34179);
INSERT INTO Address (address_id,street,house_number,postal_code,city_id,geo_id) VALUES (289,'Griegstraat','275','2625 AN',(select city_id from City where city_name='DELFT'),289);
INSERT INTO Atm(atm_id,distance,atm_type,address_id) VALUES	(289,0,'ING',289);
INSERT INTO GeoLocation(geo_id,lat,lng) VALUES (290,52.37612,5.780694);
INSERT INTO Address (address_id,street,house_number,postal_code,city_id,geo_id) VALUES (290,'Harderwijkerweg','18','8071 GA',(select city_id from City where city_name='NUNSPEET'),290);
INSERT INTO Atm(atm_id,distance,atm_type,address_id) VALUES	(290,0,'ALBERT_HEIJN',290);
INSERT INTO GeoLocation(geo_id,lat,lng) VALUES (291,52.641505,5.055815);
INSERT INTO Address (address_id,street,house_number,postal_code,city_id,geo_id) VALUES (291,'Grote Noord','81','1621 KG',(select city_id from City where city_name='HOORN'),291);
INSERT INTO Atm(atm_id,distance,atm_type,address_id) VALUES	(291,0,'ING',291);
INSERT INTO GeoLocation(geo_id,lat,lng) VALUES (292,52.0055039,5.085616);
INSERT INTO Address (address_id,street,house_number,postal_code,city_id,geo_id) VALUES (292,'Hoog Zandveld','2','3434 EE',(select city_id from City where city_name='NIEUWEGEIN'),292);
INSERT INTO Atm(atm_id,distance,atm_type,address_id) VALUES	(292,0,'ALBERT_HEIJN',292);
INSERT INTO GeoLocation(geo_id,lat,lng) VALUES (293,52.059203,4.231046);
INSERT INTO Address (address_id,street,house_number,postal_code,city_id,geo_id) VALUES (293,'Alphons Diepenbrockhof','90','2551 LD',(select city_id from City where city_name='DEN HAAG'),293);
INSERT INTO Atm(atm_id,distance,atm_type,address_id) VALUES	(293,0,'ING',293);
INSERT INTO GeoLocation(geo_id,lat,lng) VALUES (294,52.273896,5.165919);
INSERT INTO Address (address_id,street,house_number,postal_code,city_id,geo_id) VALUES (294,'Landstraat','1','1404 JD',(select city_id from City where city_name='BUSSUM'),294);
INSERT INTO Atm(atm_id,distance,atm_type,address_id) VALUES	(294,0,'ING',294);
INSERT INTO GeoLocation(geo_id,lat,lng) VALUES (295,52.343213,4.9067);
INSERT INTO Address (address_id,street,house_number,postal_code,city_id,geo_id) VALUES (295,'Rijnstraat','139','1079 HC',(select city_id from City where city_name='AMSTERDAM'),295);
INSERT INTO Atm(atm_id,distance,atm_type,address_id) VALUES	(295,0,'ALBERT_HEIJN',295);
INSERT INTO GeoLocation(geo_id,lat,lng) VALUES (296,51.467866,5.477226);
INSERT INTO Address (address_id,street,house_number,postal_code,city_id,geo_id) VALUES (296,'Winkelcentrum Woensel','3-4','5625 AA',(select city_id from City where city_name='EINDHOVEN'),296);
INSERT INTO Atm(atm_id,distance,atm_type,address_id) VALUES	(296,0,'ING',296);
INSERT INTO GeoLocation(geo_id,lat,lng) VALUES (297,52.063479,4.515309);
INSERT INTO Address (address_id,street,house_number,postal_code,city_id,geo_id) VALUES (297,'Petuniatuin','12','2724 NA',(select city_id from City where city_name='ZOETERMEER'),297);
INSERT INTO Atm(atm_id,distance,atm_type,address_id) VALUES	(297,0,'ALBERT_HEIJN',297);
INSERT INTO GeoLocation(geo_id,lat,lng) VALUES (298,51.729292,5.873773);
INSERT INTO Address (address_id,street,house_number,postal_code,city_id,geo_id) VALUES (298,'Smidstraat','70','5431 BJ',(select city_id from City where city_name='CUIJK'),298);
INSERT INTO Atm(atm_id,distance,atm_type,address_id) VALUES	(298,0,'ALBERT_HEIJN',298);
INSERT INTO GeoLocation(geo_id,lat,lng) VALUES (299,52.043313,4.476907);
INSERT INTO Address (address_id,street,house_number,postal_code,city_id,geo_id) VALUES (299,'Samanthagang','64','2719 CK',(select city_id from City where city_name='ZOETERMEER'),299);
INSERT INTO Atm(atm_id,distance,atm_type,address_id) VALUES	(299,0,'ALBERT_HEIJN',299);
INSERT INTO GeoLocation(geo_id,lat,lng) VALUES (300,52.097263,4.40334);
INSERT INTO Address (address_id,street,house_number,postal_code,city_id,geo_id) VALUES (300,'Prins Frederiklaan','197','2263 HA',(select city_id from City where city_name='LEIDSCHENDAM'),300);
INSERT INTO Atm(atm_id,distance,atm_type,address_id) VALUES	(300,0,'ING',300);
INSERT INTO GeoLocation(geo_id,lat,lng) VALUES (301,51.56575,4.831532);
INSERT INTO Address (address_id,street,house_number,postal_code,city_id,geo_id) VALUES (301,'Pastoor Doensstraat','8','4854 CP',(select city_id from City where city_name='BAVEL'),301);
INSERT INTO Atm(atm_id,distance,atm_type,address_id) VALUES	(301,0,'ALBERT_HEIJN',301);
INSERT INTO GeoLocation(geo_id,lat,lng) VALUES (302,51.2472,5.70185);
INSERT INTO Address (address_id,street,house_number,postal_code,city_id,geo_id) VALUES (302,'Dries','10','6006 HS',(select city_id from City where city_name='WEERT'),302);
INSERT INTO Atm(atm_id,distance,atm_type,address_id) VALUES	(302,0,'ALBERT_HEIJN',302);
INSERT INTO GeoLocation(geo_id,lat,lng) VALUES (303,52.384997,4.914577);
INSERT INTO Address (address_id,street,house_number,postal_code,city_id,geo_id) VALUES (303,'Sperwerlaan','12','1021 EN',(select city_id from City where city_name='AMSTERDAM'),303);
INSERT INTO Atm(atm_id,distance,atm_type,address_id) VALUES	(303,0,'ING',303);
INSERT INTO GeoLocation(geo_id,lat,lng) VALUES (304,51.421241,5.405843);
INSERT INTO Address (address_id,street,house_number,postal_code,city_id,geo_id) VALUES (304,'Meiveld','8','5501 KA',(select city_id from City where city_name='VELDHOVEN'),304);
INSERT INTO Atm(atm_id,distance,atm_type,address_id) VALUES	(304,0,'ALBERT_HEIJN',304);
INSERT INTO GeoLocation(geo_id,lat,lng) VALUES (305,53.000927,6.514484);
INSERT INTO Address (address_id,street,house_number,postal_code,city_id,geo_id) VALUES (305,'Rondgang','20','9408 MH',(select city_id from City where city_name='ASSEN'),305);
INSERT INTO Atm(atm_id,distance,atm_type,address_id) VALUES	(305,0,'ALBERT_HEIJN',305);
INSERT INTO GeoLocation(geo_id,lat,lng) VALUES (306,51.927003,4.461854);
INSERT INTO Address (address_id,street,house_number,postal_code,city_id,geo_id) VALUES (306,'Bentinckplein','40','3039 KM',(select city_id from City where city_name='ROTTERDAM'),306);
INSERT INTO Atm(atm_id,distance,atm_type,address_id) VALUES	(306,0,'ALBERT_HEIJN',306);
INSERT INTO GeoLocation(geo_id,lat,lng) VALUES (307,53.479886,6.162479);
INSERT INTO Address (address_id,street,house_number,postal_code,city_id,geo_id) VALUES (307,'Langestreek','56','9166 LD',(select city_id from City where city_name='SCHIERMONNIKOOG'),307);
INSERT INTO Atm(atm_id,distance,atm_type,address_id) VALUES	(307,0,'ING',307);
INSERT INTO GeoLocation(geo_id,lat,lng) VALUES (308,52.359841,5.205645);
INSERT INTO Address (address_id,street,house_number,postal_code,city_id,geo_id) VALUES (308,'''s-Hertogenboschplein','15','1324 WB',(select city_id from City where city_name='ALMERE'),308);
INSERT INTO Atm(atm_id,distance,atm_type,address_id) VALUES	(308,0,'ALBERT_HEIJN',308);
INSERT INTO GeoLocation(geo_id,lat,lng) VALUES (309,52.163126,4.532282);
INSERT INTO Address (address_id,street,house_number,postal_code,city_id,geo_id) VALUES (309,'Reaal','6','2353 TL',(select city_id from City where city_name='LEIDERDORP'),309);
INSERT INTO Atm(atm_id,distance,atm_type,address_id) VALUES	(309,0,'ING',309);
INSERT INTO GeoLocation(geo_id,lat,lng) VALUES (310,51.919271,5.840232);
INSERT INTO Address (address_id,street,house_number,postal_code,city_id,geo_id) VALUES (310,'Valburgseweg','16-20','6661 EV',(select city_id from City where city_name='ELST'),310);
INSERT INTO Atm(atm_id,distance,atm_type,address_id) VALUES	(310,0,'ALBERT_HEIJN',310);
INSERT INTO GeoLocation(geo_id,lat,lng) VALUES (311,52.459354,4.821036);
INSERT INTO Address (address_id,street,house_number,postal_code,city_id,geo_id) VALUES (311,'Zilverschoonplein','38-42','1508 CL',(select city_id from City where city_name='ZAANDAM'),311);
INSERT INTO Atm(atm_id,distance,atm_type,address_id) VALUES	(311,0,'ING',311);
INSERT INTO GeoLocation(geo_id,lat,lng) VALUES (312,52.092309,5.130041);
INSERT INTO Address (address_id,street,house_number,postal_code,city_id,geo_id) VALUES (312,'Nachtegaalstraat','22-24','3581 AH',(select city_id from City where city_name='UTRECHT'),312);
INSERT INTO Atm(atm_id,distance,atm_type,address_id) VALUES	(312,0,'ING',312);
INSERT INTO GeoLocation(geo_id,lat,lng) VALUES (313,51.921578,4.492789);
INSERT INTO Address (address_id,street,house_number,postal_code,city_id,geo_id) VALUES (313,'Groenendaal','49','3011 SN',(select city_id from City where city_name='ROTTERDAM'),313);
INSERT INTO Atm(atm_id,distance,atm_type,address_id) VALUES	(313,0,'ALBERT_HEIJN',313);
INSERT INTO GeoLocation(geo_id,lat,lng) VALUES (314,52.055378,4.250919);
INSERT INTO Address (address_id,street,house_number,postal_code,city_id,geo_id) VALUES (314,'Toon Dupuisstraat','4','2552 SB',(select city_id from City where city_name='DEN HAAG'),314);
INSERT INTO Atm(atm_id,distance,atm_type,address_id) VALUES	(314,0,'ING',314);
INSERT INTO GeoLocation(geo_id,lat,lng) VALUES (315,51.103494,5.873118);
INSERT INTO Address (address_id,street,house_number,postal_code,city_id,geo_id) VALUES (315,'Nieuwe Markt','45','6101 CV',(select city_id from City where city_name='ECHT'),315);
INSERT INTO Atm(atm_id,distance,atm_type,address_id) VALUES	(315,0,'ALBERT_HEIJN',315);
INSERT INTO GeoLocation(geo_id,lat,lng) VALUES (316,51.807513,4.668368);
INSERT INTO Address (address_id,street,house_number,postal_code,city_id,geo_id) VALUES (316,'Stationsplein','1','3311 JV',(select city_id from City where city_name='DORDRECHT'),316);
INSERT INTO Atm(atm_id,distance,atm_type,address_id) VALUES	(316,0,'ING',316);
INSERT INTO GeoLocation(geo_id,lat,lng) VALUES (317,51.856235,4.537117);
INSERT INTO Address (address_id,street,house_number,postal_code,city_id,geo_id) VALUES (317,'Middenbaan','112','2991 CT',(select city_id from City where city_name='BARENDRECHT'),317);
INSERT INTO Atm(atm_id,distance,atm_type,address_id) VALUES	(317,0,'ING',317);
INSERT INTO GeoLocation(geo_id,lat,lng) VALUES (318,52.248127,6.215451);
INSERT INTO Address (address_id,street,house_number,postal_code,city_id,geo_id) VALUES (318,'Flora','54','7422 LL',(select city_id from City where city_name='DEVENTER'),318);
INSERT INTO Atm(atm_id,distance,atm_type,address_id) VALUES	(318,0,'ALBERT_HEIJN',318);
INSERT INTO GeoLocation(geo_id,lat,lng) VALUES (319,52.011075,4.744215);
INSERT INTO Address (address_id,street,house_number,postal_code,city_id,geo_id) VALUES (319,'Middenmolenplein','82','2807 GZ',(select city_id from City where city_name='GOUDA'),319);
INSERT INTO Atm(atm_id,distance,atm_type,address_id) VALUES	(319,0,'ING',319);
INSERT INTO GeoLocation(geo_id,lat,lng) VALUES (320,52.302359,4.860175);
INSERT INTO Address (address_id,street,house_number,postal_code,city_id,geo_id) VALUES (320,'Stadsplein','96','1181 ZM',(select city_id from City where city_name='AMSTELVEEN'),320);
INSERT INTO Atm(atm_id,distance,atm_type,address_id) VALUES	(320,0,'ING',320);
INSERT INTO GeoLocation(geo_id,lat,lng) VALUES (321,52.060856,4.32862);
INSERT INTO Address (address_id,street,house_number,postal_code,city_id,geo_id) VALUES (321,'Lorentzplein','76','2522 EH',(select city_id from City where city_name='DEN HAAG'),321);
INSERT INTO Atm(atm_id,distance,atm_type,address_id) VALUES	(321,0,'ALBERT_HEIJN',321);
INSERT INTO GeoLocation(geo_id,lat,lng) VALUES (322,51.890407,4.507836);
INSERT INTO Address (address_id,street,house_number,postal_code,city_id,geo_id) VALUES (322,'Groene Hilledijk','257B','3073 AJ',(select city_id from City where city_name='ROTTERDAM'),322);
INSERT INTO Atm(atm_id,distance,atm_type,address_id) VALUES	(322,0,'ING',322);
INSERT INTO GeoLocation(geo_id,lat,lng) VALUES (323,52.362764,4.922683);
INSERT INTO Address (address_id,street,house_number,postal_code,city_id,geo_id) VALUES (323,'Museumstraat','1','1071 XX',(select city_id from City where city_name='AMSTERDAM'),323);
INSERT INTO Atm(atm_id,distance,atm_type,address_id) VALUES	(323,0,'ING',323);
INSERT INTO GeoLocation(geo_id,lat,lng) VALUES (324,53.208096,5.767692);
INSERT INTO Address (address_id,street,house_number,postal_code,city_id,geo_id) VALUES (324,'Pieter Sipmawei','9','8915 DZ',(select city_id from City where city_name='LEEUWARDEN'),324);
INSERT INTO Atm(atm_id,distance,atm_type,address_id) VALUES	(324,0,'ING',324);
INSERT INTO GeoLocation(geo_id,lat,lng) VALUES (325,52.341348,5.227837);
INSERT INTO Address (address_id,street,house_number,postal_code,city_id,geo_id) VALUES (325,'Markenlaan','3','1355 BA',(select city_id from City where city_name='ALMERE'),325);
INSERT INTO Atm(atm_id,distance,atm_type,address_id) VALUES	(325,0,'ALBERT_HEIJN',325);
INSERT INTO GeoLocation(geo_id,lat,lng) VALUES (326,51.44084,5.479561);
INSERT INTO Address (address_id,street,house_number,postal_code,city_id,geo_id) VALUES (326,'Vestdijk','1','5611 CA',(select city_id from City where city_name='EINDHOVEN'),326);
INSERT INTO Atm(atm_id,distance,atm_type,address_id) VALUES	(326,0,'ALBERT_HEIJN',326);
INSERT INTO GeoLocation(geo_id,lat,lng) VALUES (327,52.161652,5.399405);
INSERT INTO Address (address_id,street,house_number,postal_code,city_id,geo_id) VALUES (327,'Neptunusplein','3','3814 BA',(select city_id from City where city_name='AMERSFOORT'),327);
INSERT INTO Atm(atm_id,distance,atm_type,address_id) VALUES	(327,0,'ING',327);
INSERT INTO GeoLocation(geo_id,lat,lng) VALUES (328,52.086277,4.882098);
INSERT INTO Address (address_id,street,house_number,postal_code,city_id,geo_id) VALUES (328,'Nieuwe Markt','1','3441 AN',(select city_id from City where city_name='WOERDEN'),328);
INSERT INTO Atm(atm_id,distance,atm_type,address_id) VALUES	(328,0,'ING',328);
INSERT INTO GeoLocation(geo_id,lat,lng) VALUES (329,52.357259,4.928525);
INSERT INTO Address (address_id,street,house_number,postal_code,city_id,geo_id) VALUES (329,'Land van Cocagneplein','3','1093 NB',(select city_id from City where city_name='AMSTERDAM'),329);
INSERT INTO Atm(atm_id,distance,atm_type,address_id) VALUES	(329,0,'ALBERT_HEIJN',329);
INSERT INTO GeoLocation(geo_id,lat,lng) VALUES (330,52.119968,5.184863);
INSERT INTO Address (address_id,street,house_number,postal_code,city_id,geo_id) VALUES (330,'Planetenbaan','17-19','3721 KA',(select city_id from City where city_name='BILTHOVEN'),330);
INSERT INTO Atm(atm_id,distance,atm_type,address_id) VALUES	(330,0,'ING',330);
INSERT INTO GeoLocation(geo_id,lat,lng) VALUES (331,52.292668,6.57763);
INSERT INTO Address (address_id,street,house_number,postal_code,city_id,geo_id) VALUES (331,'Pastoor Heimerikxstraat','3','7468 EB',(select city_id from City where city_name='ENTER'),331);
INSERT INTO Atm(atm_id,distance,atm_type,address_id) VALUES	(331,0,'ALBERT_HEIJN',331);
INSERT INTO GeoLocation(geo_id,lat,lng) VALUES (332,52.958283,4.760865);
INSERT INTO Address (address_id,street,house_number,postal_code,city_id,geo_id) VALUES (332,'Julianaplein','9','1781 HA',(select city_id from City where city_name='DEN HELDER'),332);
INSERT INTO Atm(atm_id,distance,atm_type,address_id) VALUES	(332,0,'ALBERT_HEIJN',332);
INSERT INTO GeoLocation(geo_id,lat,lng) VALUES (333,52.4094666,6.89829);
INSERT INTO Address (address_id,street,house_number,postal_code,city_id,geo_id) VALUES (333,'Denekamperstraat','5A','7631 AA',(select city_id from City where city_name='OOTMARSUM'),333);
INSERT INTO Atm(atm_id,distance,atm_type,address_id) VALUES	(333,0,'ALBERT_HEIJN',333);
INSERT INTO GeoLocation(geo_id,lat,lng) VALUES (334,52.040906,4.652181);
INSERT INTO Address (address_id,street,house_number,postal_code,city_id,geo_id) VALUES (334,'Promenade','1','2741 NL',(select city_id from City where city_name='WADDINXVEEN'),334);
INSERT INTO Atm(atm_id,distance,atm_type,address_id) VALUES	(334,0,'ING',334);
INSERT INTO GeoLocation(geo_id,lat,lng) VALUES (335,52.262758,4.491343);
INSERT INTO Address (address_id,street,house_number,postal_code,city_id,geo_id) VALUES (335,'Zeestraat','14a','2211 XA',(select city_id from City where city_name='NOORDWIJKERHOUT'),335);
INSERT INTO Atm(atm_id,distance,atm_type,address_id) VALUES	(335,0,'ALBERT_HEIJN',335);
INSERT INTO GeoLocation(geo_id,lat,lng) VALUES (336,52.156286,6.740626);
INSERT INTO Address (address_id,street,house_number,postal_code,city_id,geo_id) VALUES (336,'Spoorstraat','30','7481 HZ',(select city_id from City where city_name='HAAKSBERGEN'),336);
INSERT INTO Atm(atm_id,distance,atm_type,address_id) VALUES	(336,0,'ALBERT_HEIJN',336);
INSERT INTO GeoLocation(geo_id,lat,lng) VALUES (337,52.296438,4.987107);
INSERT INTO Address (address_id,street,house_number,postal_code,city_id,geo_id) VALUES (337,'Wisseloord','97','1106 MA',(select city_id from City where city_name='AMSTERDAM-ZUIDOOST'),337);
INSERT INTO Atm(atm_id,distance,atm_type,address_id) VALUES	(337,0,'ING',337);
INSERT INTO GeoLocation(geo_id,lat,lng) VALUES (338,51.995586,5.968687);
INSERT INTO Address (address_id,street,house_number,postal_code,city_id,geo_id) VALUES (338,'Hoofdstraat','135','6881 TG',(select city_id from City where city_name='VELP'),338);
INSERT INTO Atm(atm_id,distance,atm_type,address_id) VALUES	(338,0,'ING',338);
INSERT INTO GeoLocation(geo_id,lat,lng) VALUES (339,52.159675,4.497078);
INSERT INTO Address (address_id,street,house_number,postal_code,city_id,geo_id) VALUES (339,'Hooigracht','85','2312 KP',(select city_id from City where city_name='LEIDEN'),339);
INSERT INTO Atm(atm_id,distance,atm_type,address_id) VALUES	(339,0,'ALBERT_HEIJN',339);
INSERT INTO GeoLocation(geo_id,lat,lng) VALUES (340,52.31187,4.874802);
INSERT INTO Address (address_id,street,house_number,postal_code,city_id,geo_id) VALUES (340,'Westelijk Halfrond','70','1183 JG',(select city_id from City where city_name='AMSTELVEEN'),340);
INSERT INTO Atm(atm_id,distance,atm_type,address_id) VALUES	(340,0,'ALBERT_HEIJN',340);
INSERT INTO GeoLocation(geo_id,lat,lng) VALUES (341,51.878758,5.416601);
INSERT INTO Address (address_id,street,house_number,postal_code,city_id,geo_id) VALUES (341,'Nieuwe Tielseweg','165','4006 BG',(select city_id from City where city_name='TIEL'),341);
INSERT INTO Atm(atm_id,distance,atm_type,address_id) VALUES	(341,0,'ING',341);
INSERT INTO GeoLocation(geo_id,lat,lng) VALUES (342,52.004049,4.443021);
INSERT INTO Address (address_id,street,house_number,postal_code,city_id,geo_id) VALUES (342,'Hoefbladplein','4','2643 KD',(select city_id from City where city_name='PIJNACKER'),342);
INSERT INTO Atm(atm_id,distance,atm_type,address_id) VALUES	(342,0,'ALBERT_HEIJN',342);
INSERT INTO GeoLocation(geo_id,lat,lng) VALUES (343,52.105598,5.013397);
INSERT INTO Address (address_id,street,house_number,postal_code,city_id,geo_id) VALUES (343,'Hindersteinlaan','13','3451 EV',(select city_id from City where city_name='VLEUTEN'),343);
INSERT INTO Atm(atm_id,distance,atm_type,address_id) VALUES	(343,0,'ING',343);
INSERT INTO GeoLocation(geo_id,lat,lng) VALUES (344,52.150972,4.453775);
INSERT INTO Address (address_id,street,house_number,postal_code,city_id,geo_id) VALUES (344,'Stevensbloem','11','2331 JA',(select city_id from City where city_name='LEIDEN'),344);
INSERT INTO Atm(atm_id,distance,atm_type,address_id) VALUES	(344,0,'ALBERT_HEIJN',344);
INSERT INTO GeoLocation(geo_id,lat,lng) VALUES (345,51.983718,5.915553);
INSERT INTO Address (address_id,street,house_number,postal_code,city_id,geo_id) VALUES (345,'Steenstraat','17A','6828 CA',(select city_id from City where city_name='ARNHEM'),345);
INSERT INTO Atm(atm_id,distance,atm_type,address_id) VALUES	(345,0,'ING',345);
INSERT INTO GeoLocation(geo_id,lat,lng) VALUES (346,52.385437,4.851066);
INSERT INTO Address (address_id,street,house_number,postal_code,city_id,geo_id) VALUES (346,'Haarlemmerweg','520','1014 BL',(select city_id from City where city_name='AMSTERDAM'),346);
INSERT INTO Atm(atm_id,distance,atm_type,address_id) VALUES	(346,0,'ING',346);
INSERT INTO GeoLocation(geo_id,lat,lng) VALUES (347,52.350057,4.939726);
INSERT INTO Address (address_id,street,house_number,postal_code,city_id,geo_id) VALUES (347,'Helmholtzstraat','63','1098 LE',(select city_id from City where city_name='AMSTERDAM'),347);
INSERT INTO Atm(atm_id,distance,atm_type,address_id) VALUES	(347,0,'ALBERT_HEIJN',347);
INSERT INTO GeoLocation(geo_id,lat,lng) VALUES (348,52.346053,4.891243);
INSERT INTO Address (address_id,street,house_number,postal_code,city_id,geo_id) VALUES (348,'Scheldestraat','47','1078 GG',(select city_id from City where city_name='AMSTERDAM'),348);
INSERT INTO Atm(atm_id,distance,atm_type,address_id) VALUES	(348,0,'ING',348);
INSERT INTO GeoLocation(geo_id,lat,lng) VALUES (349,51.663,4.533137);
INSERT INTO Address (address_id,street,house_number,postal_code,city_id,geo_id) VALUES (349,'Doorsteek','9','4791 HR',(select city_id from City where city_name='KLUNDERT'),349);
INSERT INTO Atm(atm_id,distance,atm_type,address_id) VALUES	(349,0,'ALBERT_HEIJN',349);
INSERT INTO GeoLocation(geo_id,lat,lng) VALUES (350,52.448434,4.802566);
INSERT INTO Address (address_id,street,house_number,postal_code,city_id,geo_id) VALUES (350,'Langeweide','77','1507 NC',(select city_id from City where city_name='ZAANDAM'),350);
INSERT INTO Atm(atm_id,distance,atm_type,address_id) VALUES	(350,0,'ALBERT_HEIJN',350);
INSERT INTO GeoLocation(geo_id,lat,lng) VALUES (351,51.536066,4.467864);
INSERT INTO Address (address_id,street,house_number,postal_code,city_id,geo_id) VALUES (351,'Van Beethovenlaan','4','4702 JS',(select city_id from City where city_name='ROOSENDAAL'),351);
INSERT INTO Atm(atm_id,distance,atm_type,address_id) VALUES	(351,0,'ALBERT_HEIJN',351);
INSERT INTO GeoLocation(geo_id,lat,lng) VALUES (352,51.494728,4.287812);
INSERT INTO Address (address_id,street,house_number,postal_code,city_id,geo_id) VALUES (352,'Grote Markt','6','4611 NR',(select city_id from City where city_name='BERGEN OP ZOOM'),352);
INSERT INTO Atm(atm_id,distance,atm_type,address_id) VALUES	(352,0,'ING',352);
INSERT INTO GeoLocation(geo_id,lat,lng) VALUES (353,51.863859,4.657596);
INSERT INTO Address (address_id,street,house_number,postal_code,city_id,geo_id) VALUES (353,'Makado Center','41','2951 EH',(select city_id from City where city_name='ALBLASSERDAM'),353);
INSERT INTO Atm(atm_id,distance,atm_type,address_id) VALUES	(353,0,'ALBERT_HEIJN',353);
INSERT INTO GeoLocation(geo_id,lat,lng) VALUES (354,51.395453,5.474914);
INSERT INTO Address (address_id,street,house_number,postal_code,city_id,geo_id) VALUES (354,'Den Hof','4','5582 JZ',(select city_id from City where city_name='WAALRE'),354);
INSERT INTO Atm(atm_id,distance,atm_type,address_id) VALUES	(354,0,'ALBERT_HEIJN',354);
INSERT INTO GeoLocation(geo_id,lat,lng) VALUES (355,51.981438,4.460909);
INSERT INTO Address (address_id,street,house_number,postal_code,city_id,geo_id) VALUES (355,'Rozenoord','2','2651 XN',(select city_id from City where city_name='BERKEL EN RODENRIJS'),355);
INSERT INTO Atm(atm_id,distance,atm_type,address_id) VALUES	(355,0,'ALBERT_HEIJN',355);
INSERT INTO GeoLocation(geo_id,lat,lng) VALUES (356,51.454815,3.584555);
INSERT INTO Address (address_id,street,house_number,postal_code,city_id,geo_id) VALUES (356,'Gildeweg','6','4383 NK',(select city_id from City where city_name='VLISSINGEN'),356);
INSERT INTO Atm(atm_id,distance,atm_type,address_id) VALUES	(356,0,'ALBERT_HEIJN',356);
INSERT INTO GeoLocation(geo_id,lat,lng) VALUES (357,52.3066486,5.0373109);
INSERT INTO Address (address_id,street,house_number,postal_code,city_id,geo_id) VALUES (357,'Achtergracht','64','1381 BP',(select city_id from City where city_name='WEESP'),357);
INSERT INTO Atm(atm_id,distance,atm_type,address_id) VALUES	(357,0,'ALBERT_HEIJN',357);
INSERT INTO GeoLocation(geo_id,lat,lng) VALUES (358,52.302398,4.691785);
INSERT INTO Address (address_id,street,house_number,postal_code,city_id,geo_id) VALUES (358,'Burgemeester van Stamplein','82','2132 BH',(select city_id from City where city_name='HOOFDDORP'),358);
INSERT INTO Atm(atm_id,distance,atm_type,address_id) VALUES	(358,0,'ING',358);
INSERT INTO GeoLocation(geo_id,lat,lng) VALUES (359,50.850338,5.66539);
INSERT INTO Address (address_id,street,house_number,postal_code,city_id,geo_id) VALUES (359,'Brusselsepoort','45','6216 CG',(select city_id from City where city_name='MAASTRICHT'),359);
INSERT INTO Atm(atm_id,distance,atm_type,address_id) VALUES	(359,0,'ALBERT_HEIJN',359);
INSERT INTO GeoLocation(geo_id,lat,lng) VALUES (360,51.819974,5.851089);
INSERT INTO Address (address_id,street,house_number,postal_code,city_id,geo_id) VALUES (360,'Sint Jacobslaan','61','6533 BP',(select city_id from City where city_name='NIJMEGEN'),360);
INSERT INTO Atm(atm_id,distance,atm_type,address_id) VALUES	(360,0,'ALBERT_HEIJN',360);
INSERT INTO GeoLocation(geo_id,lat,lng) VALUES (361,52.013104,4.358301);
INSERT INTO Address (address_id,street,house_number,postal_code,city_id,geo_id) VALUES (361,'Choorstraat','35','2611 JE',(select city_id from City where city_name='DELFT'),361);
INSERT INTO Atm(atm_id,distance,atm_type,address_id) VALUES	(361,0,'ALBERT_HEIJN',361);
INSERT INTO GeoLocation(geo_id,lat,lng) VALUES (362,52.359643,4.862021);
INSERT INTO Address (address_id,street,house_number,postal_code,city_id,geo_id) VALUES (362,'Overtoom','454','1054 JW',(select city_id from City where city_name='AMSTERDAM'),362);
INSERT INTO Atm(atm_id,distance,atm_type,address_id) VALUES	(362,0,'ALBERT_HEIJN',362);
INSERT INTO GeoLocation(geo_id,lat,lng) VALUES (363,52.788021,4.796994);
INSERT INTO Address (address_id,street,house_number,postal_code,city_id,geo_id) VALUES (363,'Makado Centrum','76','1741 JA',(select city_id from City where city_name='SCHAGEN'),363);
INSERT INTO Atm(atm_id,distance,atm_type,address_id) VALUES	(363,0,'ALBERT_HEIJN',363);
INSERT INTO GeoLocation(geo_id,lat,lng) VALUES (364,52.075048,4.360935);
INSERT INTO Address (address_id,street,house_number,postal_code,city_id,geo_id) VALUES (364,'Prins Bernhardlaan','175','2273 DP',(select city_id from City where city_name='VOORBURG'),364);
INSERT INTO Atm(atm_id,distance,atm_type,address_id) VALUES	(364,0,'ING',364);
INSERT INTO GeoLocation(geo_id,lat,lng) VALUES (365,51.252768,5.704195);
INSERT INTO Address (address_id,street,house_number,postal_code,city_id,geo_id) VALUES (365,'Nieuwe Markt','50','6001 EL',(select city_id from City where city_name='WEERT'),365);
INSERT INTO Atm(atm_id,distance,atm_type,address_id) VALUES	(365,0,'ING',365);
INSERT INTO GeoLocation(geo_id,lat,lng) VALUES (366,51.918903,4.476807);
INSERT INTO Address (address_id,street,house_number,postal_code,city_id,geo_id) VALUES (366,'Lijnbaan','121','3012 EN',(select city_id from City where city_name='ROTTERDAM'),366);
INSERT INTO Atm(atm_id,distance,atm_type,address_id) VALUES	(366,0,'ALBERT_HEIJN',366);
INSERT INTO GeoLocation(geo_id,lat,lng) VALUES (367,53.10512,6.1000679);
INSERT INTO Address (address_id,street,house_number,postal_code,city_id,geo_id) VALUES (367,'De Marke','33','9203 DV',(select city_id from City where city_name='DRACHTEN'),367);
INSERT INTO Atm(atm_id,distance,atm_type,address_id) VALUES	(367,0,'ALBERT_HEIJN',367);
INSERT INTO GeoLocation(geo_id,lat,lng) VALUES (368,52.374822,4.861299);
INSERT INTO Address (address_id,street,house_number,postal_code,city_id,geo_id) VALUES (368,'Jan van Galenstraat','87','1056 BJ',(select city_id from City where city_name='AMSTERDAM'),368);
INSERT INTO Atm(atm_id,distance,atm_type,address_id) VALUES	(368,0,'ALBERT_HEIJN',368);
INSERT INTO GeoLocation(geo_id,lat,lng) VALUES (369,53.144082,7.046022);
INSERT INTO Address (address_id,street,house_number,postal_code,city_id,geo_id) VALUES (369,'Beertsterweg','1D','9672 BE',(select city_id from City where city_name='WINSCHOTEN'),369);
INSERT INTO Atm(atm_id,distance,atm_type,address_id) VALUES	(369,0,'ALBERT_HEIJN',369);
INSERT INTO GeoLocation(geo_id,lat,lng) VALUES (370,50.8958181,5.7336048);
INSERT INTO Address (address_id,street,house_number,postal_code,city_id,geo_id) VALUES (370,'Sint Rochusstraat','20','6241 CD',(select city_id from City where city_name='BUNDE'),370);
INSERT INTO Atm(atm_id,distance,atm_type,address_id) VALUES	(370,0,'ALBERT_HEIJN',370);
INSERT INTO GeoLocation(geo_id,lat,lng) VALUES (371,52.076927,4.310382);
INSERT INTO Address (address_id,street,house_number,postal_code,city_id,geo_id) VALUES (371,'Venestraat','49','2511 AR',(select city_id from City where city_name='DEN HAAG'),371);
INSERT INTO Atm(atm_id,distance,atm_type,address_id) VALUES	(371,0,'ING',371);
INSERT INTO GeoLocation(geo_id,lat,lng) VALUES (372,51.928878,4.546419);
INSERT INTO Address (address_id,street,house_number,postal_code,city_id,geo_id) VALUES (372,'Mia van IJperenplein','89','3065 JK',(select city_id from City where city_name='ROTTERDAM'),372);
INSERT INTO Atm(atm_id,distance,atm_type,address_id) VALUES	(372,0,'ALBERT_HEIJN',372);
INSERT INTO GeoLocation(geo_id,lat,lng) VALUES (373,53.216831,6.563723);
INSERT INTO Address (address_id,street,house_number,postal_code,city_id,geo_id) VALUES (373,'Akerkhof','1','9712 BA',(select city_id from City where city_name='GRONINGEN'),373);
INSERT INTO Atm(atm_id,distance,atm_type,address_id) VALUES	(373,0,'ALBERT_HEIJN',373);
INSERT INTO GeoLocation(geo_id,lat,lng) VALUES (374,52.136881,5.428732);
INSERT INTO Address (address_id,street,house_number,postal_code,city_id,geo_id) VALUES (374,'De Biezenkamp','164','3831 JA',(select city_id from City where city_name='LEUSDEN'),374);
INSERT INTO Atm(atm_id,distance,atm_type,address_id) VALUES	(374,0,'ING',374);
INSERT INTO GeoLocation(geo_id,lat,lng) VALUES (375,51.569755,4.792171);
INSERT INTO Address (address_id,street,house_number,postal_code,city_id,geo_id) VALUES (375,'Valkeniersplein','4','4835 RB',(select city_id from City where city_name='BREDA'),375);
INSERT INTO Atm(atm_id,distance,atm_type,address_id) VALUES	(375,0,'ING',375);
INSERT INTO GeoLocation(geo_id,lat,lng) VALUES (376,52.171997,5.292361);
INSERT INTO Address (address_id,street,house_number,postal_code,city_id,geo_id) VALUES (376,'Smitsweg','20','3765 CT',(select city_id from City where city_name='SOEST'),376);
INSERT INTO Atm(atm_id,distance,atm_type,address_id) VALUES	(376,0,'ALBERT_HEIJN',376);
INSERT INTO GeoLocation(geo_id,lat,lng) VALUES (377,52.129501,5.428098);
INSERT INTO Address (address_id,street,house_number,postal_code,city_id,geo_id) VALUES (377,'Kooikersgracht','6','3831 NG',(select city_id from City where city_name='LEUSDEN'),377);
INSERT INTO Atm(atm_id,distance,atm_type,address_id) VALUES	(377,0,'ING',377);
INSERT INTO GeoLocation(geo_id,lat,lng) VALUES (378,52.35804,4.990486);
INSERT INTO Address (address_id,street,house_number,postal_code,city_id,geo_id) VALUES (378,'IJburglaan','719','1087 BS',(select city_id from City where city_name='AMSTERDAM'),378);
INSERT INTO Atm(atm_id,distance,atm_type,address_id) VALUES	(378,0,'ALBERT_HEIJN',378);
INSERT INTO GeoLocation(geo_id,lat,lng) VALUES (379,51.887354,4.546555);
INSERT INTO Address (address_id,street,house_number,postal_code,city_id,geo_id) VALUES (379,'Keizerswaard','33','3078 AL',(select city_id from City where city_name='ROTTERDAM'),379);
INSERT INTO Atm(atm_id,distance,atm_type,address_id) VALUES	(379,0,'ALBERT_HEIJN',379);
INSERT INTO GeoLocation(geo_id,lat,lng) VALUES (380,51.930908,6.078225);
INSERT INTO Address (address_id,street,house_number,postal_code,city_id,geo_id) VALUES (380,'Kampsingel','2','6901 JE',(select city_id from City where city_name='ZEVENAAR'),380);
INSERT INTO Atm(atm_id,distance,atm_type,address_id) VALUES	(380,0,'ALBERT_HEIJN',380);
INSERT INTO GeoLocation(geo_id,lat,lng) VALUES (381,52.084671,5.242279);
INSERT INTO Address (address_id,street,house_number,postal_code,city_id,geo_id) VALUES (381,'1e Hogeweg','200','3701 HL',(select city_id from City where city_name='ZEIST'),381);
INSERT INTO Atm(atm_id,distance,atm_type,address_id) VALUES	(381,0,'ING',381);
INSERT INTO GeoLocation(geo_id,lat,lng) VALUES (382,51.979425,5.34174);
INSERT INTO Address (address_id,street,house_number,postal_code,city_id,geo_id) VALUES (382,'Madelinushof','2','3962 DP',(select city_id from City where city_name='WIJK BIJ DUURSTEDE'),382);
INSERT INTO Atm(atm_id,distance,atm_type,address_id) VALUES	(382,0,'ING',382);
INSERT INTO GeoLocation(geo_id,lat,lng) VALUES (383,52.098053,4.363006);
INSERT INTO Address (address_id,street,house_number,postal_code,city_id,geo_id) VALUES (383,'Ursulaland','80-82','2591 HA',(select city_id from City where city_name='DEN HAAG'),383);
INSERT INTO Atm(atm_id,distance,atm_type,address_id) VALUES	(383,0,'ING',383);
INSERT INTO GeoLocation(geo_id,lat,lng) VALUES (384,52.009727,4.360782);
INSERT INTO Address (address_id,street,house_number,postal_code,city_id,geo_id) VALUES (384,'Brabantse Turfmarkt','33','2611 CL',(select city_id from City where city_name='DELFT'),384);
INSERT INTO Atm(atm_id,distance,atm_type,address_id) VALUES	(384,0,'ALBERT_HEIJN',384);
INSERT INTO GeoLocation(geo_id,lat,lng) VALUES (385,52.499881,5.41873);
INSERT INTO Address (address_id,street,house_number,postal_code,city_id,geo_id) VALUES (385,'Ringdijk','54','8244 BB',(select city_id from City where city_name='LELYSTAD'),385);
INSERT INTO Atm(atm_id,distance,atm_type,address_id) VALUES	(385,0,'ING',385);
INSERT INTO GeoLocation(geo_id,lat,lng) VALUES (386,51.967933,4.618009);
INSERT INTO Address (address_id,street,house_number,postal_code,city_id,geo_id) VALUES (386,'Reigerhof','150','2914 KE',(select city_id from City where city_name='NIEUWERKERK AAN DEN IJSSEL'),386);
INSERT INTO Atm(atm_id,distance,atm_type,address_id) VALUES	(386,0,'ALBERT_HEIJN',386);
INSERT INTO GeoLocation(geo_id,lat,lng) VALUES (387,52.306693,4.638382);
INSERT INTO Address (address_id,street,house_number,postal_code,city_id,geo_id) VALUES (387,'Genderenplein','20','2134 DP',(select city_id from City where city_name='HOOFDDORP'),387);
INSERT INTO Atm(atm_id,distance,atm_type,address_id) VALUES	(387,0,'ING',387);
INSERT INTO GeoLocation(geo_id,lat,lng) VALUES (388,52.652879,4.81323);
INSERT INTO Address (address_id,street,house_number,postal_code,city_id,geo_id) VALUES (388,'Roze Flamingo','98','1704 WV',(select city_id from City where city_name='HEERHUGOWAARD'),388);
INSERT INTO Atm(atm_id,distance,atm_type,address_id) VALUES	(388,0,'ALBERT_HEIJN',388);
INSERT INTO GeoLocation(geo_id,lat,lng) VALUES (389,53.334767,6.515408);
INSERT INTO Address (address_id,street,house_number,postal_code,city_id,geo_id) VALUES (389,'Obergon','2','9951 HL',(select city_id from City where city_name='WINSUM'),389);
INSERT INTO Atm(atm_id,distance,atm_type,address_id) VALUES	(389,0,'ALBERT_HEIJN',389);
INSERT INTO GeoLocation(geo_id,lat,lng) VALUES (390,52.104271,5.094193);
INSERT INTO Address (address_id,street,house_number,postal_code,city_id,geo_id) VALUES (390,'Amsterdamsestraatweg','367','3551 CK',(select city_id from City where city_name='UTRECHT'),390);
INSERT INTO Atm(atm_id,distance,atm_type,address_id) VALUES	(390,0,'ALBERT_HEIJN',390);
INSERT INTO GeoLocation(geo_id,lat,lng) VALUES (391,51.423399,4.328928);
INSERT INTO Address (address_id,street,house_number,postal_code,city_id,geo_id) VALUES (391,'Huijbergseweg','21','4631 GC',(select city_id from City where city_name='HOOGERHEIDE'),391);
INSERT INTO Atm(atm_id,distance,atm_type,address_id) VALUES	(391,0,'ALBERT_HEIJN',391);
INSERT INTO GeoLocation(geo_id,lat,lng) VALUES (392,51.511043,5.491733);
INSERT INTO Address (address_id,street,house_number,postal_code,city_id,geo_id) VALUES (392,'17 Septemberplein','9','5691 DG',(select city_id from City where city_name='SON'),392);
INSERT INTO Atm(atm_id,distance,atm_type,address_id) VALUES	(392,0,'ALBERT_HEIJN',392);
INSERT INTO GeoLocation(geo_id,lat,lng) VALUES (393,52.135292,6.229638);
INSERT INTO Address (address_id,street,house_number,postal_code,city_id,geo_id) VALUES (393,'Runneboom','2','7232 CX',(select city_id from City where city_name='WARNSVELD'),393);
INSERT INTO Atm(atm_id,distance,atm_type,address_id) VALUES	(393,0,'ALBERT_HEIJN',393);
INSERT INTO GeoLocation(geo_id,lat,lng) VALUES (394,51.9245336,4.5095433);
INSERT INTO Address (address_id,street,house_number,postal_code,city_id,geo_id) VALUES (394,'Lusthofstraat','89','3061 WL',(select city_id from City where city_name='ROTTERDAM'),394);
INSERT INTO Atm(atm_id,distance,atm_type,address_id) VALUES	(394,0,'ALBERT_HEIJN',394);
INSERT INTO GeoLocation(geo_id,lat,lng) VALUES (395,51.656913,5.040474);
INSERT INTO Address (address_id,street,house_number,postal_code,city_id,geo_id) VALUES (395,'Gasthuisstraat','124','5171 GJ',(select city_id from City where city_name='KAATSHEUVEL'),395);
INSERT INTO Atm(atm_id,distance,atm_type,address_id) VALUES	(395,0,'ALBERT_HEIJN',395);
INSERT INTO GeoLocation(geo_id,lat,lng) VALUES (396,52.438264,4.812907);
INSERT INTO Address (address_id,street,house_number,postal_code,city_id,geo_id) VALUES (396,'Ebbehout','31','1507 EA',(select city_id from City where city_name='ZAANDAM'),396);
INSERT INTO Atm(atm_id,distance,atm_type,address_id) VALUES	(396,0,'ING',396);
INSERT INTO GeoLocation(geo_id,lat,lng) VALUES (397,52.115684,5.127556);
INSERT INTO Address (address_id,street,house_number,postal_code,city_id,geo_id) VALUES (397,'Euterpedreef','13','3561 CV',(select city_id from City where city_name='UTRECHT'),397);
INSERT INTO Atm(atm_id,distance,atm_type,address_id) VALUES	(397,0,'ING',397);
INSERT INTO GeoLocation(geo_id,lat,lng) VALUES (398,52.5018738,5.4868584);
INSERT INTO Address (address_id,street,house_number,postal_code,city_id,geo_id) VALUES (398,'Kamp 42','22','8225 HN',(select city_id from City where city_name='LELYSTAD'),398);
INSERT INTO Atm(atm_id,distance,atm_type,address_id) VALUES	(398,0,'ALBERT_HEIJN',398);
INSERT INTO GeoLocation(geo_id,lat,lng) VALUES (399,53.053614,4.797348);
INSERT INTO Address (address_id,street,house_number,postal_code,city_id,geo_id) VALUES (399,'Groeneplaats','8','1791 CC',(select city_id from City where city_name='DEN BURG'),399);
INSERT INTO Atm(atm_id,distance,atm_type,address_id) VALUES	(399,0,'ING',399);
INSERT INTO GeoLocation(geo_id,lat,lng) VALUES (400,52.312084,6.925494);
INSERT INTO Address (address_id,street,house_number,postal_code,city_id,geo_id) VALUES (400,'Deurningerstraat','34','7571 BD',(select city_id from City where city_name='OLDENZAAL'),400);
INSERT INTO Atm(atm_id,distance,atm_type,address_id) VALUES	(400,0,'ING',400);
INSERT INTO GeoLocation(geo_id,lat,lng) VALUES (401,52.325261,4.867929);
INSERT INTO Address (address_id,street,house_number,postal_code,city_id,geo_id) VALUES (401,'Buitenveldertselaan','164','1081 AC',(select city_id from City where city_name='AMSTERDAM'),401);
INSERT INTO Atm(atm_id,distance,atm_type,address_id) VALUES	(401,0,'ING',401);
INSERT INTO GeoLocation(geo_id,lat,lng) VALUES (402,52.370783,4.870686);
INSERT INTO Address (address_id,street,house_number,postal_code,city_id,geo_id) VALUES (402,'Bilderdijkstraat','37','1053 KK',(select city_id from City where city_name='AMSTERDAM'),402);
INSERT INTO Atm(atm_id,distance,atm_type,address_id) VALUES	(402,0,'ALBERT_HEIJN',402);
INSERT INTO GeoLocation(geo_id,lat,lng) VALUES (403,52.0188,4.430515);
INSERT INTO Address (address_id,street,house_number,postal_code,city_id,geo_id) VALUES (403,'Ackershof','74','2641 BL',(select city_id from City where city_name='PIJNACKER'),403);
INSERT INTO Atm(atm_id,distance,atm_type,address_id) VALUES	(403,0,'ING',403);
INSERT INTO GeoLocation(geo_id,lat,lng) VALUES (404,52.346722,4.905355);
INSERT INTO Address (address_id,street,house_number,postal_code,city_id,geo_id) VALUES (404,'Rijnstraat','59','1078 PZ',(select city_id from City where city_name='AMSTERDAM'),404);
INSERT INTO Atm(atm_id,distance,atm_type,address_id) VALUES	(404,0,'ING',404);
INSERT INTO GeoLocation(geo_id,lat,lng) VALUES (405,52.374084,5.265581);
INSERT INTO Address (address_id,street,house_number,postal_code,city_id,geo_id) VALUES (405,'Juan Grisstraat','44','1328 KA',(select city_id from City where city_name='ALMERE'),405);
INSERT INTO Atm(atm_id,distance,atm_type,address_id) VALUES	(405,0,'ALBERT_HEIJN',405);
INSERT INTO GeoLocation(geo_id,lat,lng) VALUES (406,52.493766,4.969581);
INSERT INTO Address (address_id,street,house_number,postal_code,city_id,geo_id) VALUES (406,'Van Burgplein','10','1447 KR',(select city_id from City where city_name='PURMEREND'),406);
INSERT INTO Atm(atm_id,distance,atm_type,address_id) VALUES	(406,0,'ING',406);
INSERT INTO GeoLocation(geo_id,lat,lng) VALUES (407,52.494407,4.952846);
INSERT INTO Address (address_id,street,house_number,postal_code,city_id,geo_id) VALUES (407,'Zwanebloem','9','1441 TR',(select city_id from City where city_name='PURMEREND'),407);
INSERT INTO Atm(atm_id,distance,atm_type,address_id) VALUES	(407,0,'ING',407);
INSERT INTO GeoLocation(geo_id,lat,lng) VALUES (408,52.268243,4.746486);
INSERT INTO Address (address_id,street,house_number,postal_code,city_id,geo_id) VALUES (408,'Praamplein','4A','1431 CV',(select city_id from City where city_name='AALSMEER'),408);
INSERT INTO Atm(atm_id,distance,atm_type,address_id) VALUES	(408,0,'ALBERT_HEIJN',408);
INSERT INTO GeoLocation(geo_id,lat,lng) VALUES (409,51.993233,4.210885);
INSERT INTO Address (address_id,street,house_number,postal_code,city_id,geo_id) VALUES (409,'Verdilaan','4','2671 VX',(select city_id from City where city_name='NAALDWIJK'),409);
INSERT INTO Atm(atm_id,distance,atm_type,address_id) VALUES	(409,0,'ALBERT_HEIJN',409);
INSERT INTO GeoLocation(geo_id,lat,lng) VALUES (410,51.91125,4.478079);
INSERT INTO Address (address_id,street,house_number,postal_code,city_id,geo_id) VALUES (410,'Vasteland','108','3011 BP',(select city_id from City where city_name='ROTTERDAM'),410);
INSERT INTO Atm(atm_id,distance,atm_type,address_id) VALUES	(410,0,'ALBERT_HEIJN',410);
INSERT INTO GeoLocation(geo_id,lat,lng) VALUES (411,52.090844,4.274685);
INSERT INTO Address (address_id,street,house_number,postal_code,city_id,geo_id) VALUES (411,'Willem de Zwijgerlaan','43','2582 EG',(select city_id from City where city_name='DEN HAAG'),411);
INSERT INTO Atm(atm_id,distance,atm_type,address_id) VALUES	(411,0,'ING',411);
INSERT INTO GeoLocation(geo_id,lat,lng) VALUES (412,52.154525,5.389086);
INSERT INTO Address (address_id,street,house_number,postal_code,city_id,geo_id) VALUES (412,'Scherbierstraat','8','3811 EA',(select city_id from City where city_name='AMERSFOORT'),412);
INSERT INTO Atm(atm_id,distance,atm_type,address_id) VALUES	(412,0,'ING',412);
INSERT INTO GeoLocation(geo_id,lat,lng) VALUES (413,52.477247,4.672185);
INSERT INTO Address (address_id,street,house_number,postal_code,city_id,geo_id) VALUES (413,'Montageweg','35','1948 PH',(select city_id from City where city_name='BEVERWIJK'),413);
INSERT INTO Atm(atm_id,distance,atm_type,address_id) VALUES	(413,0,'ING',413);
INSERT INTO GeoLocation(geo_id,lat,lng) VALUES (414,52.362327,4.939793);
INSERT INTO Address (address_id,street,house_number,postal_code,city_id,geo_id) VALUES (414,'Molukkenstraat','101','1095 AZ',(select city_id from City where city_name='AMSTERDAM'),414);
INSERT INTO Atm(atm_id,distance,atm_type,address_id) VALUES	(414,0,'ALBERT_HEIJN',414);
INSERT INTO GeoLocation(geo_id,lat,lng) VALUES (415,51.730017,4.43991);
INSERT INTO Address (address_id,street,house_number,postal_code,city_id,geo_id) VALUES (415,'Wethouder van der Veldenweg','8','3281 AN',(select city_id from City where city_name='NUMANSDORP'),415);
INSERT INTO Atm(atm_id,distance,atm_type,address_id) VALUES	(415,0,'ALBERT_HEIJN',415);
INSERT INTO GeoLocation(geo_id,lat,lng) VALUES (416,52.212096,5.29169);
INSERT INTO Address (address_id,street,house_number,postal_code,city_id,geo_id) VALUES (416,'Brinkzicht','16','3743 EX',(select city_id from City where city_name='BAARN'),416);
INSERT INTO Atm(atm_id,distance,atm_type,address_id) VALUES	(416,0,'ING',416);
INSERT INTO GeoLocation(geo_id,lat,lng) VALUES (417,52.185824,5.399119);
INSERT INTO Address (address_id,street,house_number,postal_code,city_id,geo_id) VALUES (417,'De Beurs','1','3823 GA',(select city_id from City where city_name='AMERSFOORT'),417);
INSERT INTO Atm(atm_id,distance,atm_type,address_id) VALUES	(417,0,'ING',417);
INSERT INTO GeoLocation(geo_id,lat,lng) VALUES (418,51.477157,5.660631);
INSERT INTO Address (address_id,street,house_number,postal_code,city_id,geo_id) VALUES (418,'Kasteel Traverse','9','5701 NR',(select city_id from City where city_name='HELMOND'),418);
INSERT INTO Atm(atm_id,distance,atm_type,address_id) VALUES	(418,0,'ING',418);
INSERT INTO GeoLocation(geo_id,lat,lng) VALUES (419,51.424864,5.547461);
INSERT INTO Address (address_id,street,house_number,postal_code,city_id,geo_id) VALUES (419,'Eindhovenseweg','40','5662 AB',(select city_id from City where city_name='GELDROP'),419);
INSERT INTO Atm(atm_id,distance,atm_type,address_id) VALUES	(419,0,'ALBERT_HEIJN',419);
INSERT INTO GeoLocation(geo_id,lat,lng) VALUES (420,51.820637,4.404673);
INSERT INTO Address (address_id,street,house_number,postal_code,city_id,geo_id) VALUES (420,'Beijerse Hof','19','3262 VR',(select city_id from City where city_name='OUD-BEIJERLAND'),420);
INSERT INTO Atm(atm_id,distance,atm_type,address_id) VALUES	(420,0,'ALBERT_HEIJN',420);
INSERT INTO GeoLocation(geo_id,lat,lng) VALUES (421,52.282302,4.826533);
INSERT INTO Address (address_id,street,house_number,postal_code,city_id,geo_id) VALUES (421,'Westwijkplein','7','1187 LV',(select city_id from City where city_name='AMSTELVEEN'),421);
INSERT INTO Atm(atm_id,distance,atm_type,address_id) VALUES	(421,0,'ALBERT_HEIJN',421);
INSERT INTO GeoLocation(geo_id,lat,lng) VALUES (422,52.720227,5.729989);
INSERT INTO Address (address_id,street,house_number,postal_code,city_id,geo_id) VALUES (422,'Haarlemmermeer','2','8302 NP',(select city_id from City where city_name='EMMELOORD'),422);
INSERT INTO Atm(atm_id,distance,atm_type,address_id) VALUES	(422,0,'ALBERT_HEIJN',422);
INSERT INTO GeoLocation(geo_id,lat,lng) VALUES (423,51.777403,5.932408);
INSERT INTO Address (address_id,street,house_number,postal_code,city_id,geo_id) VALUES (423,'Bellevue','3','6561 CV',(select city_id from City where city_name='GROESBEEK'),423);
INSERT INTO Atm(atm_id,distance,atm_type,address_id) VALUES	(423,0,'ALBERT_HEIJN',423);
INSERT INTO GeoLocation(geo_id,lat,lng) VALUES (424,52.315597,4.955136);
INSERT INTO Address (address_id,street,house_number,postal_code,city_id,geo_id) VALUES (424,'Bijlmerplein','526','1102 DP',(select city_id from City where city_name='AMSTERDAM-ZUIDOOST'),424);
INSERT INTO Atm(atm_id,distance,atm_type,address_id) VALUES	(424,0,'ALBERT_HEIJN',424);
INSERT INTO GeoLocation(geo_id,lat,lng) VALUES (425,52.956725,4.761914);
INSERT INTO Address (address_id,street,house_number,postal_code,city_id,geo_id) VALUES (425,'Parallelweg','15','1781 EA',(select city_id from City where city_name='DEN HELDER'),425);
INSERT INTO Atm(atm_id,distance,atm_type,address_id) VALUES	(425,0,'ING',425);
INSERT INTO GeoLocation(geo_id,lat,lng) VALUES (426,51.729155,5.878578);
INSERT INTO Address (address_id,street,house_number,postal_code,city_id,geo_id) VALUES (426,'Molenstraat','18','5431 BX',(select city_id from City where city_name='CUIJK'),426);
INSERT INTO Atm(atm_id,distance,atm_type,address_id) VALUES	(426,0,'ING',426);
INSERT INTO GeoLocation(geo_id,lat,lng) VALUES (427,51.337745,3.829218);
INSERT INTO Address (address_id,street,house_number,postal_code,city_id,geo_id) VALUES (427,'Havenstraat','38','4531 EK',(select city_id from City where city_name='TERNEUZEN'),427);
INSERT INTO Atm(atm_id,distance,atm_type,address_id) VALUES	(427,0,'ING',427);
INSERT INTO GeoLocation(geo_id,lat,lng) VALUES (428,51.917695,4.565586);
INSERT INTO Address (address_id,street,house_number,postal_code,city_id,geo_id) VALUES (428,'Puccinipassage','28-30','2901 GK',(select city_id from City where city_name='CAPELLE AAN DEN IJSSEL'),428);
INSERT INTO Atm(atm_id,distance,atm_type,address_id) VALUES	(428,0,'ING',428);
INSERT INTO GeoLocation(geo_id,lat,lng) VALUES (429,51.919412,4.486901);
INSERT INTO Address (address_id,street,house_number,postal_code,city_id,geo_id) VALUES (429,'Blaak','1','3011 GA',(select city_id from City where city_name='ROTTERDAM'),429);
INSERT INTO Atm(atm_id,distance,atm_type,address_id) VALUES	(429,0,'ING',429);
INSERT INTO GeoLocation(geo_id,lat,lng) VALUES (430,51.440786,5.453711);
INSERT INTO Address (address_id,street,house_number,postal_code,city_id,geo_id) VALUES (430,'Strijpsestraat','137','5616 GM',(select city_id from City where city_name='EINDHOVEN'),430);
INSERT INTO Atm(atm_id,distance,atm_type,address_id) VALUES	(430,0,'ALBERT_HEIJN',430);
INSERT INTO GeoLocation(geo_id,lat,lng) VALUES (431,52.215837,5.17051);
INSERT INTO Address (address_id,street,house_number,postal_code,city_id,geo_id) VALUES (431,'Gijsbrecht van Amstelstraat','123','1214 AW',(select city_id from City where city_name='HILVERSUM'),431);
INSERT INTO Atm(atm_id,distance,atm_type,address_id) VALUES	(431,0,'ING',431);
INSERT INTO GeoLocation(geo_id,lat,lng) VALUES (432,52.084992,4.334441);
INSERT INTO Address (address_id,street,house_number,postal_code,city_id,geo_id) VALUES (432,'Theresiastraat','97-99','2593 AC',(select city_id from City where city_name='DEN HAAG'),432);
INSERT INTO Atm(atm_id,distance,atm_type,address_id) VALUES	(432,0,'ING',432);
INSERT INTO GeoLocation(geo_id,lat,lng) VALUES (433,50.849783,5.689416);
INSERT INTO Address (address_id,street,house_number,postal_code,city_id,geo_id) VALUES (433,'Helmstraat','4','6211 TA',(select city_id from City where city_name='MAASTRICHT'),433);
INSERT INTO Atm(atm_id,distance,atm_type,address_id) VALUES	(433,0,'ALBERT_HEIJN',433);
INSERT INTO GeoLocation(geo_id,lat,lng) VALUES (434,51.50252,3.890307);
INSERT INTO Address (address_id,street,house_number,postal_code,city_id,geo_id) VALUES (434,'Kreukelmarkt','7','4461 HW',(select city_id from City where city_name='GOES'),434);
INSERT INTO Atm(atm_id,distance,atm_type,address_id) VALUES	(434,0,'ING',434);
INSERT INTO GeoLocation(geo_id,lat,lng) VALUES (435,51.696021,4.87413);
INSERT INTO Address (address_id,street,house_number,postal_code,city_id,geo_id) VALUES (435,'Hoofdstraat','29','4941 DC',(select city_id from City where city_name='RAAMSDONKSVEER'),435);
INSERT INTO Atm(atm_id,distance,atm_type,address_id) VALUES	(435,0,'ING',435);
INSERT INTO GeoLocation(geo_id,lat,lng) VALUES (436,51.7592361,5.7387069);
INSERT INTO Address (address_id,street,house_number,postal_code,city_id,geo_id) VALUES (436,'Hoofschestraat','2-8','5361 EV',(select city_id from City where city_name='GRAVE'),436);
INSERT INTO Atm(atm_id,distance,atm_type,address_id) VALUES	(436,0,'ALBERT_HEIJN',436);
INSERT INTO GeoLocation(geo_id,lat,lng) VALUES (437,50.949813,5.795133);
INSERT INTO Address (address_id,street,house_number,postal_code,city_id,geo_id) VALUES (437,'Wethouder Sangersstraat','170','6191 NA',(select city_id from City where city_name='BEEK'),437);
INSERT INTO Atm(atm_id,distance,atm_type,address_id) VALUES	(437,0,'ALBERT_HEIJN',437);
INSERT INTO GeoLocation(geo_id,lat,lng) VALUES (438,52.860623,6.515982);
INSERT INTO Address (address_id,street,house_number,postal_code,city_id,geo_id) VALUES (438,'Weversstraat','3','9411 NC',(select city_id from City where city_name='BEILEN'),438);
INSERT INTO Atm(atm_id,distance,atm_type,address_id) VALUES	(438,0,'ALBERT_HEIJN',438);
INSERT INTO GeoLocation(geo_id,lat,lng) VALUES (439,51.66147,5.030956);
INSERT INTO Address (address_id,street,house_number,postal_code,city_id,geo_id) VALUES (439,'Hoofdstraat','78','5171 DE',(select city_id from City where city_name='KAATSHEUVEL'),439);
INSERT INTO Atm(atm_id,distance,atm_type,address_id) VALUES	(439,0,'ING',439);
INSERT INTO GeoLocation(geo_id,lat,lng) VALUES (440,51.656433,5.615052);
INSERT INTO Address (address_id,street,house_number,postal_code,city_id,geo_id) VALUES (440,'Markt','19','5401 GN',(select city_id from City where city_name='UDEN'),440);
INSERT INTO Atm(atm_id,distance,atm_type,address_id) VALUES	(440,0,'ALBERT_HEIJN',440);
INSERT INTO GeoLocation(geo_id,lat,lng) VALUES (441,52.377563,5.782043);
INSERT INTO Address (address_id,street,house_number,postal_code,city_id,geo_id) VALUES (441,'Brinkersweg','13-15','8071 GR',(select city_id from City where city_name='NUNSPEET'),441);
INSERT INTO Atm(atm_id,distance,atm_type,address_id) VALUES	(441,0,'ING',441);
INSERT INTO GeoLocation(geo_id,lat,lng) VALUES (442,53.033612,5.655537);
INSERT INTO Address (address_id,street,house_number,postal_code,city_id,geo_id) VALUES (442,'Sint Antoniusplein','35','8601 HK',(select city_id from City where city_name='SNEEK'),442);
INSERT INTO Atm(atm_id,distance,atm_type,address_id) VALUES	(442,0,'ALBERT_HEIJN',442);
INSERT INTO GeoLocation(geo_id,lat,lng) VALUES (443,52.103806,4.276392);
INSERT INTO Address (address_id,street,house_number,postal_code,city_id,geo_id) VALUES (443,'Keizerstraat','327','2584 BG',(select city_id from City where city_name='DEN HAAG'),443);
INSERT INTO Atm(atm_id,distance,atm_type,address_id) VALUES	(443,0,'ING',443);
INSERT INTO GeoLocation(geo_id,lat,lng) VALUES (444,52.369836,4.919731);
INSERT INTO Address (address_id,street,house_number,postal_code,city_id,geo_id) VALUES (444,'Kleine Wittenburgerstraat','14','1018 LV',(select city_id from City where city_name='AMSTERDAM'),444);
INSERT INTO Atm(atm_id,distance,atm_type,address_id) VALUES	(444,0,'ALBERT_HEIJN',444);
INSERT INTO GeoLocation(geo_id,lat,lng) VALUES (445,52.079511,4.321293);
INSERT INTO Address (address_id,street,house_number,postal_code,city_id,geo_id) VALUES (445,'Turfmarkt','238a','2511 DJ',(select city_id from City where city_name='DEN HAAG'),445);
INSERT INTO Atm(atm_id,distance,atm_type,address_id) VALUES	(445,0,'ING',445);
INSERT INTO GeoLocation(geo_id,lat,lng) VALUES (446,52.370575,4.854226);
INSERT INTO Address (address_id,street,house_number,postal_code,city_id,geo_id) VALUES (446,'Jan Evertsenstraat','85-87','1057 BS',(select city_id from City where city_name='AMSTERDAM'),446);
INSERT INTO Atm(atm_id,distance,atm_type,address_id) VALUES	(446,0,'ING',446);
INSERT INTO GeoLocation(geo_id,lat,lng) VALUES (447,51.556076,5.087321);
INSERT INTO Address (address_id,street,house_number,postal_code,city_id,geo_id) VALUES (447,'Heuvelstraat','50','5038 AG',(select city_id from City where city_name='TILBURG'),447);
INSERT INTO Atm(atm_id,distance,atm_type,address_id) VALUES	(447,0,'ING',447);
INSERT INTO GeoLocation(geo_id,lat,lng) VALUES (448,52.390896,4.910767);
INSERT INTO Address (address_id,street,house_number,postal_code,city_id,geo_id) VALUES (448,'Van der Pekstraat','137','1031 CX',(select city_id from City where city_name='AMSTERDAM'),448);
INSERT INTO Atm(atm_id,distance,atm_type,address_id) VALUES	(448,0,'ING',448);
INSERT INTO GeoLocation(geo_id,lat,lng) VALUES (449,52.483887,6.112475);
INSERT INTO Address (address_id,street,house_number,postal_code,city_id,geo_id) VALUES (449,'Pijmanstraat','6','8014 VB',(select city_id from City where city_name='ZWOLLE'),449);
INSERT INTO Atm(atm_id,distance,atm_type,address_id) VALUES	(449,0,'ING',449);
INSERT INTO GeoLocation(geo_id,lat,lng) VALUES (450,52.010421,5.431647);
INSERT INTO Address (address_id,street,house_number,postal_code,city_id,geo_id) VALUES (450,'Honingraat','57','3956 HH',(select city_id from City where city_name='LEERSUM'),450);
INSERT INTO Atm(atm_id,distance,atm_type,address_id) VALUES	(450,0,'ALBERT_HEIJN',450);
INSERT INTO GeoLocation(geo_id,lat,lng) VALUES (451,52.354997,4.82677);
INSERT INTO Address (address_id,street,house_number,postal_code,city_id,geo_id) VALUES (451,'Sierplein','78','1065 LN',(select city_id from City where city_name='AMSTERDAM'),451);
INSERT INTO Atm(atm_id,distance,atm_type,address_id) VALUES	(451,0,'ALBERT_HEIJN',451);
INSERT INTO GeoLocation(geo_id,lat,lng) VALUES (452,52.27492,4.794484);
INSERT INTO Address (address_id,street,house_number,postal_code,city_id,geo_id) VALUES (452,'Poldermeesterplein','1','1432 JZ',(select city_id from City where city_name='AALSMEER'),452);
INSERT INTO Atm(atm_id,distance,atm_type,address_id) VALUES	(452,0,'ALBERT_HEIJN',452);
INSERT INTO GeoLocation(geo_id,lat,lng) VALUES (453,52.384466,4.635779);
INSERT INTO Address (address_id,street,house_number,postal_code,city_id,geo_id) VALUES (453,'Kruisstraat','10','2011 PX',(select city_id from City where city_name='HAARLEM'),453);
INSERT INTO Atm(atm_id,distance,atm_type,address_id) VALUES	(453,0,'ALBERT_HEIJN',453);
INSERT INTO GeoLocation(geo_id,lat,lng) VALUES (454,51.798381,4.725293);
INSERT INTO Address (address_id,street,house_number,postal_code,city_id,geo_id) VALUES (454,'Pearl Buck-erf','214','3315 BE',(select city_id from City where city_name='DORDRECHT'),454);
INSERT INTO Atm(atm_id,distance,atm_type,address_id) VALUES	(454,0,'ING',454);
INSERT INTO GeoLocation(geo_id,lat,lng) VALUES (455,51.569107,4.639954);
INSERT INTO Address (address_id,street,house_number,postal_code,city_id,geo_id) VALUES (455,'Valpoort','157','4873 BM',(select city_id from City where city_name='ETTEN-LEUR'),455);
INSERT INTO Atm(atm_id,distance,atm_type,address_id) VALUES	(455,0,'ING',455);
INSERT INTO GeoLocation(geo_id,lat,lng) VALUES (456,52.105325,4.323233);
INSERT INTO Address (address_id,street,house_number,postal_code,city_id,geo_id) VALUES (456,'Theo Mann-Bouwmeesterlaan','9','2597 GV',(select city_id from City where city_name='DEN HAAG'),456);
INSERT INTO Atm(atm_id,distance,atm_type,address_id) VALUES	(456,0,'ALBERT_HEIJN',456);
INSERT INTO GeoLocation(geo_id,lat,lng) VALUES (457,52.349501,4.937735);
INSERT INTO Address (address_id,street,house_number,postal_code,city_id,geo_id) VALUES (457,'Middenweg','233','1098 AP',(select city_id from City where city_name='AMSTERDAM'),457);
INSERT INTO Atm(atm_id,distance,atm_type,address_id) VALUES	(457,0,'ING',457);
INSERT INTO GeoLocation(geo_id,lat,lng) VALUES (458,52.154561,5.388092);
INSERT INTO Address (address_id,street,house_number,postal_code,city_id,geo_id) VALUES (458,'Langestraat','8','3811 AG',(select city_id from City where city_name='AMERSFOORT'),458);
INSERT INTO Atm(atm_id,distance,atm_type,address_id) VALUES	(458,0,'ING',458);
INSERT INTO GeoLocation(geo_id,lat,lng) VALUES (459,52.266829,6.793711);
INSERT INTO Address (address_id,street,house_number,postal_code,city_id,geo_id) VALUES (459,'Thiemsbrug','19','7551 EZ',(select city_id from City where city_name='HENGELO'),459);
INSERT INTO Atm(atm_id,distance,atm_type,address_id) VALUES	(459,0,'ALBERT_HEIJN',459);
INSERT INTO GeoLocation(geo_id,lat,lng) VALUES (460,53.215145,6.50111);
INSERT INTO Address (address_id,street,house_number,postal_code,city_id,geo_id) VALUES (460,'Zuiderweg','27','9745 AA',(select city_id from City where city_name='GRONINGEN'),460);
INSERT INTO Atm(atm_id,distance,atm_type,address_id) VALUES	(460,0,'ALBERT_HEIJN',460);
INSERT INTO GeoLocation(geo_id,lat,lng) VALUES (461,52.207708,4.86678);
INSERT INTO Address (address_id,street,house_number,postal_code,city_id,geo_id) VALUES (461,'Burgemeester Haitsmaplein','3','3641 EW',(select city_id from City where city_name='MIJDRECHT'),461);
INSERT INTO Atm(atm_id,distance,atm_type,address_id) VALUES	(461,0,'ING',461);
INSERT INTO GeoLocation(geo_id,lat,lng) VALUES (462,52.046073,5.671067);
INSERT INTO Address (address_id,street,house_number,postal_code,city_id,geo_id) VALUES (462,'Torenstraat','10A','6711 AN',(select city_id from City where city_name='EDE'),462);
INSERT INTO Atm(atm_id,distance,atm_type,address_id) VALUES	(462,0,'ING',462);
INSERT INTO GeoLocation(geo_id,lat,lng) VALUES (463,51.743759,4.553119);
INSERT INTO Address (address_id,street,house_number,postal_code,city_id,geo_id) VALUES (463,'Kerkstraat','18','3291 AL',(select city_id from City where city_name='STRIJEN'),463);
INSERT INTO Atm(atm_id,distance,atm_type,address_id) VALUES	(463,0,'ALBERT_HEIJN',463);
INSERT INTO GeoLocation(geo_id,lat,lng) VALUES (464,52.885049,4.739538);
INSERT INTO Address (address_id,street,house_number,postal_code,city_id,geo_id) VALUES (464,'Drooghe Bol','1034-1036','1788 VB',(select city_id from City where city_name='JULIANADORP'),464);
INSERT INTO Atm(atm_id,distance,atm_type,address_id) VALUES	(464,0,'ING',464);
INSERT INTO GeoLocation(geo_id,lat,lng) VALUES (465,52.362037,4.840747);
INSERT INTO Address (address_id,street,house_number,postal_code,city_id,geo_id) VALUES (465,'Derkinderenstraat','64','1062 BJ',(select city_id from City where city_name='AMSTERDAM'),465);
INSERT INTO Atm(atm_id,distance,atm_type,address_id) VALUES	(465,0,'ING',465);
INSERT INTO GeoLocation(geo_id,lat,lng) VALUES (466,51.432433,5.470109);
INSERT INTO Address (address_id,street,house_number,postal_code,city_id,geo_id) VALUES (466,'Hoogstraat','100','5615 PS',(select city_id from City where city_name='EINDHOVEN'),466);
INSERT INTO Atm(atm_id,distance,atm_type,address_id) VALUES	(466,0,'ALBERT_HEIJN',466);
INSERT INTO GeoLocation(geo_id,lat,lng) VALUES (467,51.9420032,6.1335453);
INSERT INTO Address (address_id,street,house_number,postal_code,city_id,geo_id) VALUES (467,'Rozenstraat','29','6942 WE',(select city_id from City where city_name='DIDAM'),467);
INSERT INTO Atm(atm_id,distance,atm_type,address_id) VALUES	(467,0,'ALBERT_HEIJN',467);
INSERT INTO GeoLocation(geo_id,lat,lng) VALUES (468,52.432391,6.074795);
INSERT INTO Address (address_id,street,house_number,postal_code,city_id,geo_id) VALUES (468,'W.H. van de Pollstraat','2','8191 DA',(select city_id from City where city_name='WAPENVELD'),468);
INSERT INTO Atm(atm_id,distance,atm_type,address_id) VALUES	(468,0,'ALBERT_HEIJN',468);
INSERT INTO GeoLocation(geo_id,lat,lng) VALUES (469,51.49487,5.692278);
INSERT INTO Address (address_id,street,house_number,postal_code,city_id,geo_id) VALUES (469,'Dierdonkpark','10','5709 PZ',(select city_id from City where city_name='HELMOND'),469);
INSERT INTO Atm(atm_id,distance,atm_type,address_id) VALUES	(469,0,'ALBERT_HEIJN',469);
INSERT INTO GeoLocation(geo_id,lat,lng) VALUES (470,52.2685,5.184334);
INSERT INTO Address (address_id,street,house_number,postal_code,city_id,geo_id) VALUES (470,'Koekoeklaan','88','1403 EH',(select city_id from City where city_name='BUSSUM'),470);
INSERT INTO Atm(atm_id,distance,atm_type,address_id) VALUES	(470,0,'ALBERT_HEIJN',470);
INSERT INTO GeoLocation(geo_id,lat,lng) VALUES (471,51.88131,4.543661);
INSERT INTO Address (address_id,street,house_number,postal_code,city_id,geo_id) VALUES (471,'Kerstendijk','5','3079 ET',(select city_id from City where city_name='ROTTERDAM'),471);
INSERT INTO Atm(atm_id,distance,atm_type,address_id) VALUES	(471,0,'ING',471);
INSERT INTO GeoLocation(geo_id,lat,lng) VALUES (472,52.480171,4.656297);
INSERT INTO Address (address_id,street,house_number,postal_code,city_id,geo_id) VALUES (472,'Breestraat','31','1941 ED',(select city_id from City where city_name='BEVERWIJK'),472);
INSERT INTO Atm(atm_id,distance,atm_type,address_id) VALUES	(472,0,'ING',472);
INSERT INTO GeoLocation(geo_id,lat,lng) VALUES (473,52.271406,5.165653);
INSERT INTO Address (address_id,street,house_number,postal_code,city_id,geo_id) VALUES (473,'Laarderweg','11','1402 BA',(select city_id from City where city_name='BUSSUM'),473);
INSERT INTO Atm(atm_id,distance,atm_type,address_id) VALUES	(473,0,'ALBERT_HEIJN',473);
INSERT INTO GeoLocation(geo_id,lat,lng) VALUES (474,52.06711,4.296687);
INSERT INTO Address (address_id,street,house_number,postal_code,city_id,geo_id) VALUES (474,'Hobbemaplein','30A','2526 JB',(select city_id from City where city_name='DEN HAAG'),474);
INSERT INTO Atm(atm_id,distance,atm_type,address_id) VALUES	(474,0,'ING',474);
INSERT INTO GeoLocation(geo_id,lat,lng) VALUES (475,52.392802,4.955413);
INSERT INTO Address (address_id,street,house_number,postal_code,city_id,geo_id) VALUES (475,'Waterlandplein','255','1024 LT',(select city_id from City where city_name='AMSTERDAM'),475);
INSERT INTO Atm(atm_id,distance,atm_type,address_id) VALUES	(475,0,'ALBERT_HEIJN',475);
INSERT INTO GeoLocation(geo_id,lat,lng) VALUES (476,53.198167,5.78682);
INSERT INTO Address (address_id,street,house_number,postal_code,city_id,geo_id) VALUES (476,'Tesselschadestraat','1','8913 HA',(select city_id from City where city_name='LEEUWARDEN'),476);
INSERT INTO Atm(atm_id,distance,atm_type,address_id) VALUES	(476,0,'ING',476);
INSERT INTO GeoLocation(geo_id,lat,lng) VALUES (477,52.039047,4.366424);
INSERT INTO Address (address_id,street,house_number,postal_code,city_id,geo_id) VALUES (477,'Plesmanlaan','174','2497 CC',(select city_id from City where city_name='DEN HAAG'),477);
INSERT INTO Atm(atm_id,distance,atm_type,address_id) VALUES	(477,0,'ING',477);
INSERT INTO GeoLocation(geo_id,lat,lng) VALUES (478,52.128868,4.659852);
INSERT INTO Address (address_id,street,house_number,postal_code,city_id,geo_id) VALUES (478,'Castellumstraat','1','2405 CB',(select city_id from City where city_name='ALPHEN AAN DEN RIJN'),478);
INSERT INTO Atm(atm_id,distance,atm_type,address_id) VALUES	(478,0,'ING',478);
INSERT INTO GeoLocation(geo_id,lat,lng) VALUES (479,52.028723,5.53238);
INSERT INTO Address (address_id,street,house_number,postal_code,city_id,geo_id) VALUES (479,'Veenslag','7','3905 SH',(select city_id from City where city_name='VEENENDAAL'),479);
INSERT INTO Atm(atm_id,distance,atm_type,address_id) VALUES	(479,0,'ALBERT_HEIJN',479);
INSERT INTO GeoLocation(geo_id,lat,lng) VALUES (480,51.911779,4.479814);
INSERT INTO Address (address_id,street,house_number,postal_code,city_id,geo_id) VALUES (480,'Vasteland','42A','3011 BM',(select city_id from City where city_name='ROTTERDAM'),480);
INSERT INTO Atm(atm_id,distance,atm_type,address_id) VALUES	(480,0,'ING',480);
INSERT INTO GeoLocation(geo_id,lat,lng) VALUES (481,51.983274,5.949426);
INSERT INTO Address (address_id,street,house_number,postal_code,city_id,geo_id) VALUES (481,'Hanzestraat','145','6826 MJ',(select city_id from City where city_name='ARNHEM'),481);
INSERT INTO Atm(atm_id,distance,atm_type,address_id) VALUES	(481,0,'ALBERT_HEIJN',481);
INSERT INTO GeoLocation(geo_id,lat,lng) VALUES (482,53.111313,6.885138);
INSERT INTO Address (address_id,street,house_number,postal_code,city_id,geo_id) VALUES (482,'Beneden Oosterdiep','165','9645 LN',(select city_id from City where city_name='VEENDAM'),482);
INSERT INTO Atm(atm_id,distance,atm_type,address_id) VALUES	(482,0,'ALBERT_HEIJN',482);
INSERT INTO GeoLocation(geo_id,lat,lng) VALUES (483,52.176258,5.456403);
INSERT INTO Address (address_id,street,house_number,postal_code,city_id,geo_id) VALUES (483,'Kantemarsweg','10','3871 AP',(select city_id from City where city_name='HOEVELAKEN'),483);
INSERT INTO Atm(atm_id,distance,atm_type,address_id) VALUES	(483,0,'ALBERT_HEIJN',483);
INSERT INTO GeoLocation(geo_id,lat,lng) VALUES (484,53.24817,6.868891);
INSERT INTO Address (address_id,street,house_number,postal_code,city_id,geo_id) VALUES (484,'Hoofdweg','164A','9628 CT',(select city_id from City where city_name='SIDDEBUREN'),484);
INSERT INTO Atm(atm_id,distance,atm_type,address_id) VALUES	(484,0,'ALBERT_HEIJN',484);
INSERT INTO GeoLocation(geo_id,lat,lng) VALUES (485,52.082528,5.416601);
INSERT INTO Address (address_id,street,house_number,postal_code,city_id,geo_id) VALUES (485,'Dorpsstraat','27','3931 ED',(select city_id from City where city_name='WOUDENBERG'),485);
INSERT INTO Atm(atm_id,distance,atm_type,address_id) VALUES	(485,0,'ALBERT_HEIJN',485);
INSERT INTO GeoLocation(geo_id,lat,lng) VALUES (486,51.492232,3.6224);
INSERT INTO Address (address_id,street,house_number,postal_code,city_id,geo_id) VALUES (486,'Vrijlandstraat','87-89','4337 EC',(select city_id from City where city_name='MIDDELBURG'),486);
INSERT INTO Atm(atm_id,distance,atm_type,address_id) VALUES	(486,0,'ING',486);
INSERT INTO GeoLocation(geo_id,lat,lng) VALUES (487,52.654852,4.757247);
INSERT INTO Address (address_id,street,house_number,postal_code,city_id,geo_id) VALUES (487,'Europaboulevard','26','1825 SB',(select city_id from City where city_name='ALKMAAR'),487);
INSERT INTO Atm(atm_id,distance,atm_type,address_id) VALUES	(487,0,'ALBERT_HEIJN',487);
INSERT INTO GeoLocation(geo_id,lat,lng) VALUES (488,52.605645,4.711931);
INSERT INTO Address (address_id,street,house_number,postal_code,city_id,geo_id) VALUES (488,'''t Loo','61','1851 HT',(select city_id from City where city_name='HEILOO'),488);
INSERT INTO Atm(atm_id,distance,atm_type,address_id) VALUES	(488,0,'ALBERT_HEIJN',488);
INSERT INTO GeoLocation(geo_id,lat,lng) VALUES (489,51.470234,5.494519);
INSERT INTO Address (address_id,street,house_number,postal_code,city_id,geo_id) VALUES (489,'Orionstraat','149','5632 DC',(select city_id from City where city_name='EINDHOVEN'),489);
INSERT INTO Atm(atm_id,distance,atm_type,address_id) VALUES	(489,0,'ALBERT_HEIJN',489);
INSERT INTO GeoLocation(geo_id,lat,lng) VALUES (490,51.587564,4.77296);
INSERT INTO Address (address_id,street,house_number,postal_code,city_id,geo_id) VALUES (490,'Nieuwstraat','45','4811 WV',(select city_id from City where city_name='BREDA'),490);
INSERT INTO Atm(atm_id,distance,atm_type,address_id) VALUES	(490,0,'ALBERT_HEIJN',490);
INSERT INTO GeoLocation(geo_id,lat,lng) VALUES (491,50.946557,5.774383);
INSERT INTO Address (address_id,street,house_number,postal_code,city_id,geo_id) VALUES (491,'Stationsstraat','110','6181 AK',(select city_id from City where city_name='ELSLOO'),491);
INSERT INTO Atm(atm_id,distance,atm_type,address_id) VALUES	(491,0,'ALBERT_HEIJN',491);
INSERT INTO GeoLocation(geo_id,lat,lng) VALUES (492,52.559389,5.916485);
INSERT INTO Address (address_id,street,house_number,postal_code,city_id,geo_id) VALUES (492,'Oudestraat','137','8261 CK',(select city_id from City where city_name='KAMPEN'),492);
INSERT INTO Atm(atm_id,distance,atm_type,address_id) VALUES	(492,0,'ING',492);
INSERT INTO GeoLocation(geo_id,lat,lng) VALUES (493,52.489357,4.650447);
INSERT INTO Address (address_id,street,house_number,postal_code,city_id,geo_id) VALUES (493,'Plantage','130','1943 LR',(select city_id from City where city_name='BEVERWIJK'),493);
INSERT INTO Atm(atm_id,distance,atm_type,address_id) VALUES	(493,0,'ING',493);
INSERT INTO GeoLocation(geo_id,lat,lng) VALUES (494,52.016983,4.706249);
INSERT INTO Address (address_id,street,house_number,postal_code,city_id,geo_id) VALUES (494,'Stationsplein','11','2801 AK',(select city_id from City where city_name='GOUDA'),494);
INSERT INTO Atm(atm_id,distance,atm_type,address_id) VALUES	(494,0,'ING',494);
INSERT INTO GeoLocation(geo_id,lat,lng) VALUES (495,52.036553,4.314281);
INSERT INTO Address (address_id,street,house_number,postal_code,city_id,geo_id) VALUES (495,'Prins Willem Alexander Promenade','113','2284 DJ',(select city_id from City where city_name='RIJSWIJK'),495);
INSERT INTO Atm(atm_id,distance,atm_type,address_id) VALUES	(495,0,'ING',495);
INSERT INTO GeoLocation(geo_id,lat,lng) VALUES (496,51.445559,3.572171);
INSERT INTO Address (address_id,street,house_number,postal_code,city_id,geo_id) VALUES (496,'Aagje Dekenstraat','1','4381 RM',(select city_id from City where city_name='VLISSINGEN'),496);
INSERT INTO Atm(atm_id,distance,atm_type,address_id) VALUES	(496,0,'ING',496);
INSERT INTO GeoLocation(geo_id,lat,lng) VALUES (497,52.028483,4.314619);
INSERT INTO Address (address_id,street,house_number,postal_code,city_id,geo_id) VALUES (497,'Henri Dunantlaan','86-88','2286 GE',(select city_id from City where city_name='RIJSWIJK'),497);
INSERT INTO Atm(atm_id,distance,atm_type,address_id) VALUES	(497,0,'ING',497);
INSERT INTO GeoLocation(geo_id,lat,lng) VALUES (498,52.09018,4.257728);
INSERT INTO Address (address_id,street,house_number,postal_code,city_id,geo_id) VALUES (498,'Tesselseplein','30','2583 HP',(select city_id from City where city_name='DEN HAAG'),498);
INSERT INTO Atm(atm_id,distance,atm_type,address_id) VALUES	(498,0,'ING',498);
INSERT INTO GeoLocation(geo_id,lat,lng) VALUES (499,52.07675,4.271066);
INSERT INTO Address (address_id,street,house_number,postal_code,city_id,geo_id) VALUES (499,'Fahrenheitstraat','434A','2561 EN',(select city_id from City where city_name='DEN HAAG'),499);
INSERT INTO Atm(atm_id,distance,atm_type,address_id) VALUES	(499,0,'ING',499);
INSERT INTO GeoLocation(geo_id,lat,lng) VALUES (500,52.141749,5.012467);
INSERT INTO Address (address_id,street,house_number,postal_code,city_id,geo_id) VALUES (500,'Zwanenkamp','300','3607 SG',(select city_id from City where city_name='MAARSSEN'),500);
INSERT INTO Atm(atm_id,distance,atm_type,address_id) VALUES	(500,0,'ING',500);
INSERT INTO GeoLocation(geo_id,lat,lng) VALUES (501,52.375546,4.631083);
INSERT INTO Address (address_id,street,house_number,postal_code,city_id,geo_id) VALUES (501,'Houtplein','9','2012 DD',(select city_id from City where city_name='HAARLEM'),501);
INSERT INTO Atm(atm_id,distance,atm_type,address_id) VALUES	(501,0,'ING',501);
INSERT INTO GeoLocation(geo_id,lat,lng) VALUES (502,52.090084,4.383387);
INSERT INTO Address (address_id,street,house_number,postal_code,city_id,geo_id) VALUES (502,'Eglantier','23-25','2262 AP',(select city_id from City where city_name='LEIDSCHENDAM'),502);
INSERT INTO Atm(atm_id,distance,atm_type,address_id) VALUES	(502,0,'ING',502);
INSERT INTO GeoLocation(geo_id,lat,lng) VALUES (503,53.144322,6.26902);
INSERT INTO Address (address_id,street,house_number,postal_code,city_id,geo_id) VALUES (503,'Wendtsteinweg','64','9363 AR',(select city_id from City where city_name='MARUM'),503);
INSERT INTO Atm(atm_id,distance,atm_type,address_id) VALUES	(503,0,'ALBERT_HEIJN',503);
INSERT INTO GeoLocation(geo_id,lat,lng) VALUES (504,51.69005,5.062394);
INSERT INTO Address (address_id,street,house_number,postal_code,city_id,geo_id) VALUES (504,'Grotestraat','172','5141 HC',(select city_id from City where city_name='WAALWIJK'),504);
INSERT INTO Atm(atm_id,distance,atm_type,address_id) VALUES	(504,0,'ING',504);
INSERT INTO GeoLocation(geo_id,lat,lng) VALUES (505,52.373492,4.887908);
INSERT INTO Address (address_id,street,house_number,postal_code,city_id,geo_id) VALUES (505,'Raadhuisstraat','20-24','1016 DE',(select city_id from City where city_name='AMSTERDAM'),505);
INSERT INTO Atm(atm_id,distance,atm_type,address_id) VALUES	(505,0,'ING',505);
INSERT INTO GeoLocation(geo_id,lat,lng) VALUES (506,51.809329,4.890855);
INSERT INTO Address (address_id,street,house_number,postal_code,city_id,geo_id) VALUES (506,'Sigmondstraat','52','4251 ZB',(select city_id from City where city_name='WERKENDAM'),506);
INSERT INTO Atm(atm_id,distance,atm_type,address_id) VALUES	(506,0,'ALBERT_HEIJN',506);
INSERT INTO GeoLocation(geo_id,lat,lng) VALUES (507,51.575011,5.084267);
INSERT INTO Address (address_id,street,house_number,postal_code,city_id,geo_id) VALUES (507,'Bart van Peltplein','12','5046 GA',(select city_id from City where city_name='TILBURG'),507);
INSERT INTO Atm(atm_id,distance,atm_type,address_id) VALUES	(507,0,'ING',507);
INSERT INTO GeoLocation(geo_id,lat,lng) VALUES (508,51.888255,4.491896);
INSERT INTO Address (address_id,street,house_number,postal_code,city_id,geo_id) VALUES (508,'Zuidplein','616','3083 CX',(select city_id from City where city_name='ROTTERDAM'),508);
INSERT INTO Atm(atm_id,distance,atm_type,address_id) VALUES	(508,0,'ING',508);
INSERT INTO GeoLocation(geo_id,lat,lng) VALUES (509,52.342318,4.964298);
INSERT INTO Address (address_id,street,house_number,postal_code,city_id,geo_id) VALUES (509,'Ouddiemerlaan','225','1111 GZ',(select city_id from City where city_name='DIEMEN'),509);
INSERT INTO Atm(atm_id,distance,atm_type,address_id) VALUES	(509,0,'ING',509);
INSERT INTO GeoLocation(geo_id,lat,lng) VALUES (510,51.936519,4.479839);
INSERT INTO Address (address_id,street,house_number,postal_code,city_id,geo_id) VALUES (510,'Benthuizerstraat','54','3036 CJ',(select city_id from City where city_name='ROTTERDAM'),510);
INSERT INTO Atm(atm_id,distance,atm_type,address_id) VALUES	(510,0,'ALBERT_HEIJN',510);
INSERT INTO GeoLocation(geo_id,lat,lng) VALUES (511,51.662513,5.631677);
INSERT INTO Address (address_id,street,house_number,postal_code,city_id,geo_id) VALUES (511,'Drossaard','55','5403 ES',(select city_id from City where city_name='UDEN'),511);
INSERT INTO Atm(atm_id,distance,atm_type,address_id) VALUES	(511,0,'ING',511);
INSERT INTO GeoLocation(geo_id,lat,lng) VALUES (512,52.15162,5.405511);
INSERT INTO Address (address_id,street,house_number,postal_code,city_id,geo_id) VALUES (512,'Euterpeplein','43','3816 NR',(select city_id from City where city_name='AMERSFOORT'),512);
INSERT INTO Atm(atm_id,distance,atm_type,address_id) VALUES	(512,0,'ALBERT_HEIJN',512);
INSERT INTO GeoLocation(geo_id,lat,lng) VALUES (513,51.924005,4.469302);
INSERT INTO Address (address_id,street,house_number,postal_code,city_id,geo_id) VALUES (513,'Stationsplein','19','3013 AJ',(select city_id from City where city_name='ROTTERDAM'),513);
INSERT INTO Atm(atm_id,distance,atm_type,address_id) VALUES	(513,0,'ING',513);
INSERT INTO GeoLocation(geo_id,lat,lng) VALUES (514,52.261256,6.708531);
INSERT INTO Address (address_id,street,house_number,postal_code,city_id,geo_id) VALUES (514,'De Kolk','3','7491 XN',(select city_id from City where city_name='DELDEN'),514);
INSERT INTO Atm(atm_id,distance,atm_type,address_id) VALUES	(514,0,'ALBERT_HEIJN',514);
INSERT INTO GeoLocation(geo_id,lat,lng) VALUES (515,51.73592,5.530343);
INSERT INTO Address (address_id,street,house_number,postal_code,city_id,geo_id) VALUES (515,'''t Dorp','40','5384 MC',(select city_id from City where city_name='HEESCH'),515);
INSERT INTO Atm(atm_id,distance,atm_type,address_id) VALUES	(515,0,'ING',515);
INSERT INTO GeoLocation(geo_id,lat,lng) VALUES (516,52.232323,5.191716);
INSERT INTO Address (address_id,street,house_number,postal_code,city_id,geo_id) VALUES (516,'Seinstraat','13','1223 DE',(select city_id from City where city_name='HILVERSUM'),516);
INSERT INTO Atm(atm_id,distance,atm_type,address_id) VALUES	(516,0,'ALBERT_HEIJN',516);
INSERT INTO GeoLocation(geo_id,lat,lng) VALUES (517,51.809604,5.241613);
INSERT INTO Address (address_id,street,house_number,postal_code,city_id,geo_id) VALUES (517,'Steenweg','8','5301 HL',(select city_id from City where city_name='ZALTBOMMEL'),517);
INSERT INTO Atm(atm_id,distance,atm_type,address_id) VALUES	(517,0,'ALBERT_HEIJN',517);
INSERT INTO GeoLocation(geo_id,lat,lng) VALUES (518,51.266541,3.908718);
INSERT INTO Address (address_id,street,house_number,postal_code,city_id,geo_id) VALUES (518,'Szydlowskiplein','20','4571 EW',(select city_id from City where city_name='AXEL'),518);
INSERT INTO Atm(atm_id,distance,atm_type,address_id) VALUES	(518,0,'ALBERT_HEIJN',518);
INSERT INTO GeoLocation(geo_id,lat,lng) VALUES (519,52.076097,4.358504);
INSERT INTO Address (address_id,street,house_number,postal_code,city_id,geo_id) VALUES (519,'Koningin Julianaplein','24','2273 BR',(select city_id from City where city_name='VOORBURG'),519);
INSERT INTO Atm(atm_id,distance,atm_type,address_id) VALUES	(519,0,'ING',519);
INSERT INTO GeoLocation(geo_id,lat,lng) VALUES (520,51.648421,5.947952);
INSERT INTO Address (address_id,street,house_number,postal_code,city_id,geo_id) VALUES (520,'Steenstraat','136','5831 JK',(select city_id from City where city_name='BOXMEER'),520);
INSERT INTO Atm(atm_id,distance,atm_type,address_id) VALUES	(520,0,'ALBERT_HEIJN',520);
INSERT INTO GeoLocation(geo_id,lat,lng) VALUES (521,52.362283,4.912469);
INSERT INTO Address (address_id,street,house_number,postal_code,city_id,geo_id) VALUES (521,'Sarphatistraat','141','1018 GD',(select city_id from City where city_name='AMSTERDAM'),521);
INSERT INTO Atm(atm_id,distance,atm_type,address_id) VALUES	(521,0,'ALBERT_HEIJN',521);
INSERT INTO GeoLocation(geo_id,lat,lng) VALUES (522,51.994744,4.476027);
INSERT INTO Address (address_id,street,house_number,postal_code,city_id,geo_id) VALUES (522,'Westerwater','2','2651 JN',(select city_id from City where city_name='BERKEL EN RODENRIJS'),522);
INSERT INTO Atm(atm_id,distance,atm_type,address_id) VALUES	(522,0,'ALBERT_HEIJN',522);
INSERT INTO GeoLocation(geo_id,lat,lng) VALUES (523,51.547213,4.591792);
INSERT INTO Address (address_id,street,house_number,postal_code,city_id,geo_id) VALUES (523,'Dorpsstraat','42','4711 NH',(select city_id from City where city_name='SINT WILLEBRORD'),523);
INSERT INTO Atm(atm_id,distance,atm_type,address_id) VALUES	(523,0,'ALBERT_HEIJN',523);
INSERT INTO GeoLocation(geo_id,lat,lng) VALUES (524,51.5623605,3.4972596);
INSERT INTO Address (address_id,street,house_number,postal_code,city_id,geo_id) VALUES (524,'Singel','6','4357 BW',(select city_id from City where city_name='DOMBURG'),524);
INSERT INTO Atm(atm_id,distance,atm_type,address_id) VALUES	(524,0,'ALBERT_HEIJN',524);
INSERT INTO GeoLocation(geo_id,lat,lng) VALUES (525,52.240447,5.365397);
INSERT INTO Address (address_id,street,house_number,postal_code,city_id,geo_id) VALUES (525,'Tuinfluiter','1','3752 NA',(select city_id from City where city_name='BUNSCHOTEN-SPAKENBURG'),525);
INSERT INTO Atm(atm_id,distance,atm_type,address_id) VALUES	(525,0,'ALBERT_HEIJN',525);
INSERT INTO GeoLocation(geo_id,lat,lng) VALUES (526,52.346614,4.918757);
INSERT INTO Address (address_id,street,house_number,postal_code,city_id,geo_id) VALUES (526,'Julianaplein','1','1097 DN',(select city_id from City where city_name='AMSTERDAM'),526);
INSERT INTO Atm(atm_id,distance,atm_type,address_id) VALUES	(526,0,'ING',526);
INSERT INTO GeoLocation(geo_id,lat,lng) VALUES (527,51.823607,5.859816);
INSERT INTO Address (address_id,street,house_number,postal_code,city_id,geo_id) VALUES (527,'Geert Grooteplein Zuid','10','6525 GA',(select city_id from City where city_name='NIJMEGEN'),527);
INSERT INTO Atm(atm_id,distance,atm_type,address_id) VALUES	(527,0,'ING',527);
INSERT INTO GeoLocation(geo_id,lat,lng) VALUES (528,51.917798,4.444889);
INSERT INTO Address (address_id,street,house_number,postal_code,city_id,geo_id) VALUES (528,'Mathenesserplein','76','3022 LD',(select city_id from City where city_name='ROTTERDAM'),528);
INSERT INTO Atm(atm_id,distance,atm_type,address_id) VALUES	(528,0,'ALBERT_HEIJN',528);
INSERT INTO GeoLocation(geo_id,lat,lng) VALUES (529,51.833834,5.882399);
INSERT INTO Address (address_id,street,house_number,postal_code,city_id,geo_id) VALUES (529,'Van ''t Santstraat','380','6523 BX',(select city_id from City where city_name='NIJMEGEN'),529);
INSERT INTO Atm(atm_id,distance,atm_type,address_id) VALUES	(529,0,'ING',529);
INSERT INTO GeoLocation(geo_id,lat,lng) VALUES (530,51.969949,5.668171);
INSERT INTO Address (address_id,street,house_number,postal_code,city_id,geo_id) VALUES (530,'Stadsbrink','375','6707 AA',(select city_id from City where city_name='WAGENINGEN'),530);
INSERT INTO Atm(atm_id,distance,atm_type,address_id) VALUES	(530,0,'ALBERT_HEIJN',530);
INSERT INTO GeoLocation(geo_id,lat,lng) VALUES (531,52.936096,4.77164);
INSERT INTO Address (address_id,street,house_number,postal_code,city_id,geo_id) VALUES (531,'Vrede en Vrijheid','19','1785 RL',(select city_id from City where city_name='DEN HELDER'),531);
INSERT INTO Atm(atm_id,distance,atm_type,address_id) VALUES	(531,0,'ALBERT_HEIJN',531);
INSERT INTO GeoLocation(geo_id,lat,lng) VALUES (532,52.2876,5.970482);
INSERT INTO Address (address_id,street,house_number,postal_code,city_id,geo_id) VALUES (532,'Houtzagersstraat','6','8171 CW',(select city_id from City where city_name='VAASSEN'),532);
INSERT INTO Atm(atm_id,distance,atm_type,address_id) VALUES	(532,0,'ALBERT_HEIJN',532);
INSERT INTO GeoLocation(geo_id,lat,lng) VALUES (533,51.325686,3.484077);
INSERT INTO Address (address_id,street,house_number,postal_code,city_id,geo_id) VALUES (533,'Torenweidelaan','2','4501 AK',(select city_id from City where city_name='OOSTBURG'),533);
INSERT INTO Atm(atm_id,distance,atm_type,address_id) VALUES	(533,0,'ALBERT_HEIJN',533);
INSERT INTO GeoLocation(geo_id,lat,lng) VALUES (534,52.791881,6.936418);
INSERT INTO Address (address_id,street,house_number,postal_code,city_id,geo_id) VALUES (534,'Houtweg','152','7823 PG',(select city_id from City where city_name='EMMEN'),534);
INSERT INTO Atm(atm_id,distance,atm_type,address_id) VALUES	(534,0,'ING',534);
INSERT INTO GeoLocation(geo_id,lat,lng) VALUES (535,51.441304,5.503672);
INSERT INTO Address (address_id,street,house_number,postal_code,city_id,geo_id) VALUES (535,'Insulindelaan','130','5613 BT',(select city_id from City where city_name='EINDHOVEN'),535);
INSERT INTO Atm(atm_id,distance,atm_type,address_id) VALUES	(535,0,'ALBERT_HEIJN',535);
INSERT INTO GeoLocation(geo_id,lat,lng) VALUES (536,50.849259,5.694085);
INSERT INTO Address (address_id,street,house_number,postal_code,city_id,geo_id) VALUES (536,'Maastrichter Brugstraat','5','6211 ES',(select city_id from City where city_name='MAASTRICHT'),536);
INSERT INTO Atm(atm_id,distance,atm_type,address_id) VALUES	(536,0,'ING',536);
INSERT INTO GeoLocation(geo_id,lat,lng) VALUES (537,52.029373,5.557084);
INSERT INTO Address (address_id,street,house_number,postal_code,city_id,geo_id) VALUES (537,'Scheepjeshof','96-98','3901 CX',(select city_id from City where city_name='VEENENDAAL'),537);
INSERT INTO Atm(atm_id,distance,atm_type,address_id) VALUES	(537,0,'ING',537);
INSERT INTO GeoLocation(geo_id,lat,lng) VALUES (538,52.525376,6.425762);
INSERT INTO Address (address_id,street,house_number,postal_code,city_id,geo_id) VALUES (538,'Haven Noord','1','7731 GZ',(select city_id from City where city_name='OMMEN'),538);
INSERT INTO Atm(atm_id,distance,atm_type,address_id) VALUES	(538,0,'ALBERT_HEIJN',538);
INSERT INTO GeoLocation(geo_id,lat,lng) VALUES (539,51.442827,5.409139);
INSERT INTO Address (address_id,street,house_number,postal_code,city_id,geo_id) VALUES (539,'Meerzand','6','5658 LJ',(select city_id from City where city_name='EINDHOVEN'),539);
INSERT INTO Atm(atm_id,distance,atm_type,address_id) VALUES	(539,0,'ALBERT_HEIJN',539);
INSERT INTO GeoLocation(geo_id,lat,lng) VALUES (540,52.50322,6.258033);
INSERT INTO Address (address_id,street,house_number,postal_code,city_id,geo_id) VALUES (540,'Raadhuisstraat','13','7721 AX',(select city_id from City where city_name='DALFSEN'),540);
INSERT INTO Atm(atm_id,distance,atm_type,address_id) VALUES	(540,0,'ALBERT_HEIJN',540);
INSERT INTO GeoLocation(geo_id,lat,lng) VALUES (541,51.845284,4.63029);
INSERT INTO Address (address_id,street,house_number,postal_code,city_id,geo_id) VALUES (541,'Reeweg','88','3342 AC',(select city_id from City where city_name='HENDRIK-IDO-AMBACHT'),541);
INSERT INTO Atm(atm_id,distance,atm_type,address_id) VALUES	(541,0,'ALBERT_HEIJN',541);
INSERT INTO GeoLocation(geo_id,lat,lng) VALUES (542,52.077854,4.305661);
INSERT INTO Address (address_id,street,house_number,postal_code,city_id,geo_id) VALUES (542,'Torenstraat','27','2513 BN',(select city_id from City where city_name='DEN HAAG'),542);
INSERT INTO Atm(atm_id,distance,atm_type,address_id) VALUES	(542,0,'ALBERT_HEIJN',542);
INSERT INTO GeoLocation(geo_id,lat,lng) VALUES (543,50.849208,5.712519);
INSERT INTO Address (address_id,street,house_number,postal_code,city_id,geo_id) VALUES (543,'Scharnerweg','110','6224 JJ',(select city_id from City where city_name='MAASTRICHT'),543);
INSERT INTO Atm(atm_id,distance,atm_type,address_id) VALUES	(543,0,'ALBERT_HEIJN',543);
INSERT INTO GeoLocation(geo_id,lat,lng) VALUES (544,52.215169,6.971231);
INSERT INTO Address (address_id,street,house_number,postal_code,city_id,geo_id) VALUES (544,'Gronausestraat','1130','7534 AS',(select city_id from City where city_name='ENSCHEDE'),544);
INSERT INTO Atm(atm_id,distance,atm_type,address_id) VALUES	(544,0,'ALBERT_HEIJN',544);
INSERT INTO GeoLocation(geo_id,lat,lng) VALUES (545,52.350226,4.788563);
INSERT INTO Address (address_id,street,house_number,postal_code,city_id,geo_id) VALUES (545,'Pieter Calandlaan','780','1060 TZ',(select city_id from City where city_name='AMSTERDAM'),545);
INSERT INTO Atm(atm_id,distance,atm_type,address_id) VALUES	(545,0,'ING',545);
INSERT INTO GeoLocation(geo_id,lat,lng) VALUES (546,52.362838,4.892201);
INSERT INTO Address (address_id,street,house_number,postal_code,city_id,geo_id) VALUES (546,'Vijzelstraat','113','1017 HJ',(select city_id from City where city_name='AMSTERDAM'),546);
INSERT INTO Atm(atm_id,distance,atm_type,address_id) VALUES	(546,0,'ALBERT_HEIJN',546);
INSERT INTO GeoLocation(geo_id,lat,lng) VALUES (547,51.883539,5.606303);
INSERT INTO Address (address_id,street,house_number,postal_code,city_id,geo_id) VALUES (547,'Scharenburg','21','6652 AK',(select city_id from City where city_name='DRUTEN'),547);
INSERT INTO Atm(atm_id,distance,atm_type,address_id) VALUES	(547,0,'ALBERT_HEIJN',547);
INSERT INTO GeoLocation(geo_id,lat,lng) VALUES (548,53.22742,6.5598543);
INSERT INTO Address (address_id,street,house_number,postal_code,city_id,geo_id) VALUES (548,'Korreweg','10','9715 AA',(select city_id from City where city_name='GRONINGEN'),548);
INSERT INTO Atm(atm_id,distance,atm_type,address_id) VALUES	(548,0,'ING',548);
INSERT INTO GeoLocation(geo_id,lat,lng) VALUES (549,52.345797,4.810903);
INSERT INTO Address (address_id,street,house_number,postal_code,city_id,geo_id) VALUES (549,'Belgieplein','107','1066 RC',(select city_id from City where city_name='AMSTERDAM'),549);
INSERT INTO Atm(atm_id,distance,atm_type,address_id) VALUES	(549,0,'ALBERT_HEIJN',549);
INSERT INTO GeoLocation(geo_id,lat,lng) VALUES (550,52.186678,5.396443);
INSERT INTO Address (address_id,street,house_number,postal_code,city_id,geo_id) VALUES (550,'Emiclaerhof','142','3823 ER',(select city_id from City where city_name='AMERSFOORT'),550);
INSERT INTO Atm(atm_id,distance,atm_type,address_id) VALUES	(550,0,'ALBERT_HEIJN',550);
INSERT INTO GeoLocation(geo_id,lat,lng) VALUES (551,51.360768,6.16235);
INSERT INTO Address (address_id,street,house_number,postal_code,city_id,geo_id) VALUES (551,'van Nijvenheimstraat','62','5912 BN',(select city_id from City where city_name='VENLO'),551);
INSERT INTO Atm(atm_id,distance,atm_type,address_id) VALUES	(551,0,'ALBERT_HEIJN',551);
INSERT INTO GeoLocation(geo_id,lat,lng) VALUES (552,52.195974,5.430688);
INSERT INTO Address (address_id,street,house_number,postal_code,city_id,geo_id) VALUES (552,'Buma','1','3825 ME',(select city_id from City where city_name='AMERSFOORT'),552);
INSERT INTO Atm(atm_id,distance,atm_type,address_id) VALUES	(552,0,'ALBERT_HEIJN',552);
INSERT INTO GeoLocation(geo_id,lat,lng) VALUES (553,52.134668,5.030684);
INSERT INTO Address (address_id,street,house_number,postal_code,city_id,geo_id) VALUES (553,'Bisonspoor','1078','3605 KJ',(select city_id from City where city_name='MAARSSEN'),553);
INSERT INTO Atm(atm_id,distance,atm_type,address_id) VALUES	(553,0,'ALBERT_HEIJN',553);
INSERT INTO GeoLocation(geo_id,lat,lng) VALUES (554,50.858561,6.022562);
INSERT INTO Address (address_id,street,house_number,postal_code,city_id,geo_id) VALUES (554,'Graverstraat','68','6466 KX',(select city_id from City where city_name='KERKRADE'),554);
INSERT INTO Atm(atm_id,distance,atm_type,address_id) VALUES	(554,0,'ING',554);
INSERT INTO GeoLocation(geo_id,lat,lng) VALUES (555,51.519197,5.055886);
INSERT INTO Address (address_id,street,house_number,postal_code,city_id,geo_id) VALUES (555,'Koningsschild','11','5051 TT',(select city_id from City where city_name='GOIRLE'),555);
INSERT INTO Atm(atm_id,distance,atm_type,address_id) VALUES	(555,0,'ALBERT_HEIJN',555);
INSERT INTO GeoLocation(geo_id,lat,lng) VALUES (556,52.313887,4.949652);
INSERT INTO Address (address_id,street,house_number,postal_code,city_id,geo_id) VALUES (556,'Bijlmerplein','79','1102 BH',(select city_id from City where city_name='AMSTERDAM-ZUIDOOST'),556);
INSERT INTO Atm(atm_id,distance,atm_type,address_id) VALUES	(556,0,'ING',556);
INSERT INTO GeoLocation(geo_id,lat,lng) VALUES (557,52.109644,5.182373);
INSERT INTO Address (address_id,street,house_number,postal_code,city_id,geo_id) VALUES (557,'Herenweg','8','3732 CM',(select city_id from City where city_name='DE BILT'),557);
INSERT INTO Atm(atm_id,distance,atm_type,address_id) VALUES	(557,0,'ALBERT_HEIJN',557);
INSERT INTO GeoLocation(geo_id,lat,lng) VALUES (558,51.525503,5.972771);
INSERT INTO Address (address_id,street,house_number,postal_code,city_id,geo_id) VALUES (558,'Merseloseweg','62','5801 CE',(select city_id from City where city_name='VENRAY'),558);
INSERT INTO Atm(atm_id,distance,atm_type,address_id) VALUES	(558,0,'ING',558);
INSERT INTO GeoLocation(geo_id,lat,lng) VALUES (559,52.663177,5.62453);
INSERT INTO Address (address_id,street,house_number,postal_code,city_id,geo_id) VALUES (559,'Nagel','42','8321 RG',(select city_id from City where city_name='URK'),559);
INSERT INTO Atm(atm_id,distance,atm_type,address_id) VALUES	(559,0,'ALBERT_HEIJN',559);
INSERT INTO GeoLocation(geo_id,lat,lng) VALUES (560,51.936994,4.427455);
INSERT INTO Address (address_id,street,house_number,postal_code,city_id,geo_id) VALUES (560,'Burgemeester Baumannlaan','127','3043 AJ',(select city_id from City where city_name='ROTTERDAM'),560);
INSERT INTO Atm(atm_id,distance,atm_type,address_id) VALUES	(560,0,'ING',560);
INSERT INTO GeoLocation(geo_id,lat,lng) VALUES (561,52.234399,4.446496);
INSERT INTO Address (address_id,street,house_number,postal_code,city_id,geo_id) VALUES (561,'Kerkstraat','11','2201 KK',(select city_id from City where city_name='NOORDWIJK'),561);
INSERT INTO Atm(atm_id,distance,atm_type,address_id) VALUES	(561,0,'ING',561);
INSERT INTO GeoLocation(geo_id,lat,lng) VALUES (562,51.654907,5.292986);
INSERT INTO Address (address_id,street,house_number,postal_code,city_id,geo_id) VALUES (562,'Stationsstraat','31','5261 VB',(select city_id from City where city_name='VUGHT'),562);
INSERT INTO Atm(atm_id,distance,atm_type,address_id) VALUES	(562,0,'ALBERT_HEIJN',562);
INSERT INTO GeoLocation(geo_id,lat,lng) VALUES (563,53.056402,4.797803);
INSERT INTO Address (address_id,street,house_number,postal_code,city_id,geo_id) VALUES (563,'Waalderstraat','48','1791 EC',(select city_id from City where city_name='DEN BURG'),563);
INSERT INTO Atm(atm_id,distance,atm_type,address_id) VALUES	(563,0,'ALBERT_HEIJN',563);
INSERT INTO GeoLocation(geo_id,lat,lng) VALUES (564,52.168823,5.281462);
INSERT INTO Address (address_id,street,house_number,postal_code,city_id,geo_id) VALUES (564,'Tamboerijn','11','3766 HA',(select city_id from City where city_name='SOEST'),564);
INSERT INTO Atm(atm_id,distance,atm_type,address_id) VALUES	(564,0,'ALBERT_HEIJN',564);
INSERT INTO GeoLocation(geo_id,lat,lng) VALUES (565,52.047668,5.6692903);
INSERT INTO Address (address_id,street,house_number,postal_code,city_id,geo_id) VALUES (565,'Bunschoterplein','1','6711 CD',(select city_id from City where city_name='EDE'),565);
INSERT INTO Atm(atm_id,distance,atm_type,address_id) VALUES	(565,0,'ALBERT_HEIJN',565);
INSERT INTO GeoLocation(geo_id,lat,lng) VALUES (566,52.509485,4.958959);
INSERT INTO Address (address_id,street,house_number,postal_code,city_id,geo_id) VALUES (566,'Burgemeester D. Kooimanweg','16','1442 BZ',(select city_id from City where city_name='PURMEREND'),566);
INSERT INTO Atm(atm_id,distance,atm_type,address_id) VALUES	(566,0,'ALBERT_HEIJN',566);
INSERT INTO GeoLocation(geo_id,lat,lng) VALUES (567,52.499043,4.81446);
INSERT INTO Address (address_id,street,house_number,postal_code,city_id,geo_id) VALUES (567,'Dorpsstraat','87','1531 HB',(select city_id from City where city_name='WORMER'),567);
INSERT INTO Atm(atm_id,distance,atm_type,address_id) VALUES	(567,0,'ING',567);
INSERT INTO GeoLocation(geo_id,lat,lng) VALUES (568,51.840794,5.839576);
INSERT INTO Address (address_id,street,house_number,postal_code,city_id,geo_id) VALUES (568,'Molenweg','11','6542 PP',(select city_id from City where city_name='NIJMEGEN'),568);
INSERT INTO Atm(atm_id,distance,atm_type,address_id) VALUES	(568,0,'ALBERT_HEIJN',568);
INSERT INTO GeoLocation(geo_id,lat,lng) VALUES (569,52.571694,5.643851);
INSERT INTO Address (address_id,street,house_number,postal_code,city_id,geo_id) VALUES (569,'De Poort','10','8255 AA',(select city_id from City where city_name='SWIFTERBANT'),569);
INSERT INTO Atm(atm_id,distance,atm_type,address_id) VALUES	(569,0,'ALBERT_HEIJN',569);
INSERT INTO GeoLocation(geo_id,lat,lng) VALUES (570,51.915016,4.402716);
INSERT INTO Address (address_id,street,house_number,postal_code,city_id,geo_id) VALUES (570,'Rotterdamsedijk','302','3112 BT',(select city_id from City where city_name='SCHIEDAM'),570);
INSERT INTO Atm(atm_id,distance,atm_type,address_id) VALUES	(570,0,'ING',570);
INSERT INTO GeoLocation(geo_id,lat,lng) VALUES (571,52.366447,4.924333);
INSERT INTO Address (address_id,street,house_number,postal_code,city_id,geo_id) VALUES (571,'Sarphatistraat','670','1018 AV',(select city_id from City where city_name='AMSTERDAM'),571);
INSERT INTO Atm(atm_id,distance,atm_type,address_id) VALUES	(571,0,'ALBERT_HEIJN',571);
INSERT INTO GeoLocation(geo_id,lat,lng) VALUES (572,52.64615,5.051908);
INSERT INTO Address (address_id,street,house_number,postal_code,city_id,geo_id) VALUES (572,'Van Dedemstraat','19','1624 NN',(select city_id from City where city_name='HOORN'),572);
INSERT INTO Atm(atm_id,distance,atm_type,address_id) VALUES	(572,0,'ALBERT_HEIJN',572);
INSERT INTO GeoLocation(geo_id,lat,lng) VALUES (573,52.0971318,4.591724);
INSERT INTO Address (address_id,street,house_number,postal_code,city_id,geo_id) VALUES (573,'Oude Gemeneweg','5-7','2391 BE',(select city_id from City where city_name='HAZERSWOUDE-DORP'),573);
INSERT INTO Atm(atm_id,distance,atm_type,address_id) VALUES	(573,0,'ALBERT_HEIJN',573);
INSERT INTO GeoLocation(geo_id,lat,lng) VALUES (574,52.303417,4.861673);
INSERT INTO Address (address_id,street,house_number,postal_code,city_id,geo_id) VALUES (574,'Nieuw Loopveld','3','1181 ZK',(select city_id from City where city_name='AMSTELVEEN'),574);
INSERT INTO Atm(atm_id,distance,atm_type,address_id) VALUES	(574,0,'ING',574);
INSERT INTO GeoLocation(geo_id,lat,lng) VALUES (575,52.0970886,5.1133961);
INSERT INTO Address (address_id,street,house_number,postal_code,city_id,geo_id) VALUES (575,'Oudenoord','1','3513 EG',(select city_id from City where city_name='UTRECHT'),575);
INSERT INTO Atm(atm_id,distance,atm_type,address_id) VALUES	(575,0,'ALBERT_HEIJN',575);
INSERT INTO GeoLocation(geo_id,lat,lng) VALUES (576,52.356341,4.620531);
INSERT INTO Address (address_id,street,house_number,postal_code,city_id,geo_id) VALUES (576,'Blekersvaartweg','57','2101 CD',(select city_id from City where city_name='HEEMSTEDE'),576);
INSERT INTO Atm(atm_id,distance,atm_type,address_id) VALUES	(576,0,'ALBERT_HEIJN',576);
INSERT INTO GeoLocation(geo_id,lat,lng) VALUES (577,51.521256,5.069537);
INSERT INTO Address (address_id,street,house_number,postal_code,city_id,geo_id) VALUES (577,'De Hovel','19','5051 NP',(select city_id from City where city_name='GOIRLE'),577);
INSERT INTO Atm(atm_id,distance,atm_type,address_id) VALUES	(577,0,'ALBERT_HEIJN',577);
INSERT INTO GeoLocation(geo_id,lat,lng) VALUES (578,51.976258,4.317307);
INSERT INTO Address (address_id,street,house_number,postal_code,city_id,geo_id) VALUES (578,'Keenenburgweg','15','2636 GK',(select city_id from City where city_name='SCHIPLUIDEN'),578);
INSERT INTO Atm(atm_id,distance,atm_type,address_id) VALUES	(578,0,'ALBERT_HEIJN',578);
INSERT INTO GeoLocation(geo_id,lat,lng) VALUES (579,51.645782,5.281849);
INSERT INTO Address (address_id,street,house_number,postal_code,city_id,geo_id) VALUES (579,'Moleneindplein','60a','5262 CX',(select city_id from City where city_name='VUGHT'),579);
INSERT INTO Atm(atm_id,distance,atm_type,address_id) VALUES	(579,0,'ING',579);
INSERT INTO GeoLocation(geo_id,lat,lng) VALUES (580,52.186206,5.6087239);
INSERT INTO Address (address_id,street,house_number,postal_code,city_id,geo_id) VALUES (580,'Smidsplein','21','3781 GR',(select city_id from City where city_name='VOORTHUIZEN'),580);
INSERT INTO Atm(atm_id,distance,atm_type,address_id) VALUES	(580,0,'ALBERT_HEIJN',580);
INSERT INTO GeoLocation(geo_id,lat,lng) VALUES (581,52.142646,5.04114);
INSERT INTO Address (address_id,street,house_number,postal_code,city_id,geo_id) VALUES (581,'Johannes Vermeerstraat','23','3601 EL',(select city_id from City where city_name='MAARSSEN'),581);
INSERT INTO Atm(atm_id,distance,atm_type,address_id) VALUES	(581,0,'ING',581);
INSERT INTO GeoLocation(geo_id,lat,lng) VALUES (582,51.981594,5.905833);
INSERT INTO Address (address_id,street,house_number,postal_code,city_id,geo_id) VALUES (582,'Rijnstraat','31','6811 EW',(select city_id from City where city_name='ARNHEM'),582);
INSERT INTO Atm(atm_id,distance,atm_type,address_id) VALUES	(582,0,'ING',582);
INSERT INTO GeoLocation(geo_id,lat,lng) VALUES (583,52.023839,4.276156);
INSERT INTO Address (address_id,street,house_number,postal_code,city_id,geo_id) VALUES (583,'Herenstraat','25A','2291 BB',(select city_id from City where city_name='WATERINGEN'),583);
INSERT INTO Atm(atm_id,distance,atm_type,address_id) VALUES	(583,0,'ING',583);
INSERT INTO GeoLocation(geo_id,lat,lng) VALUES (584,52.71159,5.75394);
INSERT INTO Address (address_id,street,house_number,postal_code,city_id,geo_id) VALUES (584,'Beursstraat','16','8302 CW',(select city_id from City where city_name='EMMELOORD'),584);
INSERT INTO Atm(atm_id,distance,atm_type,address_id) VALUES	(584,0,'ING',584);
INSERT INTO GeoLocation(geo_id,lat,lng) VALUES (585,52.956953,5.92775);
INSERT INTO Address (address_id,street,house_number,postal_code,city_id,geo_id) VALUES (585,'Koornbeursweg','1','8442 DJ',(select city_id from City where city_name='HEERENVEEN'),585);
INSERT INTO Atm(atm_id,distance,atm_type,address_id) VALUES	(585,0,'ING',585);
INSERT INTO GeoLocation(geo_id,lat,lng) VALUES (586,51.352558,5.45087);
INSERT INTO Address (address_id,street,house_number,postal_code,city_id,geo_id) VALUES (586,'Kardinaal de Jongstraat','17','5554 RB',(select city_id from City where city_name='VALKENSWAARD'),586);
INSERT INTO Atm(atm_id,distance,atm_type,address_id) VALUES	(586,0,'ALBERT_HEIJN',586);
INSERT INTO GeoLocation(geo_id,lat,lng) VALUES (587,52.082678,5.140704);
INSERT INTO Address (address_id,street,house_number,postal_code,city_id,geo_id) VALUES (587,'Van Ostadelaan','40','3583 AJ',(select city_id from City where city_name='UTRECHT'),587);
INSERT INTO Atm(atm_id,distance,atm_type,address_id) VALUES	(587,0,'ING',587);
INSERT INTO GeoLocation(geo_id,lat,lng) VALUES (588,52.272804,4.973311);
INSERT INTO Address (address_id,street,house_number,postal_code,city_id,geo_id) VALUES (588,'Dokter van Doornplein','2','1391 LT',(select city_id from City where city_name='ABCOUDE'),588);
INSERT INTO Atm(atm_id,distance,atm_type,address_id) VALUES	(588,0,'ALBERT_HEIJN',588);
INSERT INTO GeoLocation(geo_id,lat,lng) VALUES (589,52.07983,5.484778);
INSERT INTO Address (address_id,street,house_number,postal_code,city_id,geo_id) VALUES (589,'Dorpsstraat','245','3925 KC',(select city_id from City where city_name='SCHERPENZEEL'),589);
INSERT INTO Atm(atm_id,distance,atm_type,address_id) VALUES	(589,0,'ING',589);
INSERT INTO GeoLocation(geo_id,lat,lng) VALUES (590,52.064773,4.252913);
INSERT INTO Address (address_id,street,house_number,postal_code,city_id,geo_id) VALUES (590,'Albardastraat','1','2555 XP',(select city_id from City where city_name='DEN HAAG'),590);
INSERT INTO Atm(atm_id,distance,atm_type,address_id) VALUES	(590,0,'ING',590);
INSERT INTO GeoLocation(geo_id,lat,lng) VALUES (591,52.515598,6.093148);
INSERT INTO Address (address_id,street,house_number,postal_code,city_id,geo_id) VALUES (591,'Friesewal','1','8011 XE',(select city_id from City where city_name='ZWOLLE'),591);
INSERT INTO Atm(atm_id,distance,atm_type,address_id) VALUES	(591,0,'ING',591);
INSERT INTO GeoLocation(geo_id,lat,lng) VALUES (592,52.328561,4.955743);
INSERT INTO Address (address_id,street,house_number,postal_code,city_id,geo_id) VALUES (592,'Dalsteindreef','1009','1112 XC',(select city_id from City where city_name='DIEMEN'),592);
INSERT INTO Atm(atm_id,distance,atm_type,address_id) VALUES	(592,0,'ALBERT_HEIJN',592);
INSERT INTO GeoLocation(geo_id,lat,lng) VALUES (593,52.270802,5.137846);
INSERT INTO Address (address_id,street,house_number,postal_code,city_id,geo_id) VALUES (593,'De Meent','19','1218 CB',(select city_id from City where city_name='HILVERSUM'),593);
INSERT INTO Atm(atm_id,distance,atm_type,address_id) VALUES	(593,0,'ALBERT_HEIJN',593);
INSERT INTO GeoLocation(geo_id,lat,lng) VALUES (594,52.986,6.648733);
INSERT INTO Address (address_id,street,house_number,postal_code,city_id,geo_id) VALUES (594,'Grollorstraat','5','9451 KA',(select city_id from City where city_name='ROLDE'),594);
INSERT INTO Atm(atm_id,distance,atm_type,address_id) VALUES	(594,0,'ALBERT_HEIJN',594);
INSERT INTO GeoLocation(geo_id,lat,lng) VALUES (595,52.019336,4.433476);
INSERT INTO Address (address_id,street,house_number,postal_code,city_id,geo_id) VALUES (595,'Ackershof','53','2641 DZ',(select city_id from City where city_name='PIJNACKER'),595);
INSERT INTO Atm(atm_id,distance,atm_type,address_id) VALUES	(595,0,'ALBERT_HEIJN',595);
INSERT INTO GeoLocation(geo_id,lat,lng) VALUES (596,52.381556,4.888761);
INSERT INTO Address (address_id,street,house_number,postal_code,city_id,geo_id) VALUES (596,'Haarlemmerdijk','1','1013 JZ',(select city_id from City where city_name='AMSTERDAM'),596);
INSERT INTO Atm(atm_id,distance,atm_type,address_id) VALUES	(596,0,'ALBERT_HEIJN',596);
INSERT INTO GeoLocation(geo_id,lat,lng) VALUES (597,52.253478,6.159247);
INSERT INTO Address (address_id,street,house_number,postal_code,city_id,geo_id) VALUES (597,'Korte Bisschopstraat','30','7411 HK',(select city_id from City where city_name='DEVENTER'),597);
INSERT INTO Atm(atm_id,distance,atm_type,address_id) VALUES	(597,0,'ALBERT_HEIJN',597);
INSERT INTO GeoLocation(geo_id,lat,lng) VALUES (598,50.869249,6.068942);
INSERT INTO Address (address_id,street,house_number,postal_code,city_id,geo_id) VALUES (598,'Hertogenlaan','29','6461 BT',(select city_id from City where city_name='KERKRADE'),598);
INSERT INTO Atm(atm_id,distance,atm_type,address_id) VALUES	(598,0,'ALBERT_HEIJN',598);
INSERT INTO GeoLocation(geo_id,lat,lng) VALUES (599,52.15625,5.176353);
INSERT INTO Address (address_id,street,house_number,postal_code,city_id,geo_id) VALUES (599,'Maertensplein','24','3738 GK',(select city_id from City where city_name='MAARTENSDIJK'),599);
INSERT INTO Atm(atm_id,distance,atm_type,address_id) VALUES	(599,0,'ING',599);
INSERT INTO GeoLocation(geo_id,lat,lng) VALUES (600,52.359778,4.604483);
INSERT INTO Address (address_id,street,house_number,postal_code,city_id,geo_id) VALUES (600,'Zandvoortselaan','169','2106 AM',(select city_id from City where city_name='HEEMSTEDE'),600);
INSERT INTO Atm(atm_id,distance,atm_type,address_id) VALUES	(600,0,'ALBERT_HEIJN',600);
INSERT INTO GeoLocation(geo_id,lat,lng) VALUES (601,51.590493,4.800675);
INSERT INTO Address (address_id,street,house_number,postal_code,city_id,geo_id) VALUES (601,'Brabantplein','24','4817 LR',(select city_id from City where city_name='BREDA'),601);
INSERT INTO Atm(atm_id,distance,atm_type,address_id) VALUES	(601,0,'ALBERT_HEIJN',601);
INSERT INTO GeoLocation(geo_id,lat,lng) VALUES (602,52.505756,4.985097);
INSERT INTO Address (address_id,street,house_number,postal_code,city_id,geo_id) VALUES (602,'Gildeplein','42','1445 BM',(select city_id from City where city_name='PURMEREND'),602);
INSERT INTO Atm(atm_id,distance,atm_type,address_id) VALUES	(602,0,'ING',602);
INSERT INTO GeoLocation(geo_id,lat,lng) VALUES (603,52.348938,4.840263);
INSERT INTO Address (address_id,street,house_number,postal_code,city_id,geo_id) VALUES (603,'Delflandplein','31','1062 HP',(select city_id from City where city_name='AMSTERDAM'),603);
INSERT INTO Atm(atm_id,distance,atm_type,address_id) VALUES	(603,0,'ALBERT_HEIJN',603);
INSERT INTO GeoLocation(geo_id,lat,lng) VALUES (604,52.352389,4.855839);
INSERT INTO Address (address_id,street,house_number,postal_code,city_id,geo_id) VALUES (604,'Amstelveenseweg','186','1075 XR',(select city_id from City where city_name='AMSTERDAM'),604);
INSERT INTO Atm(atm_id,distance,atm_type,address_id) VALUES	(604,0,'ALBERT_HEIJN',604);
INSERT INTO GeoLocation(geo_id,lat,lng) VALUES (605,52.22939,6.858429);
INSERT INTO Address (address_id,street,house_number,postal_code,city_id,geo_id) VALUES (605,'Zonstraat','28','7521 HH',(select city_id from City where city_name='ENSCHEDE'),605);
INSERT INTO Atm(atm_id,distance,atm_type,address_id) VALUES	(605,0,'ALBERT_HEIJN',605);
INSERT INTO GeoLocation(geo_id,lat,lng) VALUES (606,52.770808,6.235256);
INSERT INTO Address (address_id,street,house_number,postal_code,city_id,geo_id) VALUES (606,'Dorpsstraat','36','7971 CS',(select city_id from City where city_name='HAVELTE'),606);
INSERT INTO Atm(atm_id,distance,atm_type,address_id) VALUES	(606,0,'ALBERT_HEIJN',606);
INSERT INTO GeoLocation(geo_id,lat,lng) VALUES (607,51.972091,6.716405);
INSERT INTO Address (address_id,street,house_number,postal_code,city_id,geo_id) VALUES (607,'Balinkesstraat','8','7101 DL',(select city_id from City where city_name='WINTERSWIJK'),607);
INSERT INTO Atm(atm_id,distance,atm_type,address_id) VALUES	(607,0,'ING',607);
INSERT INTO GeoLocation(geo_id,lat,lng) VALUES (608,52.366557,4.870398);
INSERT INTO Address (address_id,street,house_number,postal_code,city_id,geo_id) VALUES (608,'Kinkerstraat','89','1053 DJ',(select city_id from City where city_name='AMSTERDAM'),608);
INSERT INTO Atm(atm_id,distance,atm_type,address_id) VALUES	(608,0,'ALBERT_HEIJN',608);
INSERT INTO GeoLocation(geo_id,lat,lng) VALUES (609,52.351009,4.892024);
INSERT INTO Address (address_id,street,house_number,postal_code,city_id,geo_id) VALUES (609,'Cornelis Troostplein','11','1072 JJ',(select city_id from City where city_name='AMSTERDAM'),609);
INSERT INTO Atm(atm_id,distance,atm_type,address_id) VALUES	(609,0,'ALBERT_HEIJN',609);
INSERT INTO GeoLocation(geo_id,lat,lng) VALUES (610,53.229183,6.542896);
INSERT INTO Address (address_id,street,house_number,postal_code,city_id,geo_id) VALUES (610,'Pleiadenlaan','1','9742 NE',(select city_id from City where city_name='GRONINGEN'),610);
INSERT INTO Atm(atm_id,distance,atm_type,address_id) VALUES	(610,0,'ING',610);
INSERT INTO GeoLocation(geo_id,lat,lng) VALUES (611,51.826054,4.683814);
INSERT INTO Address (address_id,street,house_number,postal_code,city_id,geo_id) VALUES (611,'Veerpromenade','30-32','3353 HG',(select city_id from City where city_name='PAPENDRECHT'),611);
INSERT INTO Atm(atm_id,distance,atm_type,address_id) VALUES	(611,0,'ING',611);
INSERT INTO GeoLocation(geo_id,lat,lng) VALUES (612,51.522302,4.27335);
INSERT INTO Address (address_id,street,house_number,postal_code,city_id,geo_id) VALUES (612,'Vogelenzang','95','4661 JD',(select city_id from City where city_name='HALSTEREN'),612);
INSERT INTO Atm(atm_id,distance,atm_type,address_id) VALUES	(612,0,'ALBERT_HEIJN',612);
INSERT INTO GeoLocation(geo_id,lat,lng) VALUES (613,51.769438,5.526305);
INSERT INTO Address (address_id,street,house_number,postal_code,city_id,geo_id) VALUES (613,'Burgwal','24-26','5341 CR',(select city_id from City where city_name='OSS'),613);
INSERT INTO Atm(atm_id,distance,atm_type,address_id) VALUES	(613,0,'ING',613);
INSERT INTO GeoLocation(geo_id,lat,lng) VALUES (614,52.428421,4.914585);
INSERT INTO Address (address_id,street,house_number,postal_code,city_id,geo_id) VALUES (614,'Nieuwe Gouw','38','1121 GX',(select city_id from City where city_name='LANDSMEER'),614);
INSERT INTO Atm(atm_id,distance,atm_type,address_id) VALUES	(614,0,'ING',614);
INSERT INTO GeoLocation(geo_id,lat,lng) VALUES (615,51.378201,6.179683);
INSERT INTO Address (address_id,street,house_number,postal_code,city_id,geo_id) VALUES (615,'Gelreplein','13','5914 RV',(select city_id from City where city_name='VENLO'),615);
INSERT INTO Atm(atm_id,distance,atm_type,address_id) VALUES	(615,0,'ING',615);
INSERT INTO GeoLocation(geo_id,lat,lng) VALUES (616,51.92166,4.474134);
INSERT INTO Address (address_id,street,house_number,postal_code,city_id,geo_id) VALUES (616,'Korte Lijnbaan','26-28','3012 ED',(select city_id from City where city_name='ROTTERDAM'),616);
INSERT INTO Atm(atm_id,distance,atm_type,address_id) VALUES	(616,0,'ING',616);
INSERT INTO GeoLocation(geo_id,lat,lng) VALUES (617,51.441162,5.456416);
INSERT INTO Address (address_id,street,house_number,postal_code,city_id,geo_id) VALUES (617,'Strijpsestraat','156','5616 GT',(select city_id from City where city_name='EINDHOVEN'),617);
INSERT INTO Atm(atm_id,distance,atm_type,address_id) VALUES	(617,0,'ING',617);
INSERT INTO GeoLocation(geo_id,lat,lng) VALUES (618,52.231636,6.585007);
INSERT INTO Address (address_id,street,house_number,postal_code,city_id,geo_id) VALUES (618,'Weversplein','5','7471 VS',(select city_id from City where city_name='GOOR'),618);
INSERT INTO Atm(atm_id,distance,atm_type,address_id) VALUES	(618,0,'ALBERT_HEIJN',618);
INSERT INTO GeoLocation(geo_id,lat,lng) VALUES (619,52.22185,5.17556);
INSERT INTO Address (address_id,street,house_number,postal_code,city_id,geo_id) VALUES (619,'Langestraat','53','1211 GV',(select city_id from City where city_name='HILVERSUM'),619);
INSERT INTO Atm(atm_id,distance,atm_type,address_id) VALUES	(619,0,'ALBERT_HEIJN',619);
INSERT INTO GeoLocation(geo_id,lat,lng) VALUES (620,52.060944,4.486481);
INSERT INTO Address (address_id,street,house_number,postal_code,city_id,geo_id) VALUES (620,'Westwaarts','41','2711 AD',(select city_id from City where city_name='ZOETERMEER'),620);
INSERT INTO Atm(atm_id,distance,atm_type,address_id) VALUES	(620,0,'ALBERT_HEIJN',620);
INSERT INTO GeoLocation(geo_id,lat,lng) VALUES (621,51.987844,4.34624);
INSERT INTO Address (address_id,street,house_number,postal_code,city_id,geo_id) VALUES (621,'Vrijheidslaan','22','2625 RD',(select city_id from City where city_name='DELFT'),621);
INSERT INTO Atm(atm_id,distance,atm_type,address_id) VALUES	(621,0,'ING',621);
INSERT INTO GeoLocation(geo_id,lat,lng) VALUES (622,51.837115,4.961642);
INSERT INTO Address (address_id,street,house_number,postal_code,city_id,geo_id) VALUES (622,'Piazza Center','74','4204 BS',(select city_id from City where city_name='GORINCHEM'),622);
INSERT INTO Atm(atm_id,distance,atm_type,address_id) VALUES	(622,0,'ALBERT_HEIJN',622);
INSERT INTO GeoLocation(geo_id,lat,lng) VALUES (623,51.413052,5.397113);
INSERT INTO Address (address_id,street,house_number,postal_code,city_id,geo_id) VALUES (623,'Mira','25','5505 AR',(select city_id from City where city_name='VELDHOVEN'),623);
INSERT INTO Atm(atm_id,distance,atm_type,address_id) VALUES	(623,0,'ALBERT_HEIJN',623);
INSERT INTO GeoLocation(geo_id,lat,lng) VALUES (624,51.444254,3.574424);
INSERT INTO Address (address_id,street,house_number,postal_code,city_id,geo_id) VALUES (624,'Walstraat','75','4381 GD',(select city_id from City where city_name='VLISSINGEN'),624);
INSERT INTO Atm(atm_id,distance,atm_type,address_id) VALUES	(624,0,'ING',624);
INSERT INTO GeoLocation(geo_id,lat,lng) VALUES (625,51.846738,4.498904);
INSERT INTO Address (address_id,street,house_number,postal_code,city_id,geo_id) VALUES (625,'Van Beuningenhaven','10','2993 EH',(select city_id from City where city_name='BARENDRECHT'),625);
INSERT INTO Atm(atm_id,distance,atm_type,address_id) VALUES	(625,0,'ALBERT_HEIJN',625);
INSERT INTO GeoLocation(geo_id,lat,lng) VALUES (626,52.7109411,5.7605634);
INSERT INTO Address (address_id,street,house_number,postal_code,city_id,geo_id) VALUES (626,'Lange Nering','200','8302 EZ',(select city_id from City where city_name='EMMELOORD'),626);
INSERT INTO Atm(atm_id,distance,atm_type,address_id) VALUES	(626,0,'ALBERT_HEIJN',626);
INSERT INTO GeoLocation(geo_id,lat,lng) VALUES (627,53.325829,5.99766);
INSERT INTO Address (address_id,street,house_number,postal_code,city_id,geo_id) VALUES (627,'Bargemerk','1','9101 LK',(select city_id from City where city_name='DOKKUM'),627);
INSERT INTO Atm(atm_id,distance,atm_type,address_id) VALUES	(627,0,'ING',627);
INSERT INTO GeoLocation(geo_id,lat,lng) VALUES (628,51.387128,5.445659);
INSERT INTO Address (address_id,street,house_number,postal_code,city_id,geo_id) VALUES (628,'De Bus','38','5581 GP',(select city_id from City where city_name='WAALRE'),628);
INSERT INTO Atm(atm_id,distance,atm_type,address_id) VALUES	(628,0,'ALBERT_HEIJN',628);
INSERT INTO GeoLocation(geo_id,lat,lng) VALUES (629,51.929773,4.23936);
INSERT INTO Address (address_id,street,house_number,postal_code,city_id,geo_id) VALUES (629,'Uiverlaan','4','3145 XN',(select city_id from City where city_name='MAASSLUIS'),629);
INSERT INTO Atm(atm_id,distance,atm_type,address_id) VALUES	(629,0,'ING',629);
INSERT INTO GeoLocation(geo_id,lat,lng) VALUES (630,52.512494,6.094206);
INSERT INTO Address (address_id,street,house_number,postal_code,city_id,geo_id) VALUES (630,'Spiegelstraat','2','8011 RA',(select city_id from City where city_name='ZWOLLE'),630);
INSERT INTO Atm(atm_id,distance,atm_type,address_id) VALUES	(630,0,'ING',630);
INSERT INTO GeoLocation(geo_id,lat,lng) VALUES (631,52.173563,5.389598);
INSERT INTO Address (address_id,street,house_number,postal_code,city_id,geo_id) VALUES (631,'Pieter Stastokerf','11','3813 PP',(select city_id from City where city_name='AMERSFOORT'),631);
INSERT INTO Atm(atm_id,distance,atm_type,address_id) VALUES	(631,0,'ING',631);
INSERT INTO GeoLocation(geo_id,lat,lng) VALUES (632,52.836237,4.696017);
INSERT INTO Address (address_id,street,house_number,postal_code,city_id,geo_id) VALUES (632,'Schoolstraat','3','1759 GP',(select city_id from City where city_name='CALLANTSOOG'),632);
INSERT INTO Atm(atm_id,distance,atm_type,address_id) VALUES	(632,0,'ALBERT_HEIJN',632);
INSERT INTO GeoLocation(geo_id,lat,lng) VALUES (633,51.973452,6.315908);
INSERT INTO Address (address_id,street,house_number,postal_code,city_id,geo_id) VALUES (633,'Houtsmastraat','150','7002 KK',(select city_id from City where city_name='DOETINCHEM'),633);
INSERT INTO Atm(atm_id,distance,atm_type,address_id) VALUES	(633,0,'ALBERT_HEIJN',633);
INSERT INTO GeoLocation(geo_id,lat,lng) VALUES (634,52.415295,5.883265);
INSERT INTO Address (address_id,street,house_number,postal_code,city_id,geo_id) VALUES (634,'Centrumplein','7','8084 AZ',(select city_id from City where city_name='''T HARDE'),634);
INSERT INTO Atm(atm_id,distance,atm_type,address_id) VALUES	(634,0,'ING',634);
INSERT INTO GeoLocation(geo_id,lat,lng) VALUES (635,53.162393,6.390717);
INSERT INTO Address (address_id,street,house_number,postal_code,city_id,geo_id) VALUES (635,'Samul Leviestraat','21','9351 BM',(select city_id from City where city_name='LEEK'),635);
INSERT INTO Atm(atm_id,distance,atm_type,address_id) VALUES	(635,0,'ALBERT_HEIJN',635);
INSERT INTO GeoLocation(geo_id,lat,lng) VALUES (636,51.956694,5.224185);
INSERT INTO Address (address_id,street,house_number,postal_code,city_id,geo_id) VALUES (636,'Het Hof','1','4101 BT',(select city_id from City where city_name='CULEMBORG'),636);
INSERT INTO Atm(atm_id,distance,atm_type,address_id) VALUES	(636,0,'ING',636);
INSERT INTO GeoLocation(geo_id,lat,lng) VALUES (637,51.498013,3.612293);
INSERT INTO Address (address_id,street,house_number,postal_code,city_id,geo_id) VALUES (637,'Markt','43','4331 LK',(select city_id from City where city_name='MIDDELBURG'),637);
INSERT INTO Atm(atm_id,distance,atm_type,address_id) VALUES	(637,0,'ING',637);
INSERT INTO GeoLocation(geo_id,lat,lng) VALUES (638,52.299898,5.619912);
INSERT INTO Address (address_id,street,house_number,postal_code,city_id,geo_id) VALUES (638,'Stationsstraat','88','3851 NL',(select city_id from City where city_name='ERMELO'),638);
INSERT INTO Atm(atm_id,distance,atm_type,address_id) VALUES	(638,0,'ING',638);
INSERT INTO GeoLocation(geo_id,lat,lng) VALUES (639,52.165919,4.482896);
INSERT INTO Address (address_id,street,house_number,postal_code,city_id,geo_id) VALUES (639,'Stationsplein','3','2312 AJ',(select city_id from City where city_name='LEIDEN'),639);
INSERT INTO Atm(atm_id,distance,atm_type,address_id) VALUES	(639,0,'ING',639);
INSERT INTO GeoLocation(geo_id,lat,lng) VALUES (640,51.987687,5.843134);
INSERT INTO Address (address_id,street,house_number,postal_code,city_id,geo_id) VALUES (640,'Pastoor Bruggemanlaan','1','6861 GR',(select city_id from City where city_name='OOSTERBEEK'),640);
INSERT INTO Atm(atm_id,distance,atm_type,address_id) VALUES	(640,0,'ALBERT_HEIJN',640);
INSERT INTO GeoLocation(geo_id,lat,lng) VALUES (641,51.360901,5.309893);
INSERT INTO Address (address_id,street,house_number,postal_code,city_id,geo_id) VALUES (641,'Nieuwstraat','10','5521 CC',(select city_id from City where city_name='EERSEL'),641);
INSERT INTO Atm(atm_id,distance,atm_type,address_id) VALUES	(641,0,'ING',641);
INSERT INTO GeoLocation(geo_id,lat,lng) VALUES (642,52.152853,5.383576);
INSERT INTO Address (address_id,street,house_number,postal_code,city_id,geo_id) VALUES (642,'Utrechtseweg','8','3811 NB',(select city_id from City where city_name='AMERSFOORT'),642);
INSERT INTO Atm(atm_id,distance,atm_type,address_id) VALUES	(642,0,'ING',642);
INSERT INTO GeoLocation(geo_id,lat,lng) VALUES (643,51.958703,5.898628);
INSERT INTO Address (address_id,street,house_number,postal_code,city_id,geo_id) VALUES (643,'Kronenburgpromenade','4','6831 EA',(select city_id from City where city_name='ARNHEM'),643);
INSERT INTO Atm(atm_id,distance,atm_type,address_id) VALUES	(643,0,'ING',643);
INSERT INTO GeoLocation(geo_id,lat,lng) VALUES (644,52.080304,5.03723);
INSERT INTO Address (address_id,street,house_number,postal_code,city_id,geo_id) VALUES (644,'Oranjelaan','2','3454 BT',(select city_id from City where city_name='DE MEERN'),644);
INSERT INTO Atm(atm_id,distance,atm_type,address_id) VALUES	(644,0,'ING',644);
INSERT INTO GeoLocation(geo_id,lat,lng) VALUES (645,51.843513,5.865815);
INSERT INTO Address (address_id,street,house_number,postal_code,city_id,geo_id) VALUES (645,'Van Schevichavenstraat','1','6511 LM',(select city_id from City where city_name='NIJMEGEN'),645);
INSERT INTO Atm(atm_id,distance,atm_type,address_id) VALUES	(645,0,'ING',645);
INSERT INTO GeoLocation(geo_id,lat,lng) VALUES (646,52.035133,5.34607);
INSERT INTO Address (address_id,street,house_number,postal_code,city_id,geo_id) VALUES (646,'Plein 1923','8','3941 ER',(select city_id from City where city_name='DOORN'),646);
INSERT INTO Atm(atm_id,distance,atm_type,address_id) VALUES	(646,0,'ING',646);
INSERT INTO GeoLocation(geo_id,lat,lng) VALUES (647,52.29725,5.234974);
INSERT INTO Address (address_id,street,house_number,postal_code,city_id,geo_id) VALUES (647,'Lindenlaan','10','1271 BA',(select city_id from City where city_name='HUIZEN'),647);
INSERT INTO Atm(atm_id,distance,atm_type,address_id) VALUES	(647,0,'ALBERT_HEIJN',647);
INSERT INTO GeoLocation(geo_id,lat,lng) VALUES (648,51.993969,4.474572);
INSERT INTO Address (address_id,street,house_number,postal_code,city_id,geo_id) VALUES (648,'Westerplein','10','2651 JM',(select city_id from City where city_name='BERKEL EN RODENRIJS'),648);
INSERT INTO Atm(atm_id,distance,atm_type,address_id) VALUES	(648,0,'ING',648);
INSERT INTO GeoLocation(geo_id,lat,lng) VALUES (649,51.919225,5.849798);
INSERT INTO Address (address_id,street,house_number,postal_code,city_id,geo_id) VALUES (649,'Dorpsstraat','4','6661 EK',(select city_id from City where city_name='ELST'),649);
INSERT INTO Atm(atm_id,distance,atm_type,address_id) VALUES	(649,0,'ING',649);
INSERT INTO GeoLocation(geo_id,lat,lng) VALUES (650,52.26111,4.558853);
INSERT INTO Address (address_id,street,house_number,postal_code,city_id,geo_id) VALUES (650,'Blokhuis','67','2161 EV',(select city_id from City where city_name='LISSE'),650);
INSERT INTO Atm(atm_id,distance,atm_type,address_id) VALUES	(650,0,'ALBERT_HEIJN',650);
INSERT INTO GeoLocation(geo_id,lat,lng) VALUES (651,52.260025,5.609934);
INSERT INTO Address (address_id,street,house_number,postal_code,city_id,geo_id) VALUES (651,'Voorthuizerstraat','2','3881 SH',(select city_id from City where city_name='PUTTEN'),651);
INSERT INTO Atm(atm_id,distance,atm_type,address_id) VALUES	(651,0,'ALBERT_HEIJN',651);
INSERT INTO GeoLocation(geo_id,lat,lng) VALUES (652,52.342565,4.96299);
INSERT INTO Address (address_id,street,house_number,postal_code,city_id,geo_id) VALUES (652,'Diemerplein','200','1111 JD',(select city_id from City where city_name='DIEMEN'),652);
INSERT INTO Atm(atm_id,distance,atm_type,address_id) VALUES	(652,0,'ALBERT_HEIJN',652);
INSERT INTO GeoLocation(geo_id,lat,lng) VALUES (653,51.690414,5.300447);
INSERT INTO Address (address_id,street,house_number,postal_code,city_id,geo_id) VALUES (653,'Visstraat','33','5211 DM',(select city_id from City where city_name='DEN BOSCH'),653);
INSERT INTO Atm(atm_id,distance,atm_type,address_id) VALUES	(653,0,'ING',653);
INSERT INTO GeoLocation(geo_id,lat,lng) VALUES (654,52.378428,4.849608);
INSERT INTO Address (address_id,street,house_number,postal_code,city_id,geo_id) VALUES (654,'Bos en Lommerweg','291-295','1055 DX',(select city_id from City where city_name='AMSTERDAM'),654);
INSERT INTO Atm(atm_id,distance,atm_type,address_id) VALUES	(654,0,'ING',654);
INSERT INTO GeoLocation(geo_id,lat,lng) VALUES (655,52.619318,4.748007);
INSERT INTO Address (address_id,street,house_number,postal_code,city_id,geo_id) VALUES (655,'Geert Groteplein','7','1813 BM',(select city_id from City where city_name='ALKMAAR'),655);
INSERT INTO Atm(atm_id,distance,atm_type,address_id) VALUES	(655,0,'ALBERT_HEIJN',655);
INSERT INTO GeoLocation(geo_id,lat,lng) VALUES (656,51.404232,5.397126);
INSERT INTO Address (address_id,street,house_number,postal_code,city_id,geo_id) VALUES (656,'Rapportstraat','2','5504 BP',(select city_id from City where city_name='VELDHOVEN'),656);
INSERT INTO Atm(atm_id,distance,atm_type,address_id) VALUES	(656,0,'ALBERT_HEIJN',656);
INSERT INTO GeoLocation(geo_id,lat,lng) VALUES (657,51.918305,4.400434);
INSERT INTO Address (address_id,street,house_number,postal_code,city_id,geo_id) VALUES (657,'Lange Kerkstraat','34','3111 NP',(select city_id from City where city_name='SCHIEDAM'),657);
INSERT INTO Atm(atm_id,distance,atm_type,address_id) VALUES	(657,0,'ALBERT_HEIJN',657);
INSERT INTO GeoLocation(geo_id,lat,lng) VALUES (658,50.917589,5.883388);
INSERT INTO Address (address_id,street,house_number,postal_code,city_id,geo_id) VALUES (658,'Stationstraat','288','6361 BH',(select city_id from City where city_name='NUTH'),658);
INSERT INTO Atm(atm_id,distance,atm_type,address_id) VALUES	(658,0,'ING',658);
INSERT INTO GeoLocation(geo_id,lat,lng) VALUES (659,51.306641,3.388415);
INSERT INTO Address (address_id,street,house_number,postal_code,city_id,geo_id) VALUES (659,'Nieuwstraat','25','4524 EC',(select city_id from City where city_name='SLUIS'),659);
INSERT INTO Atm(atm_id,distance,atm_type,address_id) VALUES	(659,0,'ING',659);
INSERT INTO GeoLocation(geo_id,lat,lng) VALUES (660,52.394916,5.281245);
INSERT INTO Address (address_id,street,house_number,postal_code,city_id,geo_id) VALUES (660,'Rio de Janeiroplein','1','1334 HE',(select city_id from City where city_name='ALMERE'),660);
INSERT INTO Atm(atm_id,distance,atm_type,address_id) VALUES	(660,0,'ALBERT_HEIJN',660);
INSERT INTO GeoLocation(geo_id,lat,lng) VALUES (661,51.442342,4.929018);
INSERT INTO Address (address_id,street,house_number,postal_code,city_id,geo_id) VALUES (661,'Kerkstraat','8','5111 CJ',(select city_id from City where city_name='BAARLE-NASSAU'),661);
INSERT INTO Atm(atm_id,distance,atm_type,address_id) VALUES	(661,0,'ALBERT_HEIJN',661);
INSERT INTO GeoLocation(geo_id,lat,lng) VALUES (662,51.50479,5.313134);
INSERT INTO Address (address_id,street,house_number,postal_code,city_id,geo_id) VALUES (662,'De Loop','55','5688 EW',(select city_id from City where city_name='OIRSCHOT'),662);
INSERT INTO Atm(atm_id,distance,atm_type,address_id) VALUES	(662,0,'ALBERT_HEIJN',662);
INSERT INTO GeoLocation(geo_id,lat,lng) VALUES (663,51.791785,4.663225);
INSERT INTO Address (address_id,street,house_number,postal_code,city_id,geo_id) VALUES (663,'Van Oldenbarneveltplein','20','3317 EP',(select city_id from City where city_name='DORDRECHT'),663);
INSERT INTO Atm(atm_id,distance,atm_type,address_id) VALUES	(663,0,'ING',663);
INSERT INTO GeoLocation(geo_id,lat,lng) VALUES (664,52.214989,6.950924);
INSERT INTO Address (address_id,street,house_number,postal_code,city_id,geo_id) VALUES (664,'Esmarkelaan','14','7534 JH',(select city_id from City where city_name='ENSCHEDE'),664);
INSERT INTO Atm(atm_id,distance,atm_type,address_id) VALUES	(664,0,'ALBERT_HEIJN',664);
INSERT INTO GeoLocation(geo_id,lat,lng) VALUES (665,51.453236,6.052614);
INSERT INTO Address (address_id,street,house_number,postal_code,city_id,geo_id) VALUES (665,'Steenstraat','13','5961 ET',(select city_id from City where city_name='HORST'),665);
INSERT INTO Atm(atm_id,distance,atm_type,address_id) VALUES	(665,0,'ALBERT_HEIJN',665);
INSERT INTO GeoLocation(geo_id,lat,lng) VALUES (666,51.578427,4.779273);
INSERT INTO Address (address_id,street,house_number,postal_code,city_id,geo_id) VALUES (666,'Ginnekenweg','7','4818 JA',(select city_id from City where city_name='BREDA'),666);
INSERT INTO Atm(atm_id,distance,atm_type,address_id) VALUES	(666,0,'ING',666);
INSERT INTO GeoLocation(geo_id,lat,lng) VALUES (667,52.004702,6.035865);
INSERT INTO Address (address_id,street,house_number,postal_code,city_id,geo_id) VALUES (667,'Groenestraat','78','6991 GH',(select city_id from City where city_name='RHEDEN'),667);
INSERT INTO Atm(atm_id,distance,atm_type,address_id) VALUES	(667,0,'ALBERT_HEIJN',667);
INSERT INTO GeoLocation(geo_id,lat,lng) VALUES (668,51.65926,4.86369);
INSERT INTO Address (address_id,street,house_number,postal_code,city_id,geo_id) VALUES (668,'Arkendonk','53','4907 XP',(select city_id from City where city_name='OOSTERHOUT'),668);
INSERT INTO Atm(atm_id,distance,atm_type,address_id) VALUES	(668,0,'ALBERT_HEIJN',668);
INSERT INTO GeoLocation(geo_id,lat,lng) VALUES (669,52.61753,4.621754);
INSERT INTO Address (address_id,street,house_number,postal_code,city_id,geo_id) VALUES (669,'Voorstraat','141','1931 AK',(select city_id from City where city_name='EGMOND AAN ZEE'),669);
INSERT INTO Atm(atm_id,distance,atm_type,address_id) VALUES	(669,0,'ING',669);
INSERT INTO GeoLocation(geo_id,lat,lng) VALUES (670,51.658167,5.299975);
INSERT INTO Address (address_id,street,house_number,postal_code,city_id,geo_id) VALUES (670,'Marktveldpassage','6','5261 EC',(select city_id from City where city_name='VUGHT'),670);
INSERT INTO Atm(atm_id,distance,atm_type,address_id) VALUES	(670,0,'ALBERT_HEIJN',670);
INSERT INTO GeoLocation(geo_id,lat,lng) VALUES (671,51.367329,6.170791);
INSERT INTO Address (address_id,street,house_number,postal_code,city_id,geo_id) VALUES (671,'Keulsepoort','10','5911 BZ',(select city_id from City where city_name='VENLO'),671);
INSERT INTO Atm(atm_id,distance,atm_type,address_id) VALUES	(671,0,'ING',671);
INSERT INTO GeoLocation(geo_id,lat,lng) VALUES (672,51.983127,5.914891);
INSERT INTO Address (address_id,street,house_number,postal_code,city_id,geo_id) VALUES (672,'Velperbuitensingel','4','6828 CT',(select city_id from City where city_name='ARNHEM'),672);
INSERT INTO Atm(atm_id,distance,atm_type,address_id) VALUES	(672,0,'ALBERT_HEIJN',672);
INSERT INTO GeoLocation(geo_id,lat,lng) VALUES (673,50.999513,5.859231);
INSERT INTO Address (address_id,street,house_number,postal_code,city_id,geo_id) VALUES (673,'Brugstraat','1','6131 AE',(select city_id from City where city_name='SITTARD'),673);
INSERT INTO Atm(atm_id,distance,atm_type,address_id) VALUES	(673,0,'ALBERT_HEIJN',673);
INSERT INTO GeoLocation(geo_id,lat,lng) VALUES (674,51.904485,4.503596);
INSERT INTO Address (address_id,street,house_number,postal_code,city_id,geo_id) VALUES (674,'Laan op Zuid','1190','3071 AC',(select city_id from City where city_name='ROTTERDAM'),674);
INSERT INTO Atm(atm_id,distance,atm_type,address_id) VALUES	(674,0,'ALBERT_HEIJN',674);
INSERT INTO GeoLocation(geo_id,lat,lng) VALUES (675,52.357593,5.183105);
INSERT INTO Address (address_id,street,house_number,postal_code,city_id,geo_id) VALUES (675,'Prozastraat','111','1321 GZ',(select city_id from City where city_name='ALMERE'),675);
INSERT INTO Atm(atm_id,distance,atm_type,address_id) VALUES	(675,0,'ING',675);
INSERT INTO GeoLocation(geo_id,lat,lng) VALUES (676,52.997438,6.567874);
INSERT INTO Address (address_id,street,house_number,postal_code,city_id,geo_id) VALUES (676,'Jan Fabriciusstraat','4','9401 BW',(select city_id from City where city_name='ASSEN'),676);
INSERT INTO Atm(atm_id,distance,atm_type,address_id) VALUES	(676,0,'ING',676);
INSERT INTO GeoLocation(geo_id,lat,lng) VALUES (677,51.784813,4.67702);
INSERT INTO Address (address_id,street,house_number,postal_code,city_id,geo_id) VALUES (677,'P.A. de Kok-Plein','174','3318 JW',(select city_id from City where city_name='DORDRECHT'),677);
INSERT INTO Atm(atm_id,distance,atm_type,address_id) VALUES	(677,0,'ING',677);
INSERT INTO GeoLocation(geo_id,lat,lng) VALUES (678,52.289078,5.170857);
INSERT INTO Address (address_id,street,house_number,postal_code,city_id,geo_id) VALUES (678,'Amersfoortsestraatweg','3','1411 HB',(select city_id from City where city_name='NAARDEN'),678);
INSERT INTO Atm(atm_id,distance,atm_type,address_id) VALUES	(678,0,'ALBERT_HEIJN',678);
INSERT INTO GeoLocation(geo_id,lat,lng) VALUES (679,51.84996,4.330697);
INSERT INTO Address (address_id,street,house_number,postal_code,city_id,geo_id) VALUES (679,'Nieuwstraat','370','3201 EG',(select city_id from City where city_name='SPIJKENISSE'),679);
INSERT INTO Atm(atm_id,distance,atm_type,address_id) VALUES	(679,0,'ALBERT_HEIJN',679);
INSERT INTO GeoLocation(geo_id,lat,lng) VALUES (680,51.500683,3.888625);
INSERT INTO Address (address_id,street,house_number,postal_code,city_id,geo_id) VALUES (680,'Piet Heinstraat','37-39','4461 GL',(select city_id from City where city_name='GOES'),680);
INSERT INTO Atm(atm_id,distance,atm_type,address_id) VALUES	(680,0,'ING',680);
INSERT INTO GeoLocation(geo_id,lat,lng) VALUES (681,51.4422048,5.6164695);
INSERT INTO Address (address_id,street,house_number,postal_code,city_id,geo_id) VALUES (681,'Margrietstraat','47','5731 BN',(select city_id from City where city_name='MIERLO'),681);
INSERT INTO Atm(atm_id,distance,atm_type,address_id) VALUES	(681,0,'ALBERT_HEIJN',681);
INSERT INTO GeoLocation(geo_id,lat,lng) VALUES (682,52.281366,4.851396);
INSERT INTO Address (address_id,street,house_number,postal_code,city_id,geo_id) VALUES (682,'Brink','20','1188 NC',(select city_id from City where city_name='AMSTELVEEN'),682);
INSERT INTO Atm(atm_id,distance,atm_type,address_id) VALUES	(682,0,'ALBERT_HEIJN',682);
INSERT INTO GeoLocation(geo_id,lat,lng) VALUES (683,52.389722,6.135636);
INSERT INTO Address (address_id,street,house_number,postal_code,city_id,geo_id) VALUES (683,'Oranjelaan','2','8131 DB',(select city_id from City where city_name='WIJHE'),683);
INSERT INTO Atm(atm_id,distance,atm_type,address_id) VALUES	(683,0,'ALBERT_HEIJN',683);
INSERT INTO GeoLocation(geo_id,lat,lng) VALUES (684,52.050428,6.10195);
INSERT INTO Address (address_id,street,house_number,postal_code,city_id,geo_id) VALUES (684,'Callunaplein','72','6951 CR',(select city_id from City where city_name='DIEREN'),684);
INSERT INTO Atm(atm_id,distance,atm_type,address_id) VALUES	(684,0,'ALBERT_HEIJN',684);
INSERT INTO GeoLocation(geo_id,lat,lng) VALUES (685,52.240094,5.112716);
INSERT INTO Address (address_id,street,house_number,postal_code,city_id,geo_id) VALUES (685,'Meenthof','37','1241 CZ',(select city_id from City where city_name='KORTENHOEF'),685);
INSERT INTO Atm(atm_id,distance,atm_type,address_id) VALUES	(685,0,'ALBERT_HEIJN',685);
INSERT INTO GeoLocation(geo_id,lat,lng) VALUES (686,52.312961,4.875479);
INSERT INTO Address (address_id,street,house_number,postal_code,city_id,geo_id) VALUES (686,'Kostverlorenhof','20','1183 HE',(select city_id from City where city_name='AMSTELVEEN'),686);
INSERT INTO Atm(atm_id,distance,atm_type,address_id) VALUES	(686,0,'ING',686);
INSERT INTO GeoLocation(geo_id,lat,lng) VALUES (687,51.892442,5.408023);
INSERT INTO Address (address_id,street,house_number,postal_code,city_id,geo_id) VALUES (687,'Wilhelmina Druckerstraat','7','4003 ZN',(select city_id from City where city_name='TIEL'),687);
INSERT INTO Atm(atm_id,distance,atm_type,address_id) VALUES	(687,0,'ING',687);
INSERT INTO GeoLocation(geo_id,lat,lng) VALUES (688,51.977748,4.128672);
INSERT INTO Address (address_id,street,house_number,postal_code,city_id,geo_id) VALUES (688,'Prins Hendrikstraat','382','3151 AW',(select city_id from City where city_name='HOEK VAN HOLLAND'),688);
INSERT INTO Atm(atm_id,distance,atm_type,address_id) VALUES	(688,0,'ALBERT_HEIJN',688);
INSERT INTO GeoLocation(geo_id,lat,lng) VALUES (689,51.45842,5.461464);
INSERT INTO Address (address_id,street,house_number,postal_code,city_id,geo_id) VALUES (689,'Barrierweg','189','5622 CN',(select city_id from City where city_name='EINDHOVEN'),689);
INSERT INTO Atm(atm_id,distance,atm_type,address_id) VALUES	(689,0,'ING',689);
INSERT INTO GeoLocation(geo_id,lat,lng) VALUES (690,52.700821,4.693322);
INSERT INTO Address (address_id,street,house_number,postal_code,city_id,geo_id) VALUES (690,'Duinvoetweg','2-4','1871 EA',(select city_id from City where city_name='SCHOORL'),690);
INSERT INTO Atm(atm_id,distance,atm_type,address_id) VALUES	(690,0,'ING',690);
INSERT INTO GeoLocation(geo_id,lat,lng) VALUES (691,52.218683,5.194835);
INSERT INTO Address (address_id,street,house_number,postal_code,city_id,geo_id) VALUES (691,'Oosterengweg','68','1212 CP',(select city_id from City where city_name='HILVERSUM'),691);
INSERT INTO Atm(atm_id,distance,atm_type,address_id) VALUES	(691,0,'ING',691);
INSERT INTO GeoLocation(geo_id,lat,lng) VALUES (692,52.0556,4.497861);
INSERT INTO Address (address_id,street,house_number,postal_code,city_id,geo_id) VALUES (692,'Dorpsstraat','99','2712 AE',(select city_id from City where city_name='ZOETERMEER'),692);
INSERT INTO Atm(atm_id,distance,atm_type,address_id) VALUES	(692,0,'ING',692);
INSERT INTO GeoLocation(geo_id,lat,lng) VALUES (693,52.16135,4.485585);
INSERT INTO Address (address_id,street,house_number,postal_code,city_id,geo_id) VALUES (693,'Prinsessekade','5','2312 DA',(select city_id from City where city_name='LEIDEN'),693);
INSERT INTO Atm(atm_id,distance,atm_type,address_id) VALUES	(693,0,'ING',693);
INSERT INTO GeoLocation(geo_id,lat,lng) VALUES (694,52.260686,7.00782);
INSERT INTO Address (address_id,street,house_number,postal_code,city_id,geo_id) VALUES (694,'Langenkamp','8','7581 JE',(select city_id from City where city_name='LOSSER'),694);
INSERT INTO Atm(atm_id,distance,atm_type,address_id) VALUES	(694,0,'ALBERT_HEIJN',694);
INSERT INTO GeoLocation(geo_id,lat,lng) VALUES (695,51.426088,5.508623);
INSERT INTO Address (address_id,street,house_number,postal_code,city_id,geo_id) VALUES (695,'Sint Petrus Canisiuslaan','43','5645 GC',(select city_id from City where city_name='EINDHOVEN'),695);
INSERT INTO Atm(atm_id,distance,atm_type,address_id) VALUES	(695,0,'ALBERT_HEIJN',695);
INSERT INTO GeoLocation(geo_id,lat,lng) VALUES (696,52.362632,4.928015);
INSERT INTO Address (address_id,street,house_number,postal_code,city_id,geo_id) VALUES (696,'Eerste van Swindenstraat','74','1093 GH',(select city_id from City where city_name='AMSTERDAM'),696);
INSERT INTO Atm(atm_id,distance,atm_type,address_id) VALUES	(696,0,'ING',696);
INSERT INTO GeoLocation(geo_id,lat,lng) VALUES (697,52.773199,6.802689);
INSERT INTO Address (address_id,street,house_number,postal_code,city_id,geo_id) VALUES (697,'Bannerschultestraat','7','7841 AA',(select city_id from City where city_name='SLEEN'),697);
INSERT INTO Atm(atm_id,distance,atm_type,address_id) VALUES	(697,0,'ALBERT_HEIJN',697);
INSERT INTO GeoLocation(geo_id,lat,lng) VALUES (698,52.571244,4.695699);
INSERT INTO Address (address_id,street,house_number,postal_code,city_id,geo_id) VALUES (698,'Vuurbaak','1','1906 BS',(select city_id from City where city_name='LIMMEN'),698);
INSERT INTO Atm(atm_id,distance,atm_type,address_id) VALUES	(698,0,'ALBERT_HEIJN',698);
INSERT INTO GeoLocation(geo_id,lat,lng) VALUES (699,52.333863,5.019124);
INSERT INTO Address (address_id,street,house_number,postal_code,city_id,geo_id) VALUES (699,'Pampusweg','1','1398 PR',(select city_id from City where city_name='MUIDEN'),699);
INSERT INTO Atm(atm_id,distance,atm_type,address_id) VALUES	(699,0,'ALBERT_HEIJN',699);
INSERT INTO GeoLocation(geo_id,lat,lng) VALUES (700,51.965415,4.569793);
INSERT INTO Address (address_id,street,house_number,postal_code,city_id,geo_id) VALUES (700,'Ambachtsplein','115','3068 GV',(select city_id from City where city_name='ROTTERDAM'),700);
INSERT INTO Atm(atm_id,distance,atm_type,address_id) VALUES	(700,0,'ING',700);
INSERT INTO GeoLocation(geo_id,lat,lng) VALUES (701,50.858638,6.066087);
INSERT INTO Address (address_id,street,house_number,postal_code,city_id,geo_id) VALUES (701,'Maria Gorettistraat','2D','6462 XR',(select city_id from City where city_name='KERKRADE'),701);
INSERT INTO Atm(atm_id,distance,atm_type,address_id) VALUES	(701,0,'ING',701);
INSERT INTO GeoLocation(geo_id,lat,lng) VALUES (702,52.091937,4.304183);
INSERT INTO Address (address_id,street,house_number,postal_code,city_id,geo_id) VALUES (702,'Sumatrastraat','2','2585 CS',(select city_id from City where city_name='DEN HAAG'),702);
INSERT INTO Atm(atm_id,distance,atm_type,address_id) VALUES	(702,0,'ALBERT_HEIJN',702);
INSERT INTO GeoLocation(geo_id,lat,lng) VALUES (703,52.356336,4.791828);
INSERT INTO Address (address_id,street,house_number,postal_code,city_id,geo_id) VALUES (703,'Tussen Meer','375B','1069 DR',(select city_id from City where city_name='AMSTERDAM'),703);
INSERT INTO Atm(atm_id,distance,atm_type,address_id) VALUES	(703,0,'ING',703);
INSERT INTO GeoLocation(geo_id,lat,lng) VALUES (704,51.836205,4.702231);
INSERT INTO Address (address_id,street,house_number,postal_code,city_id,geo_id) VALUES (704,'Espenhof','20','3355 BM',(select city_id from City where city_name='PAPENDRECHT'),704);
INSERT INTO Atm(atm_id,distance,atm_type,address_id) VALUES	(704,0,'ALBERT_HEIJN',704);
INSERT INTO GeoLocation(geo_id,lat,lng) VALUES (705,51.960963,6.257282);
INSERT INTO Address (address_id,street,house_number,postal_code,city_id,geo_id) VALUES (705,'De Bongerd','63','7006 NH',(select city_id from City where city_name='DOETINCHEM'),705);
INSERT INTO Atm(atm_id,distance,atm_type,address_id) VALUES	(705,0,'ALBERT_HEIJN',705);
INSERT INTO GeoLocation(geo_id,lat,lng) VALUES (706,52.0938349,5.1121709);
INSERT INTO Address (address_id,street,house_number,postal_code,city_id,geo_id) VALUES (706,'Sint Jacobsstraat','8','3511 BS',(select city_id from City where city_name='UTRECHT'),706);
INSERT INTO Atm(atm_id,distance,atm_type,address_id) VALUES	(706,0,'ING',706);
INSERT INTO GeoLocation(geo_id,lat,lng) VALUES (707,52.63163,4.723203);
INSERT INTO Address (address_id,street,house_number,postal_code,city_id,geo_id) VALUES (707,'Van Ostadelaan','294','1816 JH',(select city_id from City where city_name='ALKMAAR'),707);
INSERT INTO Atm(atm_id,distance,atm_type,address_id) VALUES	(707,0,'ALBERT_HEIJN',707);
INSERT INTO GeoLocation(geo_id,lat,lng) VALUES (708,52.371878,4.529311);
INSERT INTO Address (address_id,street,house_number,postal_code,city_id,geo_id) VALUES (708,'Kerkplein','10','2042 JH',(select city_id from City where city_name='ZANDVOORT'),708);
INSERT INTO Atm(atm_id,distance,atm_type,address_id) VALUES	(708,0,'ING',708);
INSERT INTO GeoLocation(geo_id,lat,lng) VALUES (709,52.362434,4.925623);
INSERT INTO Address (address_id,street,house_number,postal_code,city_id,geo_id) VALUES (709,'Eerste van Swindenstraat','91','1093 EZ',(select city_id from City where city_name='AMSTERDAM'),709);
INSERT INTO Atm(atm_id,distance,atm_type,address_id) VALUES	(709,0,'ALBERT_HEIJN',709);
INSERT INTO GeoLocation(geo_id,lat,lng) VALUES (710,51.694149,5.220966);
INSERT INTO Address (address_id,street,house_number,postal_code,city_id,geo_id) VALUES (710,'Oliemaat','10-11','5251 AG',(select city_id from City where city_name='VLIJMEN'),710);
INSERT INTO Atm(atm_id,distance,atm_type,address_id) VALUES	(710,0,'ING',710);
INSERT INTO GeoLocation(geo_id,lat,lng) VALUES (711,52.359387,4.806997);
INSERT INTO Address (address_id,street,house_number,postal_code,city_id,geo_id) VALUES (711,'Osdorpplein','113','1068 SP',(select city_id from City where city_name='AMSTERDAM'),711);
INSERT INTO Atm(atm_id,distance,atm_type,address_id) VALUES	(711,0,'ING',711);
INSERT INTO GeoLocation(geo_id,lat,lng) VALUES (712,53.295613,5.067095);
INSERT INTO Address (address_id,street,house_number,postal_code,city_id,geo_id) VALUES (712,'Dorpsstraat','120','8899 AM',(select city_id from City where city_name='VLIELAND'),712);
INSERT INTO Atm(atm_id,distance,atm_type,address_id) VALUES	(712,0,'ING',712);
INSERT INTO GeoLocation(geo_id,lat,lng) VALUES (713,52.36723,4.889112);
INSERT INTO Address (address_id,street,house_number,postal_code,city_id,geo_id) VALUES (713,'Koningsplein','4','1017 BB',(select city_id from City where city_name='AMSTERDAM'),713);
INSERT INTO Atm(atm_id,distance,atm_type,address_id) VALUES	(713,0,'ALBERT_HEIJN',713);
INSERT INTO GeoLocation(geo_id,lat,lng) VALUES (714,51.896293,4.509915);
INSERT INTO Address (address_id,street,house_number,postal_code,city_id,geo_id) VALUES (714,'Strijensestraat','77','3074 GH',(select city_id from City where city_name='ROTTERDAM'),714);
INSERT INTO Atm(atm_id,distance,atm_type,address_id) VALUES	(714,0,'ALBERT_HEIJN',714);
INSERT INTO GeoLocation(geo_id,lat,lng) VALUES (715,51.930983,6.077689);
INSERT INTO Address (address_id,street,house_number,postal_code,city_id,geo_id) VALUES (715,'Grietsestraat','150','6901 GW',(select city_id from City where city_name='ZEVENAAR'),715);
INSERT INTO Atm(atm_id,distance,atm_type,address_id) VALUES	(715,0,'ING',715);
INSERT INTO GeoLocation(geo_id,lat,lng) VALUES (716,52.634063,4.765965);
INSERT INTO Address (address_id,street,house_number,postal_code,city_id,geo_id) VALUES (716,'Oudorperplein','11','1823 HA',(select city_id from City where city_name='ALKMAAR'),716);
INSERT INTO Atm(atm_id,distance,atm_type,address_id) VALUES	(716,0,'ALBERT_HEIJN',716);
INSERT INTO GeoLocation(geo_id,lat,lng) VALUES (717,52.275909,5.161059);
INSERT INTO Address (address_id,street,house_number,postal_code,city_id,geo_id) VALUES (717,'Veerstraat','20','1404 CH',(select city_id from City where city_name='BUSSUM'),717);
INSERT INTO Atm(atm_id,distance,atm_type,address_id) VALUES	(717,0,'ALBERT_HEIJN',717);
INSERT INTO GeoLocation(geo_id,lat,lng) VALUES (718,52.304459,4.693776);
INSERT INTO Address (address_id,street,house_number,postal_code,city_id,geo_id) VALUES (718,'Dik Tromplein','12A','2132 TX',(select city_id from City where city_name='HOOFDDORP'),718);
INSERT INTO Atm(atm_id,distance,atm_type,address_id) VALUES	(718,0,'ING',718);
INSERT INTO GeoLocation(geo_id,lat,lng) VALUES (719,51.88298,5.299364);
INSERT INTO Address (address_id,street,house_number,postal_code,city_id,geo_id) VALUES (719,'Prinses Maximaplein','8','4191 XT',(select city_id from City where city_name='GELDERMALSEN'),719);
INSERT INTO Atm(atm_id,distance,atm_type,address_id) VALUES	(719,0,'ALBERT_HEIJN',719);
INSERT INTO GeoLocation(geo_id,lat,lng) VALUES (720,51.959943,4.534677);
INSERT INTO Address (address_id,street,house_number,postal_code,city_id,geo_id) VALUES (720,'Binnenhof','24-26','3068 JW',(select city_id from City where city_name='ROTTERDAM'),720);
INSERT INTO Atm(atm_id,distance,atm_type,address_id) VALUES	(720,0,'ING',720);
INSERT INTO GeoLocation(geo_id,lat,lng) VALUES (721,53.101238,6.096774);
INSERT INTO Address (address_id,street,house_number,postal_code,city_id,geo_id) VALUES (721,'Kiryat Onoplein','87','9203 KS',(select city_id from City where city_name='DRACHTEN'),721);
INSERT INTO Atm(atm_id,distance,atm_type,address_id) VALUES	(721,0,'ALBERT_HEIJN',721);
INSERT INTO GeoLocation(geo_id,lat,lng) VALUES (722,51.983088,5.905471);
INSERT INTO Address (address_id,street,house_number,postal_code,city_id,geo_id) VALUES (722,'Willemsplein','38','6811 KC',(select city_id from City where city_name='ARNHEM'),722);
INSERT INTO Atm(atm_id,distance,atm_type,address_id) VALUES	(722,0,'ING',722);
INSERT INTO GeoLocation(geo_id,lat,lng) VALUES (723,53.218044,6.553619);
INSERT INTO Address (address_id,street,house_number,postal_code,city_id,geo_id) VALUES (723,'Kraneweg','21','9718 JD',(select city_id from City where city_name='GRONINGEN'),723);
INSERT INTO Atm(atm_id,distance,atm_type,address_id) VALUES	(723,0,'ING',723);
INSERT INTO GeoLocation(geo_id,lat,lng) VALUES (724,52.441152,4.813355);
INSERT INTO Address (address_id,street,house_number,postal_code,city_id,geo_id) VALUES (724,'Provincialeweg','11','1506 MA',(select city_id from City where city_name='ZAANDAM'),724);
INSERT INTO Atm(atm_id,distance,atm_type,address_id) VALUES	(724,0,'ALBERT_HEIJN',724);
INSERT INTO GeoLocation(geo_id,lat,lng) VALUES (725,51.864567,4.354779);
INSERT INTO Address (address_id,street,house_number,postal_code,city_id,geo_id) VALUES (725,'Kinheim','305','3191 EG',(select city_id from City where city_name='HOOGVLIET ROTTERDAM'),725);
INSERT INTO Atm(atm_id,distance,atm_type,address_id) VALUES	(725,0,'ALBERT_HEIJN',725);
INSERT INTO GeoLocation(geo_id,lat,lng) VALUES (726,52.0922024,5.1032717);
INSERT INTO Address (address_id,street,house_number,postal_code,city_id,geo_id) VALUES (726,'Damstraat','58','3531 BW',(select city_id from City where city_name='UTRECHT'),726);
INSERT INTO Atm(atm_id,distance,atm_type,address_id) VALUES	(726,0,'ALBERT_HEIJN',726);
INSERT INTO GeoLocation(geo_id,lat,lng) VALUES (727,52.091881,5.115392);
INSERT INTO Address (address_id,street,house_number,postal_code,city_id,geo_id) VALUES (727,'Vredenburg','2','3511 BA',(select city_id from City where city_name='UTRECHT'),727);
INSERT INTO Atm(atm_id,distance,atm_type,address_id) VALUES	(727,0,'ING',727);
INSERT INTO GeoLocation(geo_id,lat,lng) VALUES (728,52.297108,5.229755);
INSERT INTO Address (address_id,street,house_number,postal_code,city_id,geo_id) VALUES (728,'De Ruyterstraat','1','1271 SR',(select city_id from City where city_name='HUIZEN'),728);
INSERT INTO Atm(atm_id,distance,atm_type,address_id) VALUES	(728,0,'ING',728);
INSERT INTO GeoLocation(geo_id,lat,lng) VALUES (729,51.931908,4.589249);
INSERT INTO Address (address_id,street,house_number,postal_code,city_id,geo_id) VALUES (729,'Centrumpassage','27','2903 HA',(select city_id from City where city_name='CAPELLE AAN DEN IJSSEL'),729);
INSERT INTO Atm(atm_id,distance,atm_type,address_id) VALUES	(729,0,'ALBERT_HEIJN',729);
INSERT INTO GeoLocation(geo_id,lat,lng) VALUES (730,52.055498,5.291792);
INSERT INTO Address (address_id,street,house_number,postal_code,city_id,geo_id) VALUES (730,'Traaij','108E','3971 GS',(select city_id from City where city_name='DRIEBERGEN-RIJSENBURG'),730);
INSERT INTO Atm(atm_id,distance,atm_type,address_id) VALUES	(730,0,'ING',730);
INSERT INTO GeoLocation(geo_id,lat,lng) VALUES (731,51.83802,5.874711);
INSERT INTO Address (address_id,street,house_number,postal_code,city_id,geo_id) VALUES (731,'Daalseweg','200','6521 GR',(select city_id from City where city_name='NIJMEGEN'),731);
INSERT INTO Atm(atm_id,distance,atm_type,address_id) VALUES	(731,0,'ALBERT_HEIJN',731);
INSERT INTO GeoLocation(geo_id,lat,lng) VALUES (732,51.919169,4.464763);
INSERT INTO Address (address_id,street,house_number,postal_code,city_id,geo_id) VALUES (732,'1e Middellandstraat','50','3014 BG',(select city_id from City where city_name='ROTTERDAM'),732);
INSERT INTO Atm(atm_id,distance,atm_type,address_id) VALUES	(732,0,'ING',732);
INSERT INTO GeoLocation(geo_id,lat,lng) VALUES (733,51.980503,4.583363);
INSERT INTO Address (address_id,street,house_number,postal_code,city_id,geo_id) VALUES (733,'Maltaplein','52','3059 XW',(select city_id from City where city_name='ROTTERDAM'),733);
INSERT INTO Atm(atm_id,distance,atm_type,address_id) VALUES	(733,0,'ALBERT_HEIJN',733);
INSERT INTO GeoLocation(geo_id,lat,lng) VALUES (734,53.174581,5.419661);
INSERT INTO Address (address_id,street,house_number,postal_code,city_id,geo_id) VALUES (734,'Voorstraat','60','8861 BM',(select city_id from City where city_name='HARLINGEN'),734);
INSERT INTO Atm(atm_id,distance,atm_type,address_id) VALUES	(734,0,'ING',734);
INSERT INTO GeoLocation(geo_id,lat,lng) VALUES (735,52.750894,6.89056);
INSERT INTO Address (address_id,street,house_number,postal_code,city_id,geo_id) VALUES (735,'Valkenveld','115','7827 HD',(select city_id from City where city_name='EMMEN'),735);
INSERT INTO Atm(atm_id,distance,atm_type,address_id) VALUES	(735,0,'ING',735);
INSERT INTO GeoLocation(geo_id,lat,lng) VALUES (736,53.318228,6.859061);
INSERT INTO Address (address_id,street,house_number,postal_code,city_id,geo_id) VALUES (736,'Overdiep','1','9902 DB',(select city_id from City where city_name='APPINGEDAM'),736);
INSERT INTO Atm(atm_id,distance,atm_type,address_id) VALUES	(736,0,'ALBERT_HEIJN',736);
INSERT INTO GeoLocation(geo_id,lat,lng) VALUES (737,52.032021,4.704359);
INSERT INTO Address (address_id,street,house_number,postal_code,city_id,geo_id) VALUES (737,'Lekkenburg','3','2804 XA',(select city_id from City where city_name='GOUDA'),737);
INSERT INTO Atm(atm_id,distance,atm_type,address_id) VALUES	(737,0,'ALBERT_HEIJN',737);
INSERT INTO GeoLocation(geo_id,lat,lng) VALUES (738,52.199785,5.139823);
INSERT INTO Address (address_id,street,house_number,postal_code,city_id,geo_id) VALUES (738,'Nootweg','55A','1231 CR',(select city_id from City where city_name='LOOSDRECHT'),738);
INSERT INTO Atm(atm_id,distance,atm_type,address_id) VALUES	(738,0,'ING',738);
INSERT INTO GeoLocation(geo_id,lat,lng) VALUES (739,53.165224,5.426801);
INSERT INTO Address (address_id,street,house_number,postal_code,city_id,geo_id) VALUES (739,'Kimswerderweg','48','8862 TS',(select city_id from City where city_name='HARLINGEN'),739);
INSERT INTO Atm(atm_id,distance,atm_type,address_id) VALUES	(739,0,'ING',739);
INSERT INTO GeoLocation(geo_id,lat,lng) VALUES (740,52.0001464,4.3536115);
INSERT INTO Address (address_id,street,house_number,postal_code,city_id,geo_id) VALUES (740,'Mercuriusweg','16','2624 BC',(select city_id from City where city_name='DELFT'),740);
INSERT INTO Atm(atm_id,distance,atm_type,address_id) VALUES	(740,0,'ALBERT_HEIJN',740);
INSERT INTO GeoLocation(geo_id,lat,lng) VALUES (741,52.649835,4.827073);
INSERT INTO Address (address_id,street,house_number,postal_code,city_id,geo_id) VALUES (741,'A.C. op Het Landtplantsoen','11','1705 GS',(select city_id from City where city_name='HEERHUGOWAARD'),741);
INSERT INTO Atm(atm_id,distance,atm_type,address_id) VALUES	(741,0,'ALBERT_HEIJN',741);
INSERT INTO GeoLocation(geo_id,lat,lng) VALUES (742,52.3816769,4.6281849);
INSERT INTO Address (address_id,street,house_number,postal_code,city_id,geo_id) VALUES (742,'Drossestraat','11','2011 XW',(select city_id from City where city_name='HAARLEM'),742);
INSERT INTO Atm(atm_id,distance,atm_type,address_id) VALUES	(742,0,'ALBERT_HEIJN',742);
INSERT INTO GeoLocation(geo_id,lat,lng) VALUES (743,51.771847,5.527022);
INSERT INTO Address (address_id,street,house_number,postal_code,city_id,geo_id) VALUES (743,'Burchtplein','80','5341 VE',(select city_id from City where city_name='OSS'),743);
INSERT INTO Atm(atm_id,distance,atm_type,address_id) VALUES	(743,0,'ALBERT_HEIJN',743);
INSERT INTO GeoLocation(geo_id,lat,lng) VALUES (744,52.255324,5.226271);
INSERT INTO Address (address_id,street,house_number,postal_code,city_id,geo_id) VALUES (744,'Sint Janstraat','6','1251 LA',(select city_id from City where city_name='LAREN'),744);
INSERT INTO Atm(atm_id,distance,atm_type,address_id) VALUES	(744,0,'ING',744);
INSERT INTO GeoLocation(geo_id,lat,lng) VALUES (745,51.899915,4.153795);
INSERT INTO Address (address_id,street,house_number,postal_code,city_id,geo_id) VALUES (745,'Ruggeplein','24','3232 AH',(select city_id from City where city_name='BRIELLE'),745);
INSERT INTO Atm(atm_id,distance,atm_type,address_id) VALUES	(745,0,'ING',745);
INSERT INTO GeoLocation(geo_id,lat,lng) VALUES (746,52.08174,4.314804);
INSERT INTO Address (address_id,street,house_number,postal_code,city_id,geo_id) VALUES (746,'Tournooiveld','6','2511 CX',(select city_id from City where city_name='DEN HAAG'),746);
INSERT INTO Atm(atm_id,distance,atm_type,address_id) VALUES	(746,0,'ING',746);
INSERT INTO GeoLocation(geo_id,lat,lng) VALUES (747,52.381778,4.63008);
INSERT INTO Address (address_id,street,house_number,postal_code,city_id,geo_id) VALUES (747,'Jacobstraat','75','2019 WC',(select city_id from City where city_name='HAARLEM'),747);
INSERT INTO Atm(atm_id,distance,atm_type,address_id) VALUES	(747,0,'ING',747);
INSERT INTO GeoLocation(geo_id,lat,lng) VALUES (748,52.313515,6.926717);
INSERT INTO Address (address_id,street,house_number,postal_code,city_id,geo_id) VALUES (748,'In den Vijfhoek','17','7571 DT',(select city_id from City where city_name='OLDENZAAL'),748);
INSERT INTO Atm(atm_id,distance,atm_type,address_id) VALUES	(748,0,'ALBERT_HEIJN',748);
INSERT INTO GeoLocation(geo_id,lat,lng) VALUES (749,52.377907,4.901844);
INSERT INTO Address (address_id,street,house_number,postal_code,city_id,geo_id) VALUES (749,'Stationsplein','1','1012 AB',(select city_id from City where city_name='AMSTERDAM'),749);
INSERT INTO Atm(atm_id,distance,atm_type,address_id) VALUES	(749,0,'ING',749);
INSERT INTO GeoLocation(geo_id,lat,lng) VALUES (750,52.076773,4.31326);
INSERT INTO Address (address_id,street,house_number,postal_code,city_id,geo_id) VALUES (750,'Grote Marktstraat','55','2511 BH',(select city_id from City where city_name='DEN HAAG'),750);
INSERT INTO Atm(atm_id,distance,atm_type,address_id) VALUES	(750,0,'ALBERT_HEIJN',750);
INSERT INTO GeoLocation(geo_id,lat,lng) VALUES (751,50.886494,5.969686);
INSERT INTO Address (address_id,street,house_number,postal_code,city_id,geo_id) VALUES (751,'Homerusplein','9','6411 AW',(select city_id from City where city_name='HEERLEN'),751);
INSERT INTO Atm(atm_id,distance,atm_type,address_id) VALUES	(751,0,'ALBERT_HEIJN',751);
INSERT INTO GeoLocation(geo_id,lat,lng) VALUES (752,52.273513,5.243686);
INSERT INTO Address (address_id,street,house_number,postal_code,city_id,geo_id) VALUES (752,'Huizerweg','8','1261 AW',(select city_id from City where city_name='BLARICUM'),752);
INSERT INTO Atm(atm_id,distance,atm_type,address_id) VALUES	(752,0,'ALBERT_HEIJN',752);
INSERT INTO GeoLocation(geo_id,lat,lng) VALUES (753,51.5371644,4.2269025);
INSERT INTO Address (address_id,street,house_number,postal_code,city_id,geo_id) VALUES (753,'Terreplein','4','4691 AA',(select city_id from City where city_name='THOLEN'),753);
INSERT INTO Atm(atm_id,distance,atm_type,address_id) VALUES	(753,0,'ALBERT_HEIJN',753);
INSERT INTO GeoLocation(geo_id,lat,lng) VALUES (754,52.362928,4.927865);
INSERT INTO Address (address_id,street,house_number,postal_code,city_id,geo_id) VALUES (754,'Eerste van Swindenstraat','379','1093 GB',(select city_id from City where city_name='AMSTERDAM'),754);
INSERT INTO Atm(atm_id,distance,atm_type,address_id) VALUES	(754,0,'ING',754);
INSERT INTO GeoLocation(geo_id,lat,lng) VALUES (755,52.034864,4.26514);
INSERT INTO Address (address_id,street,house_number,postal_code,city_id,geo_id) VALUES (755,'Ambachtsgaarde','176','2542 EJ',(select city_id from City where city_name='DEN HAAG'),755);
INSERT INTO Atm(atm_id,distance,atm_type,address_id) VALUES	(755,0,'ING',755);
INSERT INTO GeoLocation(geo_id,lat,lng) VALUES (756,52.376372,4.630936);
INSERT INTO Address (address_id,street,house_number,postal_code,city_id,geo_id) VALUES (756,'Grote Houtstraat','182','2011 SZ',(select city_id from City where city_name='HAARLEM'),756);
INSERT INTO Atm(atm_id,distance,atm_type,address_id) VALUES	(756,0,'ALBERT_HEIJN',756);
INSERT INTO GeoLocation(geo_id,lat,lng) VALUES (757,52.066327,4.245317);
INSERT INTO Address (address_id,street,house_number,postal_code,city_id,geo_id) VALUES (757,'De Savornin Lohmanplein','20','2566 AC',(select city_id from City where city_name='DEN HAAG'),757);
INSERT INTO Atm(atm_id,distance,atm_type,address_id) VALUES	(757,0,'ALBERT_HEIJN',757);
INSERT INTO GeoLocation(geo_id,lat,lng) VALUES (758,52.077939,5.115695);
INSERT INTO Address (address_id,street,house_number,postal_code,city_id,geo_id) VALUES (758,'Vondellaan','200','3521 GZ',(select city_id from City where city_name='UTRECHT'),758);
INSERT INTO Atm(atm_id,distance,atm_type,address_id) VALUES	(758,0,'ALBERT_HEIJN',758);
INSERT INTO GeoLocation(geo_id,lat,lng) VALUES (759,51.36774,5.220964);
INSERT INTO Address (address_id,street,house_number,postal_code,city_id,geo_id) VALUES (759,'Sniederslaan','53','5531 EH',(select city_id from City where city_name='BLADEL'),759);
INSERT INTO Atm(atm_id,distance,atm_type,address_id) VALUES	(759,0,'ALBERT_HEIJN',759);
INSERT INTO GeoLocation(geo_id,lat,lng) VALUES (760,52.513217,4.959497);
INSERT INTO Address (address_id,street,house_number,postal_code,city_id,geo_id) VALUES (760,'Wormerplein','34','1442 CB',(select city_id from City where city_name='PURMEREND'),760);
INSERT INTO Atm(atm_id,distance,atm_type,address_id) VALUES	(760,0,'ING',760);
INSERT INTO GeoLocation(geo_id,lat,lng) VALUES (761,51.449421,5.473794);
INSERT INTO Address (address_id,street,house_number,postal_code,city_id,geo_id) VALUES (761,'Kruisstraat','165','5612 CH',(select city_id from City where city_name='EINDHOVEN'),761);
INSERT INTO Atm(atm_id,distance,atm_type,address_id) VALUES	(761,0,'ING',761);
INSERT INTO GeoLocation(geo_id,lat,lng) VALUES (762,52.362764,4.874641);
INSERT INTO Address (address_id,street,house_number,postal_code,city_id,geo_id) VALUES (762,'Overtoom','116','1054 HM',(select city_id from City where city_name='AMSTERDAM'),762);
INSERT INTO Atm(atm_id,distance,atm_type,address_id) VALUES	(762,0,'ALBERT_HEIJN',762);
INSERT INTO GeoLocation(geo_id,lat,lng) VALUES (763,52.1296254,5.2042862);
INSERT INTO Address (address_id,street,house_number,postal_code,city_id,geo_id) VALUES (763,'Melchiorlaan','1','3722 AX',(select city_id from City where city_name='BILTHOVEN'),763);
INSERT INTO Atm(atm_id,distance,atm_type,address_id) VALUES	(763,0,'ING',763);
INSERT INTO GeoLocation(geo_id,lat,lng) VALUES (764,52.699546,6.189275);
INSERT INTO Address (address_id,street,house_number,postal_code,city_id,geo_id) VALUES (764,'Eendrachtstraat','1','7941 AP',(select city_id from City where city_name='MEPPEL'),764);
INSERT INTO Atm(atm_id,distance,atm_type,address_id) VALUES	(764,0,'ING',764);
INSERT INTO GeoLocation(geo_id,lat,lng) VALUES (765,52.054649,5.287419);
INSERT INTO Address (address_id,street,house_number,postal_code,city_id,geo_id) VALUES (765,'Binnenhof','1','3971 EE',(select city_id from City where city_name='DRIEBERGEN-RIJSENBURG'),765);
INSERT INTO Atm(atm_id,distance,atm_type,address_id) VALUES	(765,0,'ALBERT_HEIJN',765);
INSERT INTO GeoLocation(geo_id,lat,lng) VALUES (766,52.384658,6.275639);
INSERT INTO Address (address_id,street,house_number,postal_code,city_id,geo_id) VALUES (766,'Grotestraat','25','8102 CD',(select city_id from City where city_name='RAALTE'),766);
INSERT INTO Atm(atm_id,distance,atm_type,address_id) VALUES	(766,0,'ING',766);
INSERT INTO GeoLocation(geo_id,lat,lng) VALUES (767,51.327876,5.980421);
INSERT INTO Address (address_id,street,house_number,postal_code,city_id,geo_id) VALUES (767,'Raadhuisplein','16','5981 AT',(select city_id from City where city_name='PANNINGEN'),767);
INSERT INTO Atm(atm_id,distance,atm_type,address_id) VALUES	(767,0,'ALBERT_HEIJN',767);
INSERT INTO GeoLocation(geo_id,lat,lng) VALUES (768,52.068546,4.291605);
INSERT INTO Address (address_id,street,house_number,postal_code,city_id,geo_id) VALUES (768,'Paul Krugerlaan','210','2571 HP',(select city_id from City where city_name='DEN HAAG'),768);
INSERT INTO Atm(atm_id,distance,atm_type,address_id) VALUES	(768,0,'ING',768);
INSERT INTO GeoLocation(geo_id,lat,lng) VALUES (769,52.013171,6.1359);
INSERT INTO Address (address_id,street,house_number,postal_code,city_id,geo_id) VALUES (769,'Ooipoortstraat','12','6981 DV',(select city_id from City where city_name='DOESBURG'),769);
INSERT INTO Atm(atm_id,distance,atm_type,address_id) VALUES	(769,0,'ALBERT_HEIJN',769);
INSERT INTO GeoLocation(geo_id,lat,lng) VALUES (770,52.308084,6.52086);
INSERT INTO Address (address_id,street,house_number,postal_code,city_id,geo_id) VALUES (770,'Haarstraat','2','7462 AP',(select city_id from City where city_name='RIJSSEN'),770);
INSERT INTO Atm(atm_id,distance,atm_type,address_id) VALUES	(770,0,'ING',770);
INSERT INTO GeoLocation(geo_id,lat,lng) VALUES (771,52.2185,6.892351);
INSERT INTO Address (address_id,street,house_number,postal_code,city_id,geo_id) VALUES (771,'Boulevard 1945','1','7511 AA',(select city_id from City where city_name='ENSCHEDE'),771);
INSERT INTO Atm(atm_id,distance,atm_type,address_id) VALUES	(771,0,'ING',771);
INSERT INTO GeoLocation(geo_id,lat,lng) VALUES (772,51.337231,3.831159);
INSERT INTO Address (address_id,street,house_number,postal_code,city_id,geo_id) VALUES (772,'Stadhuisplein','5','4531 GZ',(select city_id from City where city_name='TERNEUZEN'),772);
INSERT INTO Atm(atm_id,distance,atm_type,address_id) VALUES	(772,0,'ING',772);
INSERT INTO GeoLocation(geo_id,lat,lng) VALUES (773,52.042961,4.261089);
INSERT INTO Address (address_id,street,house_number,postal_code,city_id,geo_id) VALUES (773,'De Stede','10','2543 BG',(select city_id from City where city_name='DEN HAAG'),773);
INSERT INTO Atm(atm_id,distance,atm_type,address_id) VALUES	(773,0,'ALBERT_HEIJN',773);
INSERT INTO GeoLocation(geo_id,lat,lng) VALUES (774,52.082238,4.282968);
INSERT INTO Address (address_id,street,house_number,postal_code,city_id,geo_id) VALUES (774,'Reinkenstraat','93','2517 CS',(select city_id from City where city_name='DEN HAAG'),774);
INSERT INTO Atm(atm_id,distance,atm_type,address_id) VALUES	(774,0,'ING',774);
INSERT INTO GeoLocation(geo_id,lat,lng) VALUES (775,51.8322375,5.7781305);
INSERT INTO Address (address_id,street,house_number,postal_code,city_id,geo_id) VALUES (775,'Leuvensbroek','1028','6546 XB',(select city_id from City where city_name='NIJMEGEN'),775);
INSERT INTO Atm(atm_id,distance,atm_type,address_id) VALUES	(775,0,'ING',775);
INSERT INTO GeoLocation(geo_id,lat,lng) VALUES (776,51.892313,4.580636);
INSERT INTO Address (address_id,street,house_number,postal_code,city_id,geo_id) VALUES (776,'Amerstraat','12','2987 CA',(select city_id from City where city_name='RIDDERKERK'),776);
INSERT INTO Atm(atm_id,distance,atm_type,address_id) VALUES	(776,0,'ING',776);
INSERT INTO GeoLocation(geo_id,lat,lng) VALUES (777,50.905826,6.02574);
INSERT INTO Address (address_id,street,house_number,postal_code,city_id,geo_id) VALUES (777,'Paganinipassage','92','6371 LJ',(select city_id from City where city_name='LANDGRAAF'),777);
INSERT INTO Atm(atm_id,distance,atm_type,address_id) VALUES	(777,0,'ING',777);
INSERT INTO GeoLocation(geo_id,lat,lng) VALUES (778,52.29624,4.902808);
INSERT INTO Address (address_id,street,house_number,postal_code,city_id,geo_id) VALUES (778,'Kerkstraat','29','1191 JC',(select city_id from City where city_name='OUDERKERK AAN DE AMSTEL'),778);
INSERT INTO Atm(atm_id,distance,atm_type,address_id) VALUES	(778,0,'ING',778);
INSERT INTO GeoLocation(geo_id,lat,lng) VALUES (779,51.586758,4.778629);
INSERT INTO Address (address_id,street,house_number,postal_code,city_id,geo_id) VALUES (779,'Oude Vest','5','4811 HR',(select city_id from City where city_name='BREDA'),779);
INSERT INTO Atm(atm_id,distance,atm_type,address_id) VALUES	(779,0,'ALBERT_HEIJN',779);
INSERT INTO GeoLocation(geo_id,lat,lng) VALUES (780,53.360352,5.21517);
INSERT INTO Address (address_id,street,house_number,postal_code,city_id,geo_id) VALUES (780,'Boomstraat','9','8881 BS',(select city_id from City where city_name='WEST-TERSCHELLING'),780);
INSERT INTO Atm(atm_id,distance,atm_type,address_id) VALUES	(780,0,'ING',780);
INSERT INTO GeoLocation(geo_id,lat,lng) VALUES (781,52.06904,4.509935);
INSERT INTO Address (address_id,street,house_number,postal_code,city_id,geo_id) VALUES (781,'Meeuwenveld','7','2727 AK',(select city_id from City where city_name='ZOETERMEER'),781);
INSERT INTO Atm(atm_id,distance,atm_type,address_id) VALUES	(781,0,'ING',781);
INSERT INTO GeoLocation(geo_id,lat,lng) VALUES (782,52.353226,4.621084);
INSERT INTO Address (address_id,street,house_number,postal_code,city_id,geo_id) VALUES (782,'Binnenweg','81','2101 JD',(select city_id from City where city_name='HEEMSTEDE'),782);
INSERT INTO Atm(atm_id,distance,atm_type,address_id) VALUES	(782,0,'ING',782);
INSERT INTO GeoLocation(geo_id,lat,lng) VALUES (783,53.441231,5.773661);
INSERT INTO Address (address_id,street,house_number,postal_code,city_id,geo_id) VALUES (783,'Bureweg','2','9163 KE',(select city_id from City where city_name='NES AMELAND'),783);
INSERT INTO Atm(atm_id,distance,atm_type,address_id) VALUES	(783,0,'ING',783);
INSERT INTO GeoLocation(geo_id,lat,lng) VALUES (784,51.686999,5.301524);
INSERT INTO Address (address_id,street,house_number,postal_code,city_id,geo_id) VALUES (784,'Vughterstraat','46','5211 GJ',(select city_id from City where city_name='DEN BOSCH'),784);
INSERT INTO Atm(atm_id,distance,atm_type,address_id) VALUES	(784,0,'ALBERT_HEIJN',784);
INSERT INTO GeoLocation(geo_id,lat,lng) VALUES (785,52.528996,6.102735);
INSERT INTO Address (address_id,street,house_number,postal_code,city_id,geo_id) VALUES (785,'Dobbe','61','8032 JX',(select city_id from City where city_name='ZWOLLE'),785);
INSERT INTO Atm(atm_id,distance,atm_type,address_id) VALUES	(785,0,'ALBERT_HEIJN',785);
INSERT INTO GeoLocation(geo_id,lat,lng) VALUES (786,52.312966,4.943663);
INSERT INTO Address (address_id,street,house_number,postal_code,city_id,geo_id) VALUES (786,'Arena Boulevard','141','1101 EJ',(select city_id from City where city_name='AMSTERDAM-ZUIDOOST'),786);
INSERT INTO Atm(atm_id,distance,atm_type,address_id) VALUES	(786,0,'ING',786);
INSERT INTO GeoLocation(geo_id,lat,lng) VALUES (787,52.014074,4.342893);
INSERT INTO Address (address_id,street,house_number,postal_code,city_id,geo_id) VALUES (787,'W.H. van Leeuwenlaan','1','2613 ZE',(select city_id from City where city_name='DELFT'),787);
INSERT INTO Atm(atm_id,distance,atm_type,address_id) VALUES	(787,0,'ALBERT_HEIJN',787);
INSERT INTO GeoLocation(geo_id,lat,lng) VALUES (788,52.13966,6.202867);
INSERT INTO Address (address_id,street,house_number,postal_code,city_id,geo_id) VALUES (788,'Polsbroek','77','7201 BX',(select city_id from City where city_name='ZUTPHEN'),788);
INSERT INTO Atm(atm_id,distance,atm_type,address_id) VALUES	(788,0,'ALBERT_HEIJN',788);
INSERT INTO GeoLocation(geo_id,lat,lng) VALUES (789,51.923393,4.583642);
INSERT INTO Address (address_id,street,house_number,postal_code,city_id,geo_id) VALUES (789,'Slotplein','96','2902 HR',(select city_id from City where city_name='CAPELLE AAN DEN IJSSEL'),789);
INSERT INTO Atm(atm_id,distance,atm_type,address_id) VALUES	(789,0,'ING',789);
INSERT INTO GeoLocation(geo_id,lat,lng) VALUES (790,53.092521,6.681769);
INSERT INTO Address (address_id,street,house_number,postal_code,city_id,geo_id) VALUES (790,'Stationsweg','33','9471 GK',(select city_id from City where city_name='ZUIDLAREN'),790);
INSERT INTO Atm(atm_id,distance,atm_type,address_id) VALUES	(790,0,'ALBERT_HEIJN',790);
INSERT INTO GeoLocation(geo_id,lat,lng) VALUES (791,52.079208,5.037676);
INSERT INTO Address (address_id,street,house_number,postal_code,city_id,geo_id) VALUES (791,'Mereveldplein','13','3454 CJ',(select city_id from City where city_name='DE MEERN'),791);
INSERT INTO Atm(atm_id,distance,atm_type,address_id) VALUES	(791,0,'ALBERT_HEIJN',791);
INSERT INTO GeoLocation(geo_id,lat,lng) VALUES (792,51.696758,5.266873);
INSERT INTO Address (address_id,street,house_number,postal_code,city_id,geo_id) VALUES (792,'Helftheuvelpassage','1','5224 AA',(select city_id from City where city_name='DEN BOSCH'),792);
INSERT INTO Atm(atm_id,distance,atm_type,address_id) VALUES	(792,0,'ALBERT_HEIJN',792);
INSERT INTO GeoLocation(geo_id,lat,lng) VALUES (793,52.636035,4.775362);
INSERT INTO Address (address_id,street,house_number,postal_code,city_id,geo_id) VALUES (793,'Nyenburgh','99','1829 GC',(select city_id from City where city_name='OUDORP'),793);
INSERT INTO Atm(atm_id,distance,atm_type,address_id) VALUES	(793,0,'ING',793);
INSERT INTO GeoLocation(geo_id,lat,lng) VALUES (794,53.223353,6.564004);
INSERT INTO Address (address_id,street,house_number,postal_code,city_id,geo_id) VALUES (794,'Nieuwe Ebbingestraat','33','9712 ND',(select city_id from City where city_name='GRONINGEN'),794);
INSERT INTO Atm(atm_id,distance,atm_type,address_id) VALUES	(794,0,'ING',794);
INSERT INTO GeoLocation(geo_id,lat,lng) VALUES (795,52.072501,4.275155);
INSERT INTO Address (address_id,street,house_number,postal_code,city_id,geo_id) VALUES (795,'Valkenboslaan','173','2563 CK',(select city_id from City where city_name='DEN HAAG'),795);
INSERT INTO Atm(atm_id,distance,atm_type,address_id) VALUES	(795,0,'ALBERT_HEIJN',795);
INSERT INTO GeoLocation(geo_id,lat,lng) VALUES (796,51.714725,5.363007);
INSERT INTO Address (address_id,street,house_number,postal_code,city_id,geo_id) VALUES (796,'Dorpsstraat','62','5241 ED',(select city_id from City where city_name='ROSMALEN'),796);
INSERT INTO Atm(atm_id,distance,atm_type,address_id) VALUES	(796,0,'ING',796);
INSERT INTO GeoLocation(geo_id,lat,lng) VALUES (797,51.685437,5.783502);
INSERT INTO Address (address_id,street,house_number,postal_code,city_id,geo_id) VALUES (797,'Markt','15','5451 BS',(select city_id from City where city_name='MILL'),797);
INSERT INTO Atm(atm_id,distance,atm_type,address_id) VALUES	(797,0,'ALBERT_HEIJN',797);
INSERT INTO GeoLocation(geo_id,lat,lng) VALUES (798,52.219397,6.929473);
INSERT INTO Address (address_id,street,house_number,postal_code,city_id,geo_id) VALUES (798,'Noord Esmarkerrondweg','421-1','7533 BL',(select city_id from City where city_name='ENSCHEDE'),798);
INSERT INTO Atm(atm_id,distance,atm_type,address_id) VALUES	(798,0,'ALBERT_HEIJN',798);
INSERT INTO GeoLocation(geo_id,lat,lng) VALUES (799,52.333645,4.957176);
INSERT INTO Address (address_id,street,house_number,postal_code,city_id,geo_id) VALUES (799,'Kruidenhof','26','1112 PS',(select city_id from City where city_name='DIEMEN'),799);
INSERT INTO Atm(atm_id,distance,atm_type,address_id) VALUES	(799,0,'ING',799);
INSERT INTO GeoLocation(geo_id,lat,lng) VALUES (800,52.348277,6.650693);
INSERT INTO Address (address_id,street,house_number,postal_code,city_id,geo_id) VALUES (800,'Nieuwstraat','169','7605 AD',(select city_id from City where city_name='ALMELO'),800);
INSERT INTO Atm(atm_id,distance,atm_type,address_id) VALUES	(800,0,'ALBERT_HEIJN',800);
INSERT INTO GeoLocation(geo_id,lat,lng) VALUES (801,51.805907,4.568388);
INSERT INTO Address (address_id,street,house_number,postal_code,city_id,geo_id) VALUES (801,'Pieter Repelaerstraat','63','3297 BL',(select city_id from City where city_name='PUTTERSHOEK'),801);
INSERT INTO Atm(atm_id,distance,atm_type,address_id) VALUES	(801,0,'ALBERT_HEIJN',801);
INSERT INTO GeoLocation(geo_id,lat,lng) VALUES (802,51.285496,5.749352);
INSERT INTO Address (address_id,street,house_number,postal_code,city_id,geo_id) VALUES (802,'Lambertushof','30-31','6031 EP',(select city_id from City where city_name='NEDERWEERT'),802);
INSERT INTO Atm(atm_id,distance,atm_type,address_id) VALUES	(802,0,'ING',802);
INSERT INTO GeoLocation(geo_id,lat,lng) VALUES (803,52.412233,6.627154);
INSERT INTO Address (address_id,street,house_number,postal_code,city_id,geo_id) VALUES (803,'Westeinde','25','7671 EK',(select city_id from City where city_name='VRIEZENVEEN'),803);
INSERT INTO Atm(atm_id,distance,atm_type,address_id) VALUES	(803,0,'ING',803);
INSERT INTO GeoLocation(geo_id,lat,lng) VALUES (804,51.577654,5.004488);
INSERT INTO Address (address_id,street,house_number,postal_code,city_id,geo_id) VALUES (804,'Heyhoefpromenade','105-107','5043 RB',(select city_id from City where city_name='TILBURG'),804);
INSERT INTO Atm(atm_id,distance,atm_type,address_id) VALUES	(804,0,'ING',804);
INSERT INTO GeoLocation(geo_id,lat,lng) VALUES (805,53.197738,6.579772);
INSERT INTO Address (address_id,street,house_number,postal_code,city_id,geo_id) VALUES (805,'Helperplein','4','9721 CX',(select city_id from City where city_name='GRONINGEN'),805);
INSERT INTO Atm(atm_id,distance,atm_type,address_id) VALUES	(805,0,'ALBERT_HEIJN',805);
INSERT INTO GeoLocation(geo_id,lat,lng) VALUES (806,52.366725,4.86975);
INSERT INTO Address (address_id,street,house_number,postal_code,city_id,geo_id) VALUES (806,'Kinkerstraat','130A','1053 EE',(select city_id from City where city_name='AMSTERDAM'),806);
INSERT INTO Atm(atm_id,distance,atm_type,address_id) VALUES	(806,0,'ING',806);
INSERT INTO GeoLocation(geo_id,lat,lng) VALUES (807,51.898797,4.510636);
INSERT INTO Address (address_id,street,house_number,postal_code,city_id,geo_id) VALUES (807,'Beijerlandselaan','16-18','3074 EJ',(select city_id from City where city_name='ROTTERDAM'),807);
INSERT INTO Atm(atm_id,distance,atm_type,address_id) VALUES	(807,0,'ING',807);
INSERT INTO GeoLocation(geo_id,lat,lng) VALUES (808,51.995073,4.211463);
INSERT INTO Address (address_id,street,house_number,postal_code,city_id,geo_id) VALUES (808,'Stokdijkkade','21','2671 GX',(select city_id from City where city_name='NAALDWIJK'),808);
INSERT INTO Atm(atm_id,distance,atm_type,address_id) VALUES	(808,0,'ING',808);
INSERT INTO GeoLocation(geo_id,lat,lng) VALUES (809,52.7220839,4.7371937);
INSERT INTO Address (address_id,street,house_number,postal_code,city_id,geo_id) VALUES (809,'Theresiaplein','8','1749 GX',(select city_id from City where city_name='WARMENHUIZEN'),809);
INSERT INTO Atm(atm_id,distance,atm_type,address_id) VALUES	(809,0,'ALBERT_HEIJN',809);
INSERT INTO GeoLocation(geo_id,lat,lng) VALUES (810,52.078452,4.314066);
INSERT INTO Address (address_id,street,house_number,postal_code,city_id,geo_id) VALUES (810,'Lange Poten','1','2511 CL',(select city_id from City where city_name='DEN HAAG'),810);
INSERT INTO Atm(atm_id,distance,atm_type,address_id) VALUES	(810,0,'ING',810);
INSERT INTO GeoLocation(geo_id,lat,lng) VALUES (811,52.129838,4.665532);
INSERT INTO Address (address_id,street,house_number,postal_code,city_id,geo_id) VALUES (811,'De Aarhof','61','2406 BT',(select city_id from City where city_name='ALPHEN AAN DEN RIJN'),811);
INSERT INTO Atm(atm_id,distance,atm_type,address_id) VALUES	(811,0,'ALBERT_HEIJN',811);
INSERT INTO GeoLocation(geo_id,lat,lng) VALUES (812,51.418473,5.392067);
INSERT INTO Address (address_id,street,house_number,postal_code,city_id,geo_id) VALUES (812,'De Schaatsenmaker','8','5506 CZ',(select city_id from City where city_name='VELDHOVEN'),812);
INSERT INTO Atm(atm_id,distance,atm_type,address_id) VALUES	(812,0,'ALBERT_HEIJN',812);
INSERT INTO GeoLocation(geo_id,lat,lng) VALUES (813,52.671101,4.700104);
INSERT INTO Address (address_id,street,house_number,postal_code,city_id,geo_id) VALUES (813,'Breelaan','23','1861 GC',(select city_id from City where city_name='BERGEN'),813);
INSERT INTO Atm(atm_id,distance,atm_type,address_id) VALUES	(813,0,'ING',813);
INSERT INTO GeoLocation(geo_id,lat,lng) VALUES (814,51.623267,4.743373);
INSERT INTO Address (address_id,street,house_number,postal_code,city_id,geo_id) VALUES (814,'Heksenwaag','2','4823 JV',(select city_id from City where city_name='BREDA'),814);
INSERT INTO Atm(atm_id,distance,atm_type,address_id) VALUES	(814,0,'ALBERT_HEIJN',814);
INSERT INTO GeoLocation(geo_id,lat,lng) VALUES (815,52.159437,5.962746);
INSERT INTO Address (address_id,street,house_number,postal_code,city_id,geo_id) VALUES (815,'Dorpstraat','23','7361 AP',(select city_id from City where city_name='BEEKBERGEN'),815);
INSERT INTO Atm(atm_id,distance,atm_type,address_id) VALUES	(815,0,'ALBERT_HEIJN',815);
INSERT INTO GeoLocation(geo_id,lat,lng) VALUES (816,52.347891,5.62304);
INSERT INTO Address (address_id,street,house_number,postal_code,city_id,geo_id) VALUES (816,'Selhorstweg','2','3841 GL',(select city_id from City where city_name='HARDERWIJK'),816);
INSERT INTO Atm(atm_id,distance,atm_type,address_id) VALUES	(816,0,'ALBERT_HEIJN',816);
INSERT INTO GeoLocation(geo_id,lat,lng) VALUES (817,52.7026866,5.2829936);
INSERT INTO Address (address_id,street,house_number,postal_code,city_id,geo_id) VALUES (817,'Westerstraat','188','1601 AP',(select city_id from City where city_name='ENKHUIZEN'),817);
INSERT INTO Atm(atm_id,distance,atm_type,address_id) VALUES	(817,0,'ALBERT_HEIJN',817);
INSERT INTO GeoLocation(geo_id,lat,lng) VALUES (818,52.506611,6.089897);
INSERT INTO Address (address_id,street,house_number,postal_code,city_id,geo_id) VALUES (818,'Stationsplein','22','8011 CW',(select city_id from City where city_name='ZWOLLE'),818);
INSERT INTO Atm(atm_id,distance,atm_type,address_id) VALUES	(818,0,'ING',818);
INSERT INTO GeoLocation(geo_id,lat,lng) VALUES (819,52.243392,4.431252);
INSERT INTO Address (address_id,street,house_number,postal_code,city_id,geo_id) VALUES (819,'Hoofdstraat','99','2202 EW',(select city_id from City where city_name='NOORDWIJK'),819);
INSERT INTO Atm(atm_id,distance,atm_type,address_id) VALUES	(819,0,'ING',819);
INSERT INTO GeoLocation(geo_id,lat,lng) VALUES (820,52.081247,5.613774);
INSERT INTO Address (address_id,street,house_number,postal_code,city_id,geo_id) VALUES (820,'Klomperweg','87','6741 PE',(select city_id from City where city_name='LUNTEREN'),820);
INSERT INTO Atm(atm_id,distance,atm_type,address_id) VALUES	(820,0,'ALBERT_HEIJN',820);
INSERT INTO GeoLocation(geo_id,lat,lng) VALUES (821,51.601595,4.770778);
INSERT INTO Address (address_id,street,house_number,postal_code,city_id,geo_id) VALUES (821,'Crogtdijk','79','4815 AE',(select city_id from City where city_name='BREDA'),821);
INSERT INTO Atm(atm_id,distance,atm_type,address_id) VALUES	(821,0,'ALBERT_HEIJN',821);
INSERT INTO GeoLocation(geo_id,lat,lng) VALUES (822,51.341288,6.141278);
INSERT INTO Address (address_id,street,house_number,postal_code,city_id,geo_id) VALUES (822,'Raadhuislaan','48','5931 NS',(select city_id from City where city_name='TEGELEN'),822);
INSERT INTO Atm(atm_id,distance,atm_type,address_id) VALUES	(822,0,'ALBERT_HEIJN',822);
INSERT INTO GeoLocation(geo_id,lat,lng) VALUES (823,52.1916057,6.8772282);
INSERT INTO Address (address_id,street,house_number,postal_code,city_id,geo_id) VALUES (823,'Wesseler-Nering','27','7544 JB',(select city_id from City where city_name='ENSCHEDE'),823);
INSERT INTO Atm(atm_id,distance,atm_type,address_id) VALUES	(823,0,'ING',823);
INSERT INTO GeoLocation(geo_id,lat,lng) VALUES (824,52.225433,5.173362);
INSERT INTO Address (address_id,street,house_number,postal_code,city_id,geo_id) VALUES (824,'Bussumerstraat','60','1211 BL',(select city_id from City where city_name='HILVERSUM'),824);
INSERT INTO Atm(atm_id,distance,atm_type,address_id) VALUES	(824,0,'ING',824);
INSERT INTO GeoLocation(geo_id,lat,lng) VALUES (825,51.961118,5.813471);
INSERT INTO Address (address_id,street,house_number,postal_code,city_id,geo_id) VALUES (825,'Polenplein','24','6665 CN',(select city_id from City where city_name='DRIEL'),825);
INSERT INTO Atm(atm_id,distance,atm_type,address_id) VALUES	(825,0,'ALBERT_HEIJN',825);
INSERT INTO GeoLocation(geo_id,lat,lng) VALUES (826,51.927469,4.509787);
INSERT INTO Address (address_id,street,house_number,postal_code,city_id,geo_id) VALUES (826,'Oudedijk','149','3061 AA',(select city_id from City where city_name='ROTTERDAM'),826);
INSERT INTO Atm(atm_id,distance,atm_type,address_id) VALUES	(826,0,'ALBERT_HEIJN',826);
INSERT INTO GeoLocation(geo_id,lat,lng) VALUES (827,52.243577,6.85112);
INSERT INTO Address (address_id,street,house_number,postal_code,city_id,geo_id) VALUES (827,'De Hems','16-090','7522 NL',(select city_id from City where city_name='ENSCHEDE'),827);
INSERT INTO Atm(atm_id,distance,atm_type,address_id) VALUES	(827,0,'ING',827);
INSERT INTO GeoLocation(geo_id,lat,lng) VALUES (828,52.412135,4.886403);
INSERT INTO Address (address_id,street,house_number,postal_code,city_id,geo_id) VALUES (828,'Nieuwe Maanstraat','9','1033 JK',(select city_id from City where city_name='AMSTERDAM'),828);
INSERT INTO Atm(atm_id,distance,atm_type,address_id) VALUES	(828,0,'ING',828);
INSERT INTO GeoLocation(geo_id,lat,lng) VALUES (829,52.089229,5.135853);
INSERT INTO Address (address_id,street,house_number,postal_code,city_id,geo_id) VALUES (829,'Burgemeester Reigerstraat','57','3581 KM',(select city_id from City where city_name='UTRECHT'),829);
INSERT INTO Atm(atm_id,distance,atm_type,address_id) VALUES	(829,0,'ALBERT_HEIJN',829);
INSERT INTO GeoLocation(geo_id,lat,lng) VALUES (830,51.688162,5.065778);
INSERT INTO Address (address_id,street,house_number,postal_code,city_id,geo_id) VALUES (830,'De Els','46','5141 HH',(select city_id from City where city_name='WAALWIJK'),830);
INSERT INTO Atm(atm_id,distance,atm_type,address_id) VALUES	(830,0,'ALBERT_HEIJN',830);
INSERT INTO GeoLocation(geo_id,lat,lng) VALUES (831,53.19859,6.559786);
INSERT INTO Address (address_id,street,house_number,postal_code,city_id,geo_id) VALUES (831,'Overwinningsplein','73','9728 GR',(select city_id from City where city_name='GRONINGEN'),831);
INSERT INTO Atm(atm_id,distance,atm_type,address_id) VALUES	(831,0,'ING',831);
INSERT INTO GeoLocation(geo_id,lat,lng) VALUES (832,52.144543,4.403703);
INSERT INTO Address (address_id,street,house_number,postal_code,city_id,geo_id) VALUES (832,'Stadhoudersplein','4','2241 EB',(select city_id from City where city_name='WASSENAAR'),832);
INSERT INTO Atm(atm_id,distance,atm_type,address_id) VALUES	(832,0,'ALBERT_HEIJN',832);
INSERT INTO GeoLocation(geo_id,lat,lng) VALUES (833,52.4061,4.645465);
INSERT INTO Address (address_id,street,house_number,postal_code,city_id,geo_id) VALUES (833,'Van Nesstraat','71','2024 DM',(select city_id from City where city_name='HAARLEM'),833);
INSERT INTO Atm(atm_id,distance,atm_type,address_id) VALUES	(833,0,'ING',833);
INSERT INTO GeoLocation(geo_id,lat,lng) VALUES (834,52.221433,6.889317);
INSERT INTO Address (address_id,street,house_number,postal_code,city_id,geo_id) VALUES (834,'Stationsplein','33','7511 JD',(select city_id from City where city_name='ENSCHEDE'),834);
INSERT INTO Atm(atm_id,distance,atm_type,address_id) VALUES	(834,0,'ING',834);
INSERT INTO GeoLocation(geo_id,lat,lng) VALUES (835,51.472325,5.545828);
INSERT INTO Address (address_id,street,house_number,postal_code,city_id,geo_id) VALUES (835,'Parkstraat','22','5671 GG',(select city_id from City where city_name='NUENEN'),835);
INSERT INTO Atm(atm_id,distance,atm_type,address_id) VALUES	(835,0,'ALBERT_HEIJN',835);
INSERT INTO GeoLocation(geo_id,lat,lng) VALUES (836,52.7147718,6.8579083);
INSERT INTO Address (address_id,street,house_number,postal_code,city_id,geo_id) VALUES (836,'Vaart Zuidzijde','52','7833 AC',(select city_id from City where city_name='NIEUW-AMSTERDAM'),836);
INSERT INTO Atm(atm_id,distance,atm_type,address_id) VALUES	(836,0,'ALBERT_HEIJN',836);
INSERT INTO GeoLocation(geo_id,lat,lng) VALUES (837,51.957562,4.496061);
INSERT INTO Address (address_id,street,house_number,postal_code,city_id,geo_id) VALUES (837,'Streksingel','163','3054 HG',(select city_id from City where city_name='ROTTERDAM'),837);
INSERT INTO Atm(atm_id,distance,atm_type,address_id) VALUES	(837,0,'ING',837);
INSERT INTO GeoLocation(geo_id,lat,lng) VALUES (838,52.083956,4.332247);
INSERT INTO Address (address_id,street,house_number,postal_code,city_id,geo_id) VALUES (838,'Theresiastraat','75','2593 AB',(select city_id from City where city_name='DEN HAAG'),838);
INSERT INTO Atm(atm_id,distance,atm_type,address_id) VALUES	(838,0,'ALBERT_HEIJN',838);
INSERT INTO GeoLocation(geo_id,lat,lng) VALUES (839,51.934682,4.376703);
INSERT INTO Address (address_id,street,house_number,postal_code,city_id,geo_id) VALUES (839,'Hof van Spaland','1','3121 CA',(select city_id from City where city_name='SCHIEDAM'),839);
INSERT INTO Atm(atm_id,distance,atm_type,address_id) VALUES	(839,0,'ALBERT_HEIJN',839);
INSERT INTO GeoLocation(geo_id,lat,lng) VALUES (840,52.260533,6.224339);
INSERT INTO Address (address_id,street,house_number,postal_code,city_id,geo_id) VALUES (840,'Andriessenplein','34','7425 GZ',(select city_id from City where city_name='DEVENTER'),840);
INSERT INTO Atm(atm_id,distance,atm_type,address_id) VALUES	(840,0,'ALBERT_HEIJN',840);
INSERT INTO GeoLocation(geo_id,lat,lng) VALUES (841,52.359183,4.878118);
INSERT INTO Address (address_id,street,house_number,postal_code,city_id,geo_id) VALUES (841,'Van Baerlestraat','23','1071 AN',(select city_id from City where city_name='AMSTERDAM'),841);
INSERT INTO Atm(atm_id,distance,atm_type,address_id) VALUES	(841,0,'ING',841);
INSERT INTO GeoLocation(geo_id,lat,lng) VALUES (842,52.438772,4.823285);
INSERT INTO Address (address_id,street,house_number,postal_code,city_id,geo_id) VALUES (842,'Zilverpadsteeg','59-61','1506 SB',(select city_id from City where city_name='ZAANDAM'),842);
INSERT INTO Atm(atm_id,distance,atm_type,address_id) VALUES	(842,0,'ING',842);
INSERT INTO GeoLocation(geo_id,lat,lng) VALUES (843,52.216166,6.891365);
INSERT INTO Address (address_id,street,house_number,postal_code,city_id,geo_id) VALUES (843,'Haaksbergerstraat','55','7513 ER',(select city_id from City where city_name='ENSCHEDE'),843);
INSERT INTO Atm(atm_id,distance,atm_type,address_id) VALUES	(843,0,'ING',843);
INSERT INTO GeoLocation(geo_id,lat,lng) VALUES (844,53.187584,6.554865);
INSERT INTO Address (address_id,street,house_number,postal_code,city_id,geo_id) VALUES (844,'B.S.F. von Suttnerstraat','1','9728 WZ',(select city_id from City where city_name='GRONINGEN'),844);
INSERT INTO Atm(atm_id,distance,atm_type,address_id) VALUES	(844,0,'ALBERT_HEIJN',844);
INSERT INTO GeoLocation(geo_id,lat,lng) VALUES (845,52.104049,4.276401);
INSERT INTO Address (address_id,street,house_number,postal_code,city_id,geo_id) VALUES (845,'Keizerstraat','342','2584 BP',(select city_id from City where city_name='DEN HAAG'),845);
INSERT INTO Atm(atm_id,distance,atm_type,address_id) VALUES	(845,0,'ALBERT_HEIJN',845);
INSERT INTO GeoLocation(geo_id,lat,lng) VALUES (846,53.199246,5.792157);
INSERT INTO Address (address_id,street,house_number,postal_code,city_id,geo_id) VALUES (846,'Prins Hendrikstraat','2','8911 BK',(select city_id from City where city_name='LEEUWARDEN'),846);
INSERT INTO Atm(atm_id,distance,atm_type,address_id) VALUES	(846,0,'ALBERT_HEIJN',846);
INSERT INTO GeoLocation(geo_id,lat,lng) VALUES (847,53.182911,6.166116);
INSERT INTO Address (address_id,street,house_number,postal_code,city_id,geo_id) VALUES (847,'De Kolk','29','9231 CV',(select city_id from City where city_name='SURHUISTERVEEN'),847);
INSERT INTO Atm(atm_id,distance,atm_type,address_id) VALUES	(847,0,'ALBERT_HEIJN',847);
INSERT INTO GeoLocation(geo_id,lat,lng) VALUES (848,51.879194,5.838073);
INSERT INTO Address (address_id,street,house_number,postal_code,city_id,geo_id) VALUES (848,'Jonagoldstraat','57','6515 EN',(select city_id from City where city_name='NIJMEGEN'),848);
INSERT INTO Atm(atm_id,distance,atm_type,address_id) VALUES	(848,0,'ALBERT_HEIJN',848);
INSERT INTO GeoLocation(geo_id,lat,lng) VALUES (849,51.893556,4.628939);
INSERT INTO Address (address_id,street,house_number,postal_code,city_id,geo_id) VALUES (849,'De Markt','317','2931 EC',(select city_id from City where city_name='KRIMPEN AAN DE LEK'),849);
INSERT INTO Atm(atm_id,distance,atm_type,address_id) VALUES	(849,0,'ALBERT_HEIJN',849);
INSERT INTO GeoLocation(geo_id,lat,lng) VALUES (850,52.330156,5.541664);
INSERT INTO Address (address_id,street,house_number,postal_code,city_id,geo_id) VALUES (850,'Kerkstraat','26','3891 ET',(select city_id from City where city_name='ZEEWOLDE'),850);
INSERT INTO Atm(atm_id,distance,atm_type,address_id) VALUES	(850,0,'ALBERT_HEIJN',850);
INSERT INTO GeoLocation(geo_id,lat,lng) VALUES (851,52.292229,4.854314);
INSERT INTO Address (address_id,street,house_number,postal_code,city_id,geo_id) VALUES (851,'Van der Hooplaan','191','1185 GC',(select city_id from City where city_name='AMSTELVEEN'),851);
INSERT INTO Atm(atm_id,distance,atm_type,address_id) VALUES	(851,0,'ING',851);
INSERT INTO GeoLocation(geo_id,lat,lng) VALUES (852,51.824225,4.412327);
INSERT INTO Address (address_id,street,house_number,postal_code,city_id,geo_id) VALUES (852,'Oost-Voorstraat','41','3262 JG',(select city_id from City where city_name='OUD-BEIJERLAND'),852);
INSERT INTO Atm(atm_id,distance,atm_type,address_id) VALUES	(852,0,'ING',852);
INSERT INTO GeoLocation(geo_id,lat,lng) VALUES (853,52.239409,6.892514);
INSERT INTO Address (address_id,street,house_number,postal_code,city_id,geo_id) VALUES (853,'Rijnstraat','34','7523 GG',(select city_id from City where city_name='ENSCHEDE'),853);
INSERT INTO Atm(atm_id,distance,atm_type,address_id) VALUES	(853,0,'ING',853);
INSERT INTO GeoLocation(geo_id,lat,lng) VALUES (854,52.386166,6.277109);
INSERT INTO Address (address_id,street,house_number,postal_code,city_id,geo_id) VALUES (854,'Molenhof','20','8102 EX',(select city_id from City where city_name='RAALTE'),854);
INSERT INTO Atm(atm_id,distance,atm_type,address_id) VALUES	(854,0,'ALBERT_HEIJN',854);
INSERT INTO GeoLocation(geo_id,lat,lng) VALUES (855,51.904547,4.504072);
INSERT INTO Address (address_id,street,house_number,postal_code,city_id,geo_id) VALUES (855,'Vuurplaat','426','3071 AR',(select city_id from City where city_name='ROTTERDAM'),855);
INSERT INTO Atm(atm_id,distance,atm_type,address_id) VALUES	(855,0,'ING',855);
INSERT INTO GeoLocation(geo_id,lat,lng) VALUES (856,52.39384,5.273534);
INSERT INTO Address (address_id,street,house_number,postal_code,city_id,geo_id) VALUES (856,'Washingtonstraat','50','1334 LT',(select city_id from City where city_name='ALMERE'),856);
INSERT INTO Atm(atm_id,distance,atm_type,address_id) VALUES	(856,0,'ING',856);
INSERT INTO GeoLocation(geo_id,lat,lng) VALUES (857,52.087032,6.448867);
INSERT INTO Address (address_id,street,house_number,postal_code,city_id,geo_id) VALUES (857,'Zuivelweg','1','7261 AX',(select city_id from City where city_name='RUURLO'),857);
INSERT INTO Atm(atm_id,distance,atm_type,address_id) VALUES	(857,0,'ING',857);
INSERT INTO GeoLocation(geo_id,lat,lng) VALUES (858,51.77095,4.961337);
INSERT INTO Address (address_id,street,house_number,postal_code,city_id,geo_id) VALUES (858,'Voorstraat','2','4286 AL',(select city_id from City where city_name='ALMKERK'),858);
INSERT INTO Atm(atm_id,distance,atm_type,address_id) VALUES	(858,0,'ALBERT_HEIJN',858);
INSERT INTO GeoLocation(geo_id,lat,lng) VALUES (859,52.39165,4.877995);
INSERT INTO Address (address_id,street,house_number,postal_code,city_id,geo_id) VALUES (859,'Spaarndammerdijk','3','1013 ZM',(select city_id from City where city_name='AMSTERDAM'),859);
INSERT INTO Atm(atm_id,distance,atm_type,address_id) VALUES	(859,0,'ALBERT_HEIJN',859);
INSERT INTO GeoLocation(geo_id,lat,lng) VALUES (860,53.262357,5.757992);
INSERT INTO Address (address_id,street,house_number,postal_code,city_id,geo_id) VALUES (860,'Pieter Jellessingel','11','9051 BV',(select city_id from City where city_name='STIENS'),860);
INSERT INTO Atm(atm_id,distance,atm_type,address_id) VALUES	(860,0,'ING',860);
INSERT INTO GeoLocation(geo_id,lat,lng) VALUES (861,51.811397,5.800558);
INSERT INTO Address (address_id,street,house_number,postal_code,city_id,geo_id) VALUES (861,'Meijhorst','7001','6537 EN',(select city_id from City where city_name='NIJMEGEN'),861);
INSERT INTO Atm(atm_id,distance,atm_type,address_id) VALUES	(861,0,'ALBERT_HEIJN',861);
INSERT INTO GeoLocation(geo_id,lat,lng) VALUES (862,52.255149,6.786253);
INSERT INTO Address (address_id,street,house_number,postal_code,city_id,geo_id) VALUES (862,'Boekeloseweg','26','7553 DN',(select city_id from City where city_name='HENGELO'),862);
INSERT INTO Atm(atm_id,distance,atm_type,address_id) VALUES	(862,0,'ALBERT_HEIJN',862);
INSERT INTO GeoLocation(geo_id,lat,lng) VALUES (863,51.810035,4.683991);
INSERT INTO Address (address_id,street,house_number,postal_code,city_id,geo_id) VALUES (863,'Vogelplein','40','3312 GS',(select city_id from City where city_name='DORDRECHT'),863);
INSERT INTO Atm(atm_id,distance,atm_type,address_id) VALUES	(863,0,'ING',863);
INSERT INTO GeoLocation(geo_id,lat,lng) VALUES (864,52.60121,6.456583);
INSERT INTO Address (address_id,street,house_number,postal_code,city_id,geo_id) VALUES (864,'Markt','69','7701 GW',(select city_id from City where city_name='DEDEMSVAART'),864);
INSERT INTO Atm(atm_id,distance,atm_type,address_id) VALUES	(864,0,'ALBERT_HEIJN',864);
INSERT INTO GeoLocation(geo_id,lat,lng) VALUES (865,52.073709,4.658413);
INSERT INTO Address (address_id,street,house_number,postal_code,city_id,geo_id) VALUES (865,'Koninginneweg','11','2771 DN',(select city_id from City where city_name='BOSKOOP'),865);
INSERT INTO Atm(atm_id,distance,atm_type,address_id) VALUES	(865,0,'ALBERT_HEIJN',865);
INSERT INTO GeoLocation(geo_id,lat,lng) VALUES (866,51.8654,4.618756);
INSERT INTO Address (address_id,street,house_number,postal_code,city_id,geo_id) VALUES (866,'Vlietplein','238','2986 GM',(select city_id from City where city_name='RIDDERKERK'),866);
INSERT INTO Atm(atm_id,distance,atm_type,address_id) VALUES	(866,0,'ING',866);
INSERT INTO GeoLocation(geo_id,lat,lng) VALUES (867,52.375551,5.243268);
INSERT INTO Address (address_id,street,house_number,postal_code,city_id,geo_id) VALUES (867,'Haagbeukweg','50','1326 CP',(select city_id from City where city_name='ALMERE'),867);
INSERT INTO Atm(atm_id,distance,atm_type,address_id) VALUES	(867,0,'ING',867);
INSERT INTO GeoLocation(geo_id,lat,lng) VALUES (868,51.601588,5.226416);
INSERT INTO Address (address_id,street,house_number,postal_code,city_id,geo_id) VALUES (868,'Monseigneur Bekkersplein','3','5076 AZ',(select city_id from City where city_name='HAAREN'),868);
INSERT INTO Atm(atm_id,distance,atm_type,address_id) VALUES	(868,0,'ALBERT_HEIJN',868);
INSERT INTO GeoLocation(geo_id,lat,lng) VALUES (869,52.350159,4.878119);
INSERT INTO Address (address_id,street,house_number,postal_code,city_id,geo_id) VALUES (869,'Beethovenstraat','8','1077 JG',(select city_id from City where city_name='AMSTERDAM'),869);
INSERT INTO Atm(atm_id,distance,atm_type,address_id) VALUES	(869,0,'ING',869);
INSERT INTO GeoLocation(geo_id,lat,lng) VALUES (870,51.382775,5.711243);
INSERT INTO Address (address_id,street,house_number,postal_code,city_id,geo_id) VALUES (870,'Postelstraat','39','5711 EM',(select city_id from City where city_name='SOMEREN'),870);
INSERT INTO Atm(atm_id,distance,atm_type,address_id) VALUES	(870,0,'ALBERT_HEIJN',870);
INSERT INTO GeoLocation(geo_id,lat,lng) VALUES (871,51.900066,4.17052);
INSERT INTO Address (address_id,street,house_number,postal_code,city_id,geo_id) VALUES (871,'Thoelaverweg','2','3231 KD',(select city_id from City where city_name='BRIELLE'),871);
INSERT INTO Atm(atm_id,distance,atm_type,address_id) VALUES	(871,0,'ALBERT_HEIJN',871);
INSERT INTO GeoLocation(geo_id,lat,lng) VALUES (872,52.50111,4.7644);
INSERT INTO Address (address_id,street,house_number,postal_code,city_id,geo_id) VALUES (872,'Heiligeweg','61-63','1561 DG',(select city_id from City where city_name='KROMMENIE'),872);
INSERT INTO Atm(atm_id,distance,atm_type,address_id) VALUES	(872,0,'ING',872);
INSERT INTO GeoLocation(geo_id,lat,lng) VALUES (873,52.029542,5.082906);
INSERT INTO Address (address_id,street,house_number,postal_code,city_id,geo_id) VALUES (873,'Bankstede','1','3431 HN',(select city_id from City where city_name='NIEUWEGEIN'),873);
INSERT INTO Atm(atm_id,distance,atm_type,address_id) VALUES	(873,0,'ING',873);
INSERT INTO GeoLocation(geo_id,lat,lng) VALUES (874,52.604437,4.711285);
INSERT INTO Address (address_id,street,house_number,postal_code,city_id,geo_id) VALUES (874,'Heerenweg','46','1851 KS',(select city_id from City where city_name='HEILOO'),874);
INSERT INTO Atm(atm_id,distance,atm_type,address_id) VALUES	(874,0,'ING',874);
INSERT INTO GeoLocation(geo_id,lat,lng) VALUES (875,51.870071,4.601874);
INSERT INTO Address (address_id,street,house_number,postal_code,city_id,geo_id) VALUES (875,'Verlengde Kerkweg','7','2981 GE',(select city_id from City where city_name='RIDDERKERK'),875);
INSERT INTO Atm(atm_id,distance,atm_type,address_id) VALUES	(875,0,'ING',875);
INSERT INTO GeoLocation(geo_id,lat,lng) VALUES (876,51.986857,5.844014);
INSERT INTO Address (address_id,street,house_number,postal_code,city_id,geo_id) VALUES (876,'Utrechtseweg','142','6862 AS',(select city_id from City where city_name='OOSTERBEEK'),876);
INSERT INTO Atm(atm_id,distance,atm_type,address_id) VALUES	(876,0,'ING',876);
INSERT INTO GeoLocation(geo_id,lat,lng) VALUES (877,52.54835,5.910573);
INSERT INTO Address (address_id,street,house_number,postal_code,city_id,geo_id) VALUES (877,'Lovinkstraat','20','8265 BT',(select city_id from City where city_name='KAMPEN'),877);
INSERT INTO Atm(atm_id,distance,atm_type,address_id) VALUES	(877,0,'ALBERT_HEIJN',877);
INSERT INTO GeoLocation(geo_id,lat,lng) VALUES (878,52.038528,5.656924);
INSERT INTO Address (address_id,street,house_number,postal_code,city_id,geo_id) VALUES (878,'Rozenplein','6','6713 EN',(select city_id from City where city_name='EDE'),878);
INSERT INTO Atm(atm_id,distance,atm_type,address_id) VALUES	(878,0,'ING',878);
INSERT INTO GeoLocation(geo_id,lat,lng) VALUES (879,52.347628,4.905023);
INSERT INTO Address (address_id,street,house_number,postal_code,city_id,geo_id) VALUES (879,'Rijnstraat','33','1078 PW',(select city_id from City where city_name='AMSTERDAM'),879);
INSERT INTO Atm(atm_id,distance,atm_type,address_id) VALUES	(879,0,'ALBERT_HEIJN',879);
INSERT INTO GeoLocation(geo_id,lat,lng) VALUES (880,52.091602,5.131301);
INSERT INTO Address (address_id,street,house_number,postal_code,city_id,geo_id) VALUES (880,'Nachtegaalstraat','55','3581 AD',(select city_id from City where city_name='UTRECHT'),880);
INSERT INTO Atm(atm_id,distance,atm_type,address_id) VALUES	(880,0,'ALBERT_HEIJN',880);
INSERT INTO GeoLocation(geo_id,lat,lng) VALUES (881,52.363266,4.931693);
INSERT INTO Address (address_id,street,house_number,postal_code,city_id,geo_id) VALUES (881,'Celebesstraat','43','1094 EN',(select city_id from City where city_name='AMSTERDAM'),881);
INSERT INTO Atm(atm_id,distance,atm_type,address_id) VALUES	(881,0,'ALBERT_HEIJN',881);
INSERT INTO GeoLocation(geo_id,lat,lng) VALUES (882,52.231618,6.890787);
INSERT INTO Address (address_id,street,house_number,postal_code,city_id,geo_id) VALUES (882,'Brouwerijstraat','72','7523 XE',(select city_id from City where city_name='ENSCHEDE'),882);
INSERT INTO Atm(atm_id,distance,atm_type,address_id) VALUES	(882,0,'ING',882);
INSERT INTO GeoLocation(geo_id,lat,lng) VALUES (883,51.728797,5.432965);
INSERT INTO Address (address_id,street,house_number,postal_code,city_id,geo_id) VALUES (883,'Kerkstraat','8','5391 AA',(select city_id from City where city_name='NULAND'),883);
INSERT INTO Atm(atm_id,distance,atm_type,address_id) VALUES	(883,0,'ALBERT_HEIJN',883);
INSERT INTO GeoLocation(geo_id,lat,lng) VALUES (884,52.114062,5.109825);
INSERT INTO Address (address_id,street,house_number,postal_code,city_id,geo_id) VALUES (884,'Roelantdreef','1','3562 KA',(select city_id from City where city_name='UTRECHT'),884);
INSERT INTO Atm(atm_id,distance,atm_type,address_id) VALUES	(884,0,'ING',884);
INSERT INTO GeoLocation(geo_id,lat,lng) VALUES (885,51.885961,4.54783);
INSERT INTO Address (address_id,street,house_number,postal_code,city_id,geo_id) VALUES (885,'Groeninx van Zoelenlaan','125','3078 AW',(select city_id from City where city_name='ROTTERDAM'),885);
INSERT INTO Atm(atm_id,distance,atm_type,address_id) VALUES	(885,0,'ING',885);
INSERT INTO GeoLocation(geo_id,lat,lng) VALUES (886,51.551421,4.796895);
INSERT INTO Address (address_id,street,house_number,postal_code,city_id,geo_id) VALUES (886,'Dorpstraat','48','4851 CM',(select city_id from City where city_name='ULVENHOUT'),886);
INSERT INTO Atm(atm_id,distance,atm_type,address_id) VALUES	(886,0,'ALBERT_HEIJN',886);
INSERT INTO GeoLocation(geo_id,lat,lng) VALUES (887,52.134943,6.610323);
INSERT INTO Address (address_id,street,house_number,postal_code,city_id,geo_id) VALUES (887,'Borculoseweg','11','7161 GP',(select city_id from City where city_name='NEEDE'),887);
INSERT INTO Atm(atm_id,distance,atm_type,address_id) VALUES	(887,0,'ALBERT_HEIJN',887);
INSERT INTO GeoLocation(geo_id,lat,lng) VALUES (888,51.964246,4.571037);
INSERT INTO Address (address_id,street,house_number,postal_code,city_id,geo_id) VALUES (888,'Imkerstraat','16','3068 GX',(select city_id from City where city_name='ROTTERDAM'),888);
INSERT INTO Atm(atm_id,distance,atm_type,address_id) VALUES	(888,0,'ING',888);
INSERT INTO GeoLocation(geo_id,lat,lng) VALUES (889,52.215664,4.934782);
INSERT INTO Address (address_id,street,house_number,postal_code,city_id,geo_id) VALUES (889,'Herenweg','71-73','3645 DG',(select city_id from City where city_name='VINKEVEEN'),889);
INSERT INTO Atm(atm_id,distance,atm_type,address_id) VALUES	(889,0,'ALBERT_HEIJN',889);
INSERT INTO GeoLocation(geo_id,lat,lng) VALUES (890,52.271095,4.619902);
INSERT INTO Address (address_id,street,house_number,postal_code,city_id,geo_id) VALUES (890,'Hndelplein','21','2151 NL',(select city_id from City where city_name='NIEUW-VENNEP'),890);
INSERT INTO Atm(atm_id,distance,atm_type,address_id) VALUES	(890,0,'ING',890);
INSERT INTO GeoLocation(geo_id,lat,lng) VALUES (891,52.349726,4.977438);
INSERT INTO Address (address_id,street,house_number,postal_code,city_id,geo_id) VALUES (891,'Gruttoplein','1A','1113 HL',(select city_id from City where city_name='DIEMEN'),891);
INSERT INTO Atm(atm_id,distance,atm_type,address_id) VALUES	(891,0,'ING',891);
INSERT INTO GeoLocation(geo_id,lat,lng) VALUES (892,52.005549,4.701688);
INSERT INTO Address (address_id,street,house_number,postal_code,city_id,geo_id) VALUES (892,'Constantijn Huygensstraat','110','2802 LZ',(select city_id from City where city_name='GOUDA'),892);
INSERT INTO Atm(atm_id,distance,atm_type,address_id) VALUES	(892,0,'ING',892);
INSERT INTO GeoLocation(geo_id,lat,lng) VALUES (893,50.844174,5.72799);
INSERT INTO Address (address_id,street,house_number,postal_code,city_id,geo_id) VALUES (893,'Burgemeester Cortenstraat','8','6226 GV',(select city_id from City where city_name='MAASTRICHT'),893);
INSERT INTO Atm(atm_id,distance,atm_type,address_id) VALUES	(893,0,'ALBERT_HEIJN',893);
INSERT INTO GeoLocation(geo_id,lat,lng) VALUES (894,52.101421,5.245115);
INSERT INTO Address (address_id,street,house_number,postal_code,city_id,geo_id) VALUES (894,'Vrijheidsplein','58-64','3705 PS',(select city_id from City where city_name='ZEIST'),894);
INSERT INTO Atm(atm_id,distance,atm_type,address_id) VALUES	(894,0,'ING',894);
INSERT INTO GeoLocation(geo_id,lat,lng) VALUES (895,51.569736,4.79207);
INSERT INTO Address (address_id,street,house_number,postal_code,city_id,geo_id) VALUES (895,'Valkeniersplein','2','4835 RB',(select city_id from City where city_name='BREDA'),895);
INSERT INTO Atm(atm_id,distance,atm_type,address_id) VALUES	(895,0,'ALBERT_HEIJN',895);
INSERT INTO GeoLocation(geo_id,lat,lng) VALUES (896,52.084889,4.885601);
INSERT INTO Address (address_id,street,house_number,postal_code,city_id,geo_id) VALUES (896,'Wagenstraat','24','3441 BM',(select city_id from City where city_name='WOERDEN'),896);
INSERT INTO Atm(atm_id,distance,atm_type,address_id) VALUES	(896,0,'ALBERT_HEIJN',896);
INSERT INTO GeoLocation(geo_id,lat,lng) VALUES (897,52.49439,5.069464);
INSERT INTO Address (address_id,street,house_number,postal_code,city_id,geo_id) VALUES (897,'Julianaweg','49','1131 CZ',(select city_id from City where city_name='VOLENDAM'),897);
INSERT INTO Atm(atm_id,distance,atm_type,address_id) VALUES	(897,0,'ING',897);
INSERT INTO GeoLocation(geo_id,lat,lng) VALUES (898,51.910027,4.446766);
INSERT INTO Address (address_id,street,house_number,postal_code,city_id,geo_id) VALUES (898,'Schiedamseweg','39','3026 AC',(select city_id from City where city_name='ROTTERDAM'),898);
INSERT INTO Atm(atm_id,distance,atm_type,address_id) VALUES	(898,0,'ING',898);
INSERT INTO GeoLocation(geo_id,lat,lng) VALUES (899,52.388997,4.837551);
INSERT INTO Address (address_id,street,house_number,postal_code,city_id,geo_id) VALUES (899,'Orlyplein','107','1043 DT',(select city_id from City where city_name='AMSTERDAM'),899);
INSERT INTO Atm(atm_id,distance,atm_type,address_id) VALUES	(899,0,'ING',899);
INSERT INTO GeoLocation(geo_id,lat,lng) VALUES (900,52.074086,5.094522);
INSERT INTO Address (address_id,street,house_number,postal_code,city_id,geo_id) VALUES (900,'Hammarskjoldhof','64','3527 HE',(select city_id from City where city_name='UTRECHT'),900);
INSERT INTO Atm(atm_id,distance,atm_type,address_id) VALUES	(900,0,'ALBERT_HEIJN',900);
INSERT INTO GeoLocation(geo_id,lat,lng) VALUES (901,52.10269,6.644348);
INSERT INTO Address (address_id,street,house_number,postal_code,city_id,geo_id) VALUES (901,'Laagte','2','7151 BS',(select city_id from City where city_name='EIBERGEN'),901);
INSERT INTO Atm(atm_id,distance,atm_type,address_id) VALUES	(901,0,'ALBERT_HEIJN',901);
INSERT INTO GeoLocation(geo_id,lat,lng) VALUES (902,52.1034647,6.314484);
INSERT INTO Address (address_id,street,house_number,postal_code,city_id,geo_id) VALUES (902,'Dorpstraat','18','7251 BB',(select city_id from City where city_name='VORDEN'),902);
INSERT INTO Atm(atm_id,distance,atm_type,address_id) VALUES	(902,0,'ALBERT_HEIJN',902);
INSERT INTO GeoLocation(geo_id,lat,lng) VALUES (903,51.847901,4.329714);
INSERT INTO Address (address_id,street,house_number,postal_code,city_id,geo_id) VALUES (903,'Raadhuislaan','49','3201 EM',(select city_id from City where city_name='SPIJKENISSE'),903);
INSERT INTO Atm(atm_id,distance,atm_type,address_id) VALUES	(903,0,'ING',903);
INSERT INTO GeoLocation(geo_id,lat,lng) VALUES (904,52.025275,5.556778);
INSERT INTO Address (address_id,street,house_number,postal_code,city_id,geo_id) VALUES (904,'Passage','50','3901 AZ',(select city_id from City where city_name='VEENENDAAL'),904);
INSERT INTO Atm(atm_id,distance,atm_type,address_id) VALUES	(904,0,'ALBERT_HEIJN',904);
INSERT INTO GeoLocation(geo_id,lat,lng) VALUES (905,52.200459,5.967194);
INSERT INTO Address (address_id,street,house_number,postal_code,city_id,geo_id) VALUES (905,'Talingweg','169','7331 GN',(select city_id from City where city_name='APELDOORN'),905);
INSERT INTO Atm(atm_id,distance,atm_type,address_id) VALUES	(905,0,'ALBERT_HEIJN',905);
INSERT INTO GeoLocation(geo_id,lat,lng) VALUES (906,51.941777,4.547909);
INSERT INTO Address (address_id,street,house_number,postal_code,city_id,geo_id) VALUES (906,'Marius Bolkplein','4','3067 AK',(select city_id from City where city_name='ROTTERDAM'),906);
INSERT INTO Atm(atm_id,distance,atm_type,address_id) VALUES	(906,0,'ALBERT_HEIJN',906);
INSERT INTO GeoLocation(geo_id,lat,lng) VALUES (907,50.863553,6.068134);
INSERT INTO Address (address_id,street,house_number,postal_code,city_id,geo_id) VALUES (907,'Hoofdstraat','50','6461 CS',(select city_id from City where city_name='KERKRADE'),907);
INSERT INTO Atm(atm_id,distance,atm_type,address_id) VALUES	(907,0,'ING',907);
INSERT INTO GeoLocation(geo_id,lat,lng) VALUES (908,51.5244226,5.9717639);
INSERT INTO Address (address_id,street,house_number,postal_code,city_id,geo_id) VALUES (908,'De Gouden Leeuw','8','5801 BX',(select city_id from City where city_name='VENRAY'),908);
INSERT INTO Atm(atm_id,distance,atm_type,address_id) VALUES	(908,0,'ALBERT_HEIJN',908);
INSERT INTO GeoLocation(geo_id,lat,lng) VALUES (909,52.698315,6.189149);
INSERT INTO Address (address_id,street,house_number,postal_code,city_id,geo_id) VALUES (909,'Grote Akkerstraat','1','7941 BB',(select city_id from City where city_name='MEPPEL'),909);
INSERT INTO Atm(atm_id,distance,atm_type,address_id) VALUES	(909,0,'ALBERT_HEIJN',909);
INSERT INTO GeoLocation(geo_id,lat,lng) VALUES (910,52.030723,4.287496);
INSERT INTO Address (address_id,street,house_number,postal_code,city_id,geo_id) VALUES (910,'Laan van Wateringse Veld','494','2548 CM',(select city_id from City where city_name='DEN HAAG'),910);
INSERT INTO Atm(atm_id,distance,atm_type,address_id) VALUES	(910,0,'ING',910);
INSERT INTO GeoLocation(geo_id,lat,lng) VALUES (911,52.629757,4.748772);
INSERT INTO Address (address_id,street,house_number,postal_code,city_id,geo_id) VALUES (911,'Laat','129','1811 ED',(select city_id from City where city_name='ALKMAAR'),911);
INSERT INTO Atm(atm_id,distance,atm_type,address_id) VALUES	(911,0,'ING',911);
INSERT INTO GeoLocation(geo_id,lat,lng) VALUES (912,51.91419,4.099062);
INSERT INTO Address (address_id,street,house_number,postal_code,city_id,geo_id) VALUES (912,'Stationsweg','16','3233 CT',(select city_id from City where city_name='OOSTVOORNE'),912);
INSERT INTO Atm(atm_id,distance,atm_type,address_id) VALUES	(912,0,'ALBERT_HEIJN',912);
INSERT INTO GeoLocation(geo_id,lat,lng) VALUES (913,52.085359,4.296652);
INSERT INTO Address (address_id,street,house_number,postal_code,city_id,geo_id) VALUES (913,'Laan van Meerdervoort','52','2517 AM',(select city_id from City where city_name='DEN HAAG'),913);
INSERT INTO Atm(atm_id,distance,atm_type,address_id) VALUES	(913,0,'ALBERT_HEIJN',913);
INSERT INTO GeoLocation(geo_id,lat,lng) VALUES (914,52.357049,4.91392);
INSERT INTO Address (address_id,street,house_number,postal_code,city_id,geo_id) VALUES (914,'Eerste Oosterparkstraat','152','1091 HH',(select city_id from City where city_name='AMSTERDAM'),914);
INSERT INTO Atm(atm_id,distance,atm_type,address_id) VALUES	(914,0,'ING',914);
INSERT INTO GeoLocation(geo_id,lat,lng) VALUES (915,50.846454,5.700798);
INSERT INTO Address (address_id,street,house_number,postal_code,city_id,geo_id) VALUES (915,'Plein 1992','52','6221 JP',(select city_id from City where city_name='MAASTRICHT'),915);
INSERT INTO Atm(atm_id,distance,atm_type,address_id) VALUES	(915,0,'ALBERT_HEIJN',915);
INSERT INTO GeoLocation(geo_id,lat,lng) VALUES (916,50.894201,6.015714);
INSERT INTO Address (address_id,street,house_number,postal_code,city_id,geo_id) VALUES (916,'Prinssenstraat','52','6372 EX',(select city_id from City where city_name='LANDGRAAF'),916);
INSERT INTO Atm(atm_id,distance,atm_type,address_id) VALUES	(916,0,'ALBERT_HEIJN',916);
INSERT INTO GeoLocation(geo_id,lat,lng) VALUES (917,52.589275,6.283071);
INSERT INTO Address (address_id,street,house_number,postal_code,city_id,geo_id) VALUES (917,'Burgemeester Backxlaan','307','7711 AD',(select city_id from City where city_name='NIEUWLEUSEN'),917);
INSERT INTO Atm(atm_id,distance,atm_type,address_id) VALUES	(917,0,'ALBERT_HEIJN',917);
INSERT INTO GeoLocation(geo_id,lat,lng) VALUES (918,52.631466,4.74399);
INSERT INTO Address (address_id,street,house_number,postal_code,city_id,geo_id) VALUES (918,'Laat','214','1811 EN',(select city_id from City where city_name='ALKMAAR'),918);
INSERT INTO Atm(atm_id,distance,atm_type,address_id) VALUES	(918,0,'ING',918);
INSERT INTO GeoLocation(geo_id,lat,lng) VALUES (919,52.047112,5.668858);
INSERT INTO Address (address_id,street,house_number,postal_code,city_id,geo_id) VALUES (919,'Molenstraat','142','6711 AX',(select city_id from City where city_name='EDE'),919);
INSERT INTO Atm(atm_id,distance,atm_type,address_id) VALUES	(919,0,'ING',919);
INSERT INTO GeoLocation(geo_id,lat,lng) VALUES (920,53.254712,6.035842);
INSERT INTO Address (address_id,street,house_number,postal_code,city_id,geo_id) VALUES (920,'Ljurkstrjitte','63','9271 CR',(select city_id from City where city_name='DE WESTEREEN'),920);
INSERT INTO Atm(atm_id,distance,atm_type,address_id) VALUES	(920,0,'ING',920);
INSERT INTO GeoLocation(geo_id,lat,lng) VALUES (921,51.978797,5.663263);
INSERT INTO Address (address_id,street,house_number,postal_code,city_id,geo_id) VALUES (921,'Tarthorst','1219','6708 HZ',(select city_id from City where city_name='WAGENINGEN'),921);
INSERT INTO Atm(atm_id,distance,atm_type,address_id) VALUES	(921,0,'ING',921);
INSERT INTO GeoLocation(geo_id,lat,lng) VALUES (922,51.830213,4.974968);
INSERT INTO Address (address_id,street,house_number,postal_code,city_id,geo_id) VALUES (922,'Gasthuisstraat','1','4201 JM',(select city_id from City where city_name='GORINCHEM'),922);
INSERT INTO Atm(atm_id,distance,atm_type,address_id) VALUES	(922,0,'ING',922);
INSERT INTO GeoLocation(geo_id,lat,lng) VALUES (923,51.836239,4.685164);
INSERT INTO Address (address_id,street,house_number,postal_code,city_id,geo_id) VALUES (923,'Jan van Goijenstraat','14','3351 JN',(select city_id from City where city_name='PAPENDRECHT'),923);
INSERT INTO Atm(atm_id,distance,atm_type,address_id) VALUES	(923,0,'ING',923);
INSERT INTO GeoLocation(geo_id,lat,lng) VALUES (924,53.215281,5.79355);
INSERT INTO Address (address_id,street,house_number,postal_code,city_id,geo_id) VALUES (924,'Bilgaardpassage','1','8918 HR',(select city_id from City where city_name='LEEUWARDEN'),924);
INSERT INTO Atm(atm_id,distance,atm_type,address_id) VALUES	(924,0,'ALBERT_HEIJN',924);
INSERT INTO GeoLocation(geo_id,lat,lng) VALUES (925,51.614976,5.547581);
INSERT INTO Address (address_id,street,house_number,postal_code,city_id,geo_id) VALUES (925,'Stadhuisplein','6','5461 KS',(select city_id from City where city_name='VEGHEL'),925);
INSERT INTO Atm(atm_id,distance,atm_type,address_id) VALUES	(925,0,'ALBERT_HEIJN',925);
INSERT INTO GeoLocation(geo_id,lat,lng) VALUES (926,53.000611,6.549457);
INSERT INTO Address (address_id,street,house_number,postal_code,city_id,geo_id) VALUES (926,'Nobellaan','241','9406 AH',(select city_id from City where city_name='ASSEN'),926);
INSERT INTO Atm(atm_id,distance,atm_type,address_id) VALUES	(926,0,'ING',926);
INSERT INTO GeoLocation(geo_id,lat,lng) VALUES (927,52.01152,4.743422);
INSERT INTO Address (address_id,street,house_number,postal_code,city_id,geo_id) VALUES (927,'Middenmolenplein','64','2807 GZ',(select city_id from City where city_name='GOUDA'),927);
INSERT INTO Atm(atm_id,distance,atm_type,address_id) VALUES	(927,0,'ALBERT_HEIJN',927);
INSERT INTO GeoLocation(geo_id,lat,lng) VALUES (928,52.368827,4.903603);
INSERT INTO Address (address_id,street,house_number,postal_code,city_id,geo_id) VALUES (928,'Jodenbreestraat','21','1011 NH',(select city_id from City where city_name='AMSTERDAM'),928);
INSERT INTO Atm(atm_id,distance,atm_type,address_id) VALUES	(928,0,'ALBERT_HEIJN',928);
INSERT INTO GeoLocation(geo_id,lat,lng) VALUES (929,51.514022,4.438641);
INSERT INTO Address (address_id,street,house_number,postal_code,city_id,geo_id) VALUES (929,'Tolbergcentrum','160','4708 HK',(select city_id from City where city_name='ROOSENDAAL'),929);
INSERT INTO Atm(atm_id,distance,atm_type,address_id) VALUES	(929,0,'ALBERT_HEIJN',929);
INSERT INTO GeoLocation(geo_id,lat,lng) VALUES (930,51.984249,5.90103);
INSERT INTO Address (address_id,street,house_number,postal_code,city_id,geo_id) VALUES (930,'Stationsplein','166','6811 KL',(select city_id from City where city_name='ARNHEM'),930);
INSERT INTO Atm(atm_id,distance,atm_type,address_id) VALUES	(930,0,'ING',930);
INSERT INTO GeoLocation(geo_id,lat,lng) VALUES (931,51.404552,5.747045);
INSERT INTO Address (address_id,street,house_number,postal_code,city_id,geo_id) VALUES (931,'Burgemeester Frenckenstraat','14','5721 EZ',(select city_id from City where city_name='ASTEN'),931);
INSERT INTO Atm(atm_id,distance,atm_type,address_id) VALUES	(931,0,'ALBERT_HEIJN',931);
INSERT INTO GeoLocation(geo_id,lat,lng) VALUES (932,51.9158462,4.5883535);
INSERT INTO Address (address_id,street,house_number,postal_code,city_id,geo_id) VALUES (932,'Raadhuisplein','58A','2922 AH',(select city_id from City where city_name='KRIMPEN AAN DEN IJSSEL'),932);
INSERT INTO Atm(atm_id,distance,atm_type,address_id) VALUES	(932,0,'ALBERT_HEIJN',932);
INSERT INTO GeoLocation(geo_id,lat,lng) VALUES (933,51.803678,4.717674);
INSERT INTO Address (address_id,street,house_number,postal_code,city_id,geo_id) VALUES (933,'Van Eesterenplein','99','3315 KT',(select city_id from City where city_name='DORDRECHT'),933);
INSERT INTO Atm(atm_id,distance,atm_type,address_id) VALUES	(933,0,'ALBERT_HEIJN',933);
INSERT INTO GeoLocation(geo_id,lat,lng) VALUES (934,51.734314,5.362736);
INSERT INTO Address (address_id,street,house_number,postal_code,city_id,geo_id) VALUES (934,'Groote Wielenlaan','385','5247 JC',(select city_id from City where city_name='ROSMALEN'),934);
INSERT INTO Atm(atm_id,distance,atm_type,address_id) VALUES	(934,0,'ALBERT_HEIJN',934);
INSERT INTO GeoLocation(geo_id,lat,lng) VALUES (935,52.398805,4.644676);
INSERT INTO Address (address_id,street,house_number,postal_code,city_id,geo_id) VALUES (935,'Soendaplein','18','2022 BA',(select city_id from City where city_name='HAARLEM'),935);
INSERT INTO Atm(atm_id,distance,atm_type,address_id) VALUES	(935,0,'ALBERT_HEIJN',935);
INSERT INTO GeoLocation(geo_id,lat,lng) VALUES (936,51.969571,5.668417);
INSERT INTO Address (address_id,street,house_number,postal_code,city_id,geo_id) VALUES (936,'Stadsbrink','445','6707 AE',(select city_id from City where city_name='WAGENINGEN'),936);
INSERT INTO Atm(atm_id,distance,atm_type,address_id) VALUES	(936,0,'ING',936);
INSERT INTO GeoLocation(geo_id,lat,lng) VALUES (937,51.696857,5.674263);
INSERT INTO Address (address_id,street,house_number,postal_code,city_id,geo_id) VALUES (937,'Kerkstraat','47','5411 EA',(select city_id from City where city_name='ZEELAND'),937);
INSERT INTO Atm(atm_id,distance,atm_type,address_id) VALUES	(937,0,'ING',937);
INSERT INTO GeoLocation(geo_id,lat,lng) VALUES (938,51.58723,4.75403);
INSERT INTO Address (address_id,street,house_number,postal_code,city_id,geo_id) VALUES (938,'Cypresstraat','3','4814 PN',(select city_id from City where city_name='BREDA'),938);
INSERT INTO Atm(atm_id,distance,atm_type,address_id) VALUES	(938,0,'ING',938);
INSERT INTO GeoLocation(geo_id,lat,lng) VALUES (939,51.964352,5.662796);
INSERT INTO Address (address_id,street,house_number,postal_code,city_id,geo_id) VALUES (939,'Markt','5','6701 CX',(select city_id from City where city_name='WAGENINGEN'),939);
INSERT INTO Atm(atm_id,distance,atm_type,address_id) VALUES	(939,0,'ING',939);
INSERT INTO GeoLocation(geo_id,lat,lng) VALUES (940,52.372825,4.890195);
INSERT INTO Address (address_id,street,house_number,postal_code,city_id,geo_id) VALUES (940,'Nieuwezijdse Voorburgwal','226','1012 RR',(select city_id from City where city_name='AMSTERDAM'),940);
INSERT INTO Atm(atm_id,distance,atm_type,address_id) VALUES	(940,0,'ALBERT_HEIJN',940);
INSERT INTO GeoLocation(geo_id,lat,lng) VALUES (941,53.233048,6.553169);
INSERT INTO Address (address_id,street,house_number,postal_code,city_id,geo_id) VALUES (941,'Eikenlaan','39','9741 EH',(select city_id from City where city_name='GRONINGEN'),941);
INSERT INTO Atm(atm_id,distance,atm_type,address_id) VALUES	(941,0,'ALBERT_HEIJN',941);
INSERT INTO GeoLocation(geo_id,lat,lng) VALUES (942,52.22974,5.960943);
INSERT INTO Address (address_id,street,house_number,postal_code,city_id,geo_id) VALUES (942,'Mercatorplein','10','7316 HL',(select city_id from City where city_name='APELDOORN'),942);
INSERT INTO Atm(atm_id,distance,atm_type,address_id) VALUES	(942,0,'ING',942);
INSERT INTO GeoLocation(geo_id,lat,lng) VALUES (943,51.888049,5.42929);
INSERT INTO Address (address_id,street,house_number,postal_code,city_id,geo_id) VALUES (943,'Molenstraatje','2','4001 CB',(select city_id from City where city_name='TIEL'),943);
INSERT INTO Atm(atm_id,distance,atm_type,address_id) VALUES	(943,0,'ALBERT_HEIJN',943);
INSERT INTO GeoLocation(geo_id,lat,lng) VALUES (944,52.600668,6.457869);
INSERT INTO Address (address_id,street,house_number,postal_code,city_id,geo_id) VALUES (944,'Julianastraat','12','7701 GL',(select city_id from City where city_name='DEDEMSVAART'),944);
INSERT INTO Atm(atm_id,distance,atm_type,address_id) VALUES	(944,0,'ING',944);
INSERT INTO GeoLocation(geo_id,lat,lng) VALUES (945,51.874469,4.470369);
INSERT INTO Address (address_id,street,house_number,postal_code,city_id,geo_id) VALUES (945,'Slinge','564','3086 EW',(select city_id from City where city_name='ROTTERDAM'),945);
INSERT INTO Atm(atm_id,distance,atm_type,address_id) VALUES	(945,0,'ING',945);
INSERT INTO GeoLocation(geo_id,lat,lng) VALUES (946,52.34604,6.644641);
INSERT INTO Address (address_id,street,house_number,postal_code,city_id,geo_id) VALUES (946,'Vincent van Goghplein','16','7606 HP',(select city_id from City where city_name='ALMELO'),946);
INSERT INTO Atm(atm_id,distance,atm_type,address_id) VALUES	(946,0,'ING',946);
INSERT INTO GeoLocation(geo_id,lat,lng) VALUES (947,51.985307,4.360437);
INSERT INTO Address (address_id,street,house_number,postal_code,city_id,geo_id) VALUES (947,'Dasstraat','12','2623 CC',(select city_id from City where city_name='DELFT'),947);
INSERT INTO Atm(atm_id,distance,atm_type,address_id) VALUES	(947,0,'ING',947);
INSERT INTO GeoLocation(geo_id,lat,lng) VALUES (948,51.644164,4.85333);
INSERT INTO Address (address_id,street,house_number,postal_code,city_id,geo_id) VALUES (948,'Arendsplein','30','4901 KX',(select city_id from City where city_name='OOSTERHOUT'),948);
INSERT INTO Atm(atm_id,distance,atm_type,address_id) VALUES	(948,0,'ING',948);
INSERT INTO GeoLocation(geo_id,lat,lng) VALUES (949,52.417007,4.893037);
INSERT INTO Address (address_id,street,house_number,postal_code,city_id,geo_id) VALUES (949,'Molenwijk','25','1035 EG',(select city_id from City where city_name='AMSTERDAM'),949);
INSERT INTO Atm(atm_id,distance,atm_type,address_id) VALUES	(949,0,'ALBERT_HEIJN',949);
INSERT INTO GeoLocation(geo_id,lat,lng) VALUES (950,52.546638,4.66173);
INSERT INTO Address (address_id,street,house_number,postal_code,city_id,geo_id) VALUES (950,'Burgemeester Mooijstraat','5','1901 EP',(select city_id from City where city_name='CASTRICUM'),950);
INSERT INTO Atm(atm_id,distance,atm_type,address_id) VALUES	(950,0,'ING',950);
INSERT INTO GeoLocation(geo_id,lat,lng) VALUES (951,52.023917,4.172817);
INSERT INTO Address (address_id,street,house_number,postal_code,city_id,geo_id) VALUES (951,'Molenstraat','41','2681 BM',(select city_id from City where city_name='MONSTER'),951);
INSERT INTO Atm(atm_id,distance,atm_type,address_id) VALUES	(951,0,'ING',951);
INSERT INTO GeoLocation(geo_id,lat,lng) VALUES (952,52.184973,5.298783);
INSERT INTO Address (address_id,street,house_number,postal_code,city_id,geo_id) VALUES (952,'Van Weedestraat','10','3761 CE',(select city_id from City where city_name='SOEST'),952);
INSERT INTO Atm(atm_id,distance,atm_type,address_id) VALUES	(952,0,'ING',952);
INSERT INTO GeoLocation(geo_id,lat,lng) VALUES (953,52.357087,4.879845);
INSERT INTO Address (address_id,street,house_number,postal_code,city_id,geo_id) VALUES (953,'Van Baerlestraat','33','1071 AP',(select city_id from City where city_name='AMSTERDAM'),953);
INSERT INTO Atm(atm_id,distance,atm_type,address_id) VALUES	(953,0,'ALBERT_HEIJN',953);
INSERT INTO GeoLocation(geo_id,lat,lng) VALUES (954,52.361171,4.899663);
INSERT INTO Address (address_id,street,house_number,postal_code,city_id,geo_id) VALUES (954,'Frederiksplein','1','1017 XK',(select city_id from City where city_name='AMSTERDAM'),954);
INSERT INTO Atm(atm_id,distance,atm_type,address_id) VALUES	(954,0,'ALBERT_HEIJN',954);
INSERT INTO GeoLocation(geo_id,lat,lng) VALUES (955,52.494563,4.786391);
INSERT INTO Address (address_id,street,house_number,postal_code,city_id,geo_id) VALUES (955,'Marktplein','9','1521 HS',(select city_id from City where city_name='WORMERVEER'),955);
INSERT INTO Atm(atm_id,distance,atm_type,address_id) VALUES	(955,0,'ALBERT_HEIJN',955);
INSERT INTO GeoLocation(geo_id,lat,lng) VALUES (956,51.368693,6.165701);
INSERT INTO Address (address_id,street,house_number,postal_code,city_id,geo_id) VALUES (956,'Tegelpoort','7','5911 DM',(select city_id from City where city_name='VENLO'),956);
INSERT INTO Atm(atm_id,distance,atm_type,address_id) VALUES	(956,0,'ING',956);
INSERT INTO GeoLocation(geo_id,lat,lng) VALUES (957,53.039141,5.677667);
INSERT INTO Address (address_id,street,house_number,postal_code,city_id,geo_id) VALUES (957,'Middelzeelaan','4','8604 BH',(select city_id from City where city_name='SNEEK'),957);
INSERT INTO Atm(atm_id,distance,atm_type,address_id) VALUES	(957,0,'ALBERT_HEIJN',957);
INSERT INTO GeoLocation(geo_id,lat,lng) VALUES (958,52.477693,6.054358);
INSERT INTO Address (address_id,street,house_number,postal_code,city_id,geo_id) VALUES (958,'Vechtstraat','7','8051 JM',(select city_id from City where city_name='HATTEM'),958);
INSERT INTO Atm(atm_id,distance,atm_type,address_id) VALUES	(958,0,'ALBERT_HEIJN',958);
INSERT INTO GeoLocation(geo_id,lat,lng) VALUES (959,52.187208,4.470935);
INSERT INTO Address (address_id,street,house_number,postal_code,city_id,geo_id) VALUES (959,'Irislaan','83','2343 CH',(select city_id from City where city_name='OEGSTGEEST'),959);
INSERT INTO Atm(atm_id,distance,atm_type,address_id) VALUES	(959,0,'ALBERT_HEIJN',959);
INSERT INTO GeoLocation(geo_id,lat,lng) VALUES (960,51.928727,4.501522);
INSERT INTO Address (address_id,street,house_number,postal_code,city_id,geo_id) VALUES (960,'Vlietlaan','61','3061 DV',(select city_id from City where city_name='ROTTERDAM'),960);
INSERT INTO Atm(atm_id,distance,atm_type,address_id) VALUES	(960,0,'ALBERT_HEIJN',960);
INSERT INTO GeoLocation(geo_id,lat,lng) VALUES (961,51.81423,4.950886);
INSERT INTO Address (address_id,street,house_number,postal_code,city_id,geo_id) VALUES (961,'Nieuwe Es','7','4254 AW',(select city_id from City where city_name='SLEEUWIJK'),961);
INSERT INTO Atm(atm_id,distance,atm_type,address_id) VALUES	(961,0,'ALBERT_HEIJN',961);
INSERT INTO GeoLocation(geo_id,lat,lng) VALUES (962,51.590757,5.079255);
INSERT INTO Address (address_id,street,house_number,postal_code,city_id,geo_id) VALUES (962,'Verdiplein','97','5049 NR',(select city_id from City where city_name='TILBURG'),962);
INSERT INTO Atm(atm_id,distance,atm_type,address_id) VALUES	(962,0,'ING',962);
INSERT INTO GeoLocation(geo_id,lat,lng) VALUES (963,52.346257,4.867654);
INSERT INTO Address (address_id,street,house_number,postal_code,city_id,geo_id) VALUES (963,'Olympiaplein','127','1077 CX',(select city_id from City where city_name='AMSTERDAM'),963);
INSERT INTO Atm(atm_id,distance,atm_type,address_id) VALUES	(963,0,'ING',963);
INSERT INTO GeoLocation(geo_id,lat,lng) VALUES (964,53.174016,5.41296);
INSERT INTO Address (address_id,street,house_number,postal_code,city_id,geo_id) VALUES (964,'Zuiderhaven','8','8861 XB',(select city_id from City where city_name='HARLINGEN'),964);
INSERT INTO Atm(atm_id,distance,atm_type,address_id) VALUES	(964,0,'ALBERT_HEIJN',964);
INSERT INTO GeoLocation(geo_id,lat,lng) VALUES (965,50.967148,5.826837);
INSERT INTO Address (address_id,street,house_number,postal_code,city_id,geo_id) VALUES (965,'Rijksweg Zuid','2','6161 BP',(select city_id from City where city_name='GELEEN'),965);
INSERT INTO Atm(atm_id,distance,atm_type,address_id) VALUES	(965,0,'ALBERT_HEIJN',965);
INSERT INTO GeoLocation(geo_id,lat,lng) VALUES (966,52.054291,4.33541);
INSERT INTO Address (address_id,street,house_number,postal_code,city_id,geo_id) VALUES (966,'Kerklaan','74','2282 CL',(select city_id from City where city_name='RIJSWIJK'),966);
INSERT INTO Atm(atm_id,distance,atm_type,address_id) VALUES	(966,0,'ALBERT_HEIJN',966);
INSERT INTO GeoLocation(geo_id,lat,lng) VALUES (967,53.227166,6.599946);
INSERT INTO Address (address_id,street,house_number,postal_code,city_id,geo_id) VALUES (967,'Rijksweg','16','9731 AB',(select city_id from City where city_name='GRONINGEN'),967);
INSERT INTO Atm(atm_id,distance,atm_type,address_id) VALUES	(967,0,'ALBERT_HEIJN',967);
INSERT INTO GeoLocation(geo_id,lat,lng) VALUES (968,53.3009,6.602898);
INSERT INTO Address (address_id,street,house_number,postal_code,city_id,geo_id) VALUES (968,'Grotestraat','15B','9781 HA',(select city_id from City where city_name='BEDUM'),968);
INSERT INTO Atm(atm_id,distance,atm_type,address_id) VALUES	(968,0,'ING',968);
INSERT INTO GeoLocation(geo_id,lat,lng) VALUES (969,51.65161,3.920689);
INSERT INTO Address (address_id,street,house_number,postal_code,city_id,geo_id) VALUES (969,'Lange Nobelstraat','28','4301 HE',(select city_id from City where city_name='ZIERIKZEE'),969);
INSERT INTO Atm(atm_id,distance,atm_type,address_id) VALUES	(969,0,'ALBERT_HEIJN',969);
INSERT INTO GeoLocation(geo_id,lat,lng) VALUES (970,52.189926,5.964937);
INSERT INTO Address (address_id,street,house_number,postal_code,city_id,geo_id) VALUES (970,'Schubertlaan','14','7333 CV',(select city_id from City where city_name='APELDOORN'),970);
INSERT INTO Atm(atm_id,distance,atm_type,address_id) VALUES	(970,0,'ING',970);
INSERT INTO GeoLocation(geo_id,lat,lng) VALUES (971,52.0903126,4.318274);
INSERT INTO Address (address_id,street,house_number,postal_code,city_id,geo_id) VALUES (971,'Weissenbruchstraat','116','2596 GK',(select city_id from City where city_name='DEN HAAG'),971);
INSERT INTO Atm(atm_id,distance,atm_type,address_id) VALUES	(971,0,'ALBERT_HEIJN',971);
INSERT INTO GeoLocation(geo_id,lat,lng) VALUES (972,52.331059,4.878513);
INSERT INTO Address (address_id,street,house_number,postal_code,city_id,geo_id) VALUES (972,'Gelderlandplein','47','1082 KZ',(select city_id from City where city_name='AMSTERDAM'),972);
INSERT INTO Atm(atm_id,distance,atm_type,address_id) VALUES	(972,0,'ALBERT_HEIJN',972);
INSERT INTO GeoLocation(geo_id,lat,lng) VALUES (973,51.807525,5.824741);
INSERT INTO Address (address_id,street,house_number,postal_code,city_id,geo_id) VALUES (973,'Hatertseweg','829','6535 ZT',(select city_id from City where city_name='NIJMEGEN'),973);
INSERT INTO Atm(atm_id,distance,atm_type,address_id) VALUES	(973,0,'ING',973);
INSERT INTO GeoLocation(geo_id,lat,lng) VALUES (974,51.813548,5.246633);
INSERT INTO Address (address_id,street,house_number,postal_code,city_id,geo_id) VALUES (974,'Gamerschestraat','4','5301 AS',(select city_id from City where city_name='ZALTBOMMEL'),974);
INSERT INTO Atm(atm_id,distance,atm_type,address_id) VALUES	(974,0,'ING',974);
INSERT INTO GeoLocation(geo_id,lat,lng) VALUES (975,52.162079,6.420316);
INSERT INTO Address (address_id,street,house_number,postal_code,city_id,geo_id) VALUES (975,'Prins Bernhardweg','40','7241 DH',(select city_id from City where city_name='LOCHEM'),975);
INSERT INTO Atm(atm_id,distance,atm_type,address_id) VALUES	(975,0,'ALBERT_HEIJN',975);
INSERT INTO GeoLocation(geo_id,lat,lng) VALUES (976,51.95958,4.494144);
INSERT INTO Address (address_id,street,house_number,postal_code,city_id,geo_id) VALUES (976,'Argonautenweg','1','3054 RP',(select city_id from City where city_name='ROTTERDAM'),976);
INSERT INTO Atm(atm_id,distance,atm_type,address_id) VALUES	(976,0,'ALBERT_HEIJN',976);
INSERT INTO GeoLocation(geo_id,lat,lng) VALUES (977,52.134929,5.033837);
INSERT INTO Address (address_id,street,house_number,postal_code,city_id,geo_id) VALUES (977,'Safariweg','68-70','3605 MA',(select city_id from City where city_name='MAARSSEN'),977);
INSERT INTO Atm(atm_id,distance,atm_type,address_id) VALUES	(977,0,'ING',977);
INSERT INTO GeoLocation(geo_id,lat,lng) VALUES (978,52.670535,4.844729);
INSERT INTO Address (address_id,street,house_number,postal_code,city_id,geo_id) VALUES (978,'Raadhuisplein','2A','1701 EJ',(select city_id from City where city_name='HEERHUGOWAARD'),978);
INSERT INTO Atm(atm_id,distance,atm_type,address_id) VALUES	(978,0,'ING',978);
INSERT INTO GeoLocation(geo_id,lat,lng) VALUES (979,51.769937,5.514135);
INSERT INTO Address (address_id,street,house_number,postal_code,city_id,geo_id) VALUES (979,'Vierhoeksingel','7','5341 PN',(select city_id from City where city_name='OSS'),979);
INSERT INTO Atm(atm_id,distance,atm_type,address_id) VALUES	(979,0,'ING',979);
INSERT INTO GeoLocation(geo_id,lat,lng) VALUES (980,52.075469,4.519847);
INSERT INTO Address (address_id,street,house_number,postal_code,city_id,geo_id) VALUES (980,'Lijnbaan','295','2728 AH',(select city_id from City where city_name='ZOETERMEER'),980);
INSERT INTO Atm(atm_id,distance,atm_type,address_id) VALUES	(980,0,'ALBERT_HEIJN',980);
INSERT INTO GeoLocation(geo_id,lat,lng) VALUES (981,51.433885,4.317408);
INSERT INTO Address (address_id,street,house_number,postal_code,city_id,geo_id) VALUES (981,'Doelstraat','3','4631 RH',(select city_id from City where city_name='HOOGERHEIDE'),981);
INSERT INTO Atm(atm_id,distance,atm_type,address_id) VALUES	(981,0,'ALBERT_HEIJN',981);
INSERT INTO GeoLocation(geo_id,lat,lng) VALUES (982,51.832365,4.965575);
INSERT INTO Address (address_id,street,house_number,postal_code,city_id,geo_id) VALUES (982,'Stadhuisplein','2','4205 AX',(select city_id from City where city_name='GORINCHEM'),982);
INSERT INTO Atm(atm_id,distance,atm_type,address_id) VALUES	(982,0,'ING',982);
INSERT INTO GeoLocation(geo_id,lat,lng) VALUES (983,51.284037,6.078733);
INSERT INTO Address (address_id,street,house_number,postal_code,city_id,geo_id) VALUES (983,'Rijksweg','20','5953 AE',(select city_id from City where city_name='REUVER'),983);
INSERT INTO Atm(atm_id,distance,atm_type,address_id) VALUES	(983,0,'ALBERT_HEIJN',983);
INSERT INTO GeoLocation(geo_id,lat,lng) VALUES (984,50.89939,5.945195);
INSERT INTO Address (address_id,street,house_number,postal_code,city_id,geo_id) VALUES (984,'In de Cramer','142','6412 PM',(select city_id from City where city_name='HEERLEN'),984);
INSERT INTO Atm(atm_id,distance,atm_type,address_id) VALUES	(984,0,'ING',984);
INSERT INTO GeoLocation(geo_id,lat,lng) VALUES (985,51.806892,5.727994);
INSERT INTO Address (address_id,street,house_number,postal_code,city_id,geo_id) VALUES (985,'Europaplein','85','6602 GV',(select city_id from City where city_name='WIJCHEN'),985);
INSERT INTO Atm(atm_id,distance,atm_type,address_id) VALUES	(985,0,'ALBERT_HEIJN',985);
INSERT INTO GeoLocation(geo_id,lat,lng) VALUES (986,51.948778,5.866569);
INSERT INTO Address (address_id,street,house_number,postal_code,city_id,geo_id) VALUES (986,'Oostburgwal','22','6845 CZ',(select city_id from City where city_name='ARNHEM'),986);
INSERT INTO Atm(atm_id,distance,atm_type,address_id) VALUES	(986,0,'ING',986);
INSERT INTO GeoLocation(geo_id,lat,lng) VALUES (987,52.633697,4.751138);
INSERT INTO Address (address_id,street,house_number,postal_code,city_id,geo_id) VALUES (987,'Noorderkade','122','1823 CJ',(select city_id from City where city_name='ALKMAAR'),987);
INSERT INTO Atm(atm_id,distance,atm_type,address_id) VALUES	(987,0,'ALBERT_HEIJN',987);
INSERT INTO GeoLocation(geo_id,lat,lng) VALUES (988,51.883958,4.605482);
INSERT INTO Address (address_id,street,house_number,postal_code,city_id,geo_id) VALUES (988,'Dillenburgplein','5-17','2983 CB',(select city_id from City where city_name='RIDDERKERK'),988);
INSERT INTO Atm(atm_id,distance,atm_type,address_id) VALUES	(988,0,'ALBERT_HEIJN',988);
INSERT INTO GeoLocation(geo_id,lat,lng) VALUES (989,51.616141,5.443424);
INSERT INTO Address (address_id,street,house_number,postal_code,city_id,geo_id) VALUES (989,'Molenstraat','20','5482 GB',(select city_id from City where city_name='SCHIJNDEL'),989);
INSERT INTO Atm(atm_id,distance,atm_type,address_id) VALUES	(989,0,'ALBERT_HEIJN',989);
INSERT INTO GeoLocation(geo_id,lat,lng) VALUES (990,52.061357,4.486531);
INSERT INTO Address (address_id,street,house_number,postal_code,city_id,geo_id) VALUES (990,'Burgemeester Wegstapelplein','3','2711 AK',(select city_id from City where city_name='ZOETERMEER'),990);
INSERT INTO Atm(atm_id,distance,atm_type,address_id) VALUES	(990,0,'ING',990);
INSERT INTO GeoLocation(geo_id,lat,lng) VALUES (991,52.380153,4.822266);
INSERT INTO Address (address_id,street,house_number,postal_code,city_id,geo_id) VALUES (991,'Plein ''40-''45','9B','1063 KR',(select city_id from City where city_name='AMSTERDAM'),991);
INSERT INTO Atm(atm_id,distance,atm_type,address_id) VALUES	(991,0,'ING',991);
INSERT INTO GeoLocation(geo_id,lat,lng) VALUES (992,52.144349,4.674854);
INSERT INTO Address (address_id,street,house_number,postal_code,city_id,geo_id) VALUES (992,'Ridderhof','20','2402 EN',(select city_id from City where city_name='ALPHEN AAN DEN RIJN'),992);
INSERT INTO Atm(atm_id,distance,atm_type,address_id) VALUES	(992,0,'ING',992);
INSERT INTO GeoLocation(geo_id,lat,lng) VALUES (993,52.537462,5.695348);
INSERT INTO Address (address_id,street,house_number,postal_code,city_id,geo_id) VALUES (993,'Beursstraat','12','8253 GG',(select city_id from City where city_name='DRONTEN'),993);
INSERT INTO Atm(atm_id,distance,atm_type,address_id) VALUES	(993,0,'ALBERT_HEIJN',993);
INSERT INTO GeoLocation(geo_id,lat,lng) VALUES (994,52.009873,4.36107);
INSERT INTO Address (address_id,street,house_number,postal_code,city_id,geo_id) VALUES (994,'Brabantse Turfmarkt','62','2611 CP',(select city_id from City where city_name='DELFT'),994);
INSERT INTO Atm(atm_id,distance,atm_type,address_id) VALUES	(994,0,'ING',994);
INSERT INTO GeoLocation(geo_id,lat,lng) VALUES (995,51.843186,5.853098);
INSERT INTO Address (address_id,street,house_number,postal_code,city_id,geo_id) VALUES (995,'Stationsplein','6','6512 AA',(select city_id from City where city_name='NIJMEGEN'),995);
INSERT INTO Atm(atm_id,distance,atm_type,address_id) VALUES	(995,0,'ING',995);
INSERT INTO GeoLocation(geo_id,lat,lng) VALUES (996,52.668793,4.821997);
INSERT INTO Address (address_id,street,house_number,postal_code,city_id,geo_id) VALUES (996,'Stationsplein','85','1703 WE',(select city_id from City where city_name='HEERHUGOWAARD'),996);
INSERT INTO Atm(atm_id,distance,atm_type,address_id) VALUES	(996,0,'ING',996);
INSERT INTO GeoLocation(geo_id,lat,lng) VALUES (997,52.787312,4.797166);
INSERT INTO Address (address_id,street,house_number,postal_code,city_id,geo_id) VALUES (997,'Nieuwstraat','2','1741 BT',(select city_id from City where city_name='SCHAGEN'),997);
INSERT INTO Atm(atm_id,distance,atm_type,address_id) VALUES	(997,0,'ING',997);
INSERT INTO GeoLocation(geo_id,lat,lng) VALUES (998,51.695852,5.268366);
INSERT INTO Address (address_id,street,house_number,postal_code,city_id,geo_id) VALUES (998,'Helftheuvelpassage','30','5224 AP',(select city_id from City where city_name='DEN BOSCH'),998);
INSERT INTO Atm(atm_id,distance,atm_type,address_id) VALUES	(998,0,'ING',998);
INSERT INTO GeoLocation(geo_id,lat,lng) VALUES (999,51.922577,4.483421);
INSERT INTO Address (address_id,street,house_number,postal_code,city_id,geo_id) VALUES (999,'Meent','80-84','3011 JN',(select city_id from City where city_name='ROTTERDAM'),999);
INSERT INTO Atm(atm_id,distance,atm_type,address_id) VALUES	(999,0,'ALBERT_HEIJN',999);
INSERT INTO GeoLocation(geo_id,lat,lng) VALUES (1000,52.2312344,5.9807436);
INSERT INTO Address (address_id,street,house_number,postal_code,city_id,geo_id) VALUES (1000,'Salomstraat','27','7323 TL',(select city_id from City where city_name='APELDOORN'),1000);
INSERT INTO Atm(atm_id,distance,atm_type,address_id) VALUES	(1000,0,'ALBERT_HEIJN',1000);
INSERT INTO GeoLocation(geo_id,lat,lng) VALUES (1001,52.267252,4.749459);
INSERT INTO Address (address_id,street,house_number,postal_code,city_id,geo_id) VALUES (1001,'Van Cleeffkade','3','1431 BA',(select city_id from City where city_name='AALSMEER'),1001);
INSERT INTO Atm(atm_id,distance,atm_type,address_id) VALUES	(1001,0,'ING',1001);
INSERT INTO GeoLocation(geo_id,lat,lng) VALUES (1002,52.31611,4.978115);
INSERT INTO Address (address_id,street,house_number,postal_code,city_id,geo_id) VALUES (1002,'Karspeldreef','1387','1104 SE',(select city_id from City where city_name='AMSTERDAM-ZUIDOOST'),1002);
INSERT INTO Atm(atm_id,distance,atm_type,address_id) VALUES	(1002,0,'ALBERT_HEIJN',1002);
INSERT INTO GeoLocation(geo_id,lat,lng) VALUES (1003,50.86611,5.834265);
INSERT INTO Address (address_id,street,house_number,postal_code,city_id,geo_id) VALUES (1003,'Irmengard Passage','3','6301 EC',(select city_id from City where city_name='VALKENBURG'),1003);
INSERT INTO Atm(atm_id,distance,atm_type,address_id) VALUES	(1003,0,'ALBERT_HEIJN',1003);
INSERT INTO GeoLocation(geo_id,lat,lng) VALUES (1004,52.294424,5.263028);
INSERT INTO Address (address_id,street,house_number,postal_code,city_id,geo_id) VALUES (1004,'Oostermeent-Zuid','48','1274 SV',(select city_id from City where city_name='HUIZEN'),1004);
INSERT INTO Atm(atm_id,distance,atm_type,address_id) VALUES	(1004,0,'ALBERT_HEIJN',1004);
INSERT INTO GeoLocation(geo_id,lat,lng) VALUES (1005,51.873592,4.488382);
INSERT INTO Address (address_id,street,house_number,postal_code,city_id,geo_id) VALUES (1005,'Slinge','409','3085 ES',(select city_id from City where city_name='ROTTERDAM'),1005);
INSERT INTO Atm(atm_id,distance,atm_type,address_id) VALUES	(1005,0,'ING',1005);
INSERT INTO GeoLocation(geo_id,lat,lng) VALUES (1006,53.332646,6.928629);
INSERT INTO Address (address_id,street,house_number,postal_code,city_id,geo_id) VALUES (1006,'Willemstraat','26','9934 BC',(select city_id from City where city_name='DELFZIJL'),1006);
INSERT INTO Atm(atm_id,distance,atm_type,address_id) VALUES	(1006,0,'ALBERT_HEIJN',1006);
INSERT INTO GeoLocation(geo_id,lat,lng) VALUES (1007,52.140393,5.589076);
INSERT INTO Address (address_id,street,house_number,postal_code,city_id,geo_id) VALUES (1007,'Stationsplein','5','3771 ES',(select city_id from City where city_name='BARNEVELD'),1007);
INSERT INTO Atm(atm_id,distance,atm_type,address_id) VALUES	(1007,0,'ING',1007);
INSERT INTO GeoLocation(geo_id,lat,lng) VALUES (1008,51.384194,6.180247);
INSERT INTO Address (address_id,street,house_number,postal_code,city_id,geo_id) VALUES (1008,'Nijmeegseweg','20','5916 PT',(select city_id from City where city_name='VENLO'),1008);
INSERT INTO Atm(atm_id,distance,atm_type,address_id) VALUES	(1008,0,'ING',1008);
INSERT INTO GeoLocation(geo_id,lat,lng) VALUES (1009,53.213807,6.569764);
INSERT INTO Address (address_id,street,house_number,postal_code,city_id,geo_id) VALUES (1009,'Hereplein','51','9711 GD',(select city_id from City where city_name='GRONINGEN'),1009);
INSERT INTO Atm(atm_id,distance,atm_type,address_id) VALUES	(1009,0,'ING',1009);
INSERT INTO GeoLocation(geo_id,lat,lng) VALUES (1010,52.366669,4.894801);
INSERT INTO Address (address_id,street,house_number,postal_code,city_id,geo_id) VALUES (1010,'Reguliersbreestraat','27','1017 CL',(select city_id from City where city_name='AMSTERDAM'),1010);
INSERT INTO Atm(atm_id,distance,atm_type,address_id) VALUES	(1010,0,'ING',1010);
INSERT INTO GeoLocation(geo_id,lat,lng) VALUES (1011,52.13926,5.240685);
INSERT INTO Address (address_id,street,house_number,postal_code,city_id,geo_id) VALUES (1011,'Paduaweg','3','3734 GG',(select city_id from City where city_name='DEN DOLDER'),1011);
INSERT INTO Atm(atm_id,distance,atm_type,address_id) VALUES	(1011,0,'ALBERT_HEIJN',1011);
INSERT INTO GeoLocation(geo_id,lat,lng) VALUES (1012,52.089224,5.113306);
INSERT INTO Address (address_id,street,house_number,postal_code,city_id,geo_id) VALUES (1012,'Godebaldkwartier','149','3511 DP',(select city_id from City where city_name='UTRECHT'),1012);
INSERT INTO Atm(atm_id,distance,atm_type,address_id) VALUES	(1012,0,'ALBERT_HEIJN',1012);
INSERT INTO GeoLocation(geo_id,lat,lng) VALUES (1013,51.583044,4.984543);
INSERT INTO Address (address_id,street,house_number,postal_code,city_id,geo_id) VALUES (1013,'Dalempromenade','40','5035 KL',(select city_id from City where city_name='TILBURG'),1013);
INSERT INTO Atm(atm_id,distance,atm_type,address_id) VALUES	(1013,0,'ALBERT_HEIJN',1013);
INSERT INTO GeoLocation(geo_id,lat,lng) VALUES (1014,52.123396,4.651601);
INSERT INTO Address (address_id,street,house_number,postal_code,city_id,geo_id) VALUES (1014,'Noorderkeerkring','8','2408 GZ',(select city_id from City where city_name='ALPHEN AAN DEN RIJN'),1014);
INSERT INTO Atm(atm_id,distance,atm_type,address_id) VALUES	(1014,0,'ING',1014);
INSERT INTO GeoLocation(geo_id,lat,lng) VALUES (1015,52.081799,4.396603);
INSERT INTO Address (address_id,street,house_number,postal_code,city_id,geo_id) VALUES (1015,'Damlaan','22','2265 AN',(select city_id from City where city_name='LEIDSCHENDAM'),1015);
INSERT INTO Atm(atm_id,distance,atm_type,address_id) VALUES	(1015,0,'ING',1015);
INSERT INTO GeoLocation(geo_id,lat,lng) VALUES (1016,51.577229,4.780458);
INSERT INTO Address (address_id,street,house_number,postal_code,city_id,geo_id) VALUES (1016,'Ginnekenweg','46','4818 JG',(select city_id from City where city_name='BREDA'),1016);
INSERT INTO Atm(atm_id,distance,atm_type,address_id) VALUES	(1016,0,'ALBERT_HEIJN',1016);
INSERT INTO GeoLocation(geo_id,lat,lng) VALUES (1017,51.692306,3.736029);
INSERT INTO Address (address_id,street,house_number,postal_code,city_id,geo_id) VALUES (1017,'Burghseweg','73','4328 LA',(select city_id from City where city_name='BURGH-HAAMSTEDE'),1017);
INSERT INTO Atm(atm_id,distance,atm_type,address_id) VALUES	(1017,0,'ALBERT_HEIJN',1017);
INSERT INTO GeoLocation(geo_id,lat,lng) VALUES (1018,51.921806,4.390151);
INSERT INTO Address (address_id,street,house_number,postal_code,city_id,geo_id) VALUES (1018,'Monseigneur Nolenslaan','524','3119 EN',(select city_id from City where city_name='SCHIEDAM'),1018);
INSERT INTO Atm(atm_id,distance,atm_type,address_id) VALUES	(1018,0,'ING',1018);
INSERT INTO GeoLocation(geo_id,lat,lng) VALUES (1019,51.486371,3.617773);
INSERT INTO Address (address_id,street,house_number,postal_code,city_id,geo_id) VALUES (1019,'Johan van Reigersbergstraat','11','4336 XA',(select city_id from City where city_name='MIDDELBURG'),1019);
INSERT INTO Atm(atm_id,distance,atm_type,address_id) VALUES	(1019,0,'ING',1019);
INSERT INTO GeoLocation(geo_id,lat,lng) VALUES (1020,51.695808,5.329109);
INSERT INTO Address (address_id,street,house_number,postal_code,city_id,geo_id) VALUES (1020,'Monseigneur van Roosmalenplein','19','5213 GC',(select city_id from City where city_name='DEN BOSCH'),1020);
INSERT INTO Atm(atm_id,distance,atm_type,address_id) VALUES	(1020,0,'ALBERT_HEIJN',1020);
INSERT INTO GeoLocation(geo_id,lat,lng) VALUES (1021,52.358364,6.591838);
INSERT INTO Address (address_id,street,house_number,postal_code,city_id,geo_id) VALUES (1021,'Stationsstraat','3A','7641 BV',(select city_id from City where city_name='WIERDEN'),1021);
INSERT INTO Atm(atm_id,distance,atm_type,address_id) VALUES	(1021,0,'ING',1021);
INSERT INTO GeoLocation(geo_id,lat,lng) VALUES (1022,51.962223,5.967339);
INSERT INTO Address (address_id,street,house_number,postal_code,city_id,geo_id) VALUES (1022,'Dorpsplein','6','6931 CZ',(select city_id from City where city_name='WESTERVOORT'),1022);
INSERT INTO Atm(atm_id,distance,atm_type,address_id) VALUES	(1022,0,'ALBERT_HEIJN',1022);
INSERT INTO GeoLocation(geo_id,lat,lng) VALUES (1023,52.146421,4.476475);
INSERT INTO Address (address_id,street,house_number,postal_code,city_id,geo_id) VALUES (1023,'Bevrijdingsplein','50','2321 BX',(select city_id from City where city_name='LEIDEN'),1023);
INSERT INTO Atm(atm_id,distance,atm_type,address_id) VALUES	(1023,0,'ALBERT_HEIJN',1023);
INSERT INTO GeoLocation(geo_id,lat,lng) VALUES (1024,51.5761166,5.0377286);
INSERT INTO Address (address_id,street,house_number,postal_code,city_id,geo_id) VALUES (1024,'Umberstraat','2','5044 JC',(select city_id from City where city_name='TILBURG'),1024);
INSERT INTO Atm(atm_id,distance,atm_type,address_id) VALUES	(1024,0,'ALBERT_HEIJN',1024);
INSERT INTO GeoLocation(geo_id,lat,lng) VALUES (1025,52.474632,6.06784);
INSERT INTO Address (address_id,street,house_number,postal_code,city_id,geo_id) VALUES (1025,'Kerkstraat','35','8051 GK',(select city_id from City where city_name='HATTEM'),1025);
INSERT INTO Atm(atm_id,distance,atm_type,address_id) VALUES	(1025,0,'ING',1025);
INSERT INTO GeoLocation(geo_id,lat,lng) VALUES (1026,53.136786,6.430102);
INSERT INTO Address (address_id,street,house_number,postal_code,city_id,geo_id) VALUES (1026,'Heerestraat','54','9301 AH',(select city_id from City where city_name='RODEN'),1026);
INSERT INTO Atm(atm_id,distance,atm_type,address_id) VALUES	(1026,0,'ING',1026);
INSERT INTO GeoLocation(geo_id,lat,lng) VALUES (1027,51.989154,5.922053);
INSERT INTO Address (address_id,street,house_number,postal_code,city_id,geo_id) VALUES (1027,'Klarendalseweg','139','6822 GG',(select city_id from City where city_name='ARNHEM'),1027);
INSERT INTO Atm(atm_id,distance,atm_type,address_id) VALUES	(1027,0,'ALBERT_HEIJN',1027);
INSERT INTO GeoLocation(geo_id,lat,lng) VALUES (1028,52.437335,4.879177);
INSERT INTO Address (address_id,street,house_number,postal_code,city_id,geo_id) VALUES (1028,'Klaverweide','10','1511 XW',(select city_id from City where city_name='OOSTZAAN'),1028);
INSERT INTO Atm(atm_id,distance,atm_type,address_id) VALUES	(1028,0,'ALBERT_HEIJN',1028);
INSERT INTO GeoLocation(geo_id,lat,lng) VALUES (1029,51.57011,5.054221);
INSERT INTO Address (address_id,street,house_number,postal_code,city_id,geo_id) VALUES (1029,'Westermarkt','17','5042 MC',(select city_id from City where city_name='TILBURG'),1029);
INSERT INTO Atm(atm_id,distance,atm_type,address_id) VALUES	(1029,0,'ALBERT_HEIJN',1029);
INSERT INTO GeoLocation(geo_id,lat,lng) VALUES (1030,51.254995,5.705041);
INSERT INTO Address (address_id,street,house_number,postal_code,city_id,geo_id) VALUES (1030,'Muntpassage','49','6001 GL',(select city_id from City where city_name='WEERT'),1030);
INSERT INTO Atm(atm_id,distance,atm_type,address_id) VALUES	(1030,0,'ALBERT_HEIJN',1030);
INSERT INTO GeoLocation(geo_id,lat,lng) VALUES (1031,52.047608,4.27809);
INSERT INTO Address (address_id,street,house_number,postal_code,city_id,geo_id) VALUES (1031,'Leyweg','1094','2545 GZ',(select city_id from City where city_name='DEN HAAG'),1031);
INSERT INTO Atm(atm_id,distance,atm_type,address_id) VALUES	(1031,0,'ING',1031);
INSERT INTO GeoLocation(geo_id,lat,lng) VALUES (1032,52.011752,4.529964);
INSERT INTO Address (address_id,street,house_number,postal_code,city_id,geo_id) VALUES (1032,'Dorpsstraat','84','2665 BK',(select city_id from City where city_name='BLEISWIJK'),1032);
INSERT INTO Atm(atm_id,distance,atm_type,address_id) VALUES	(1032,0,'ALBERT_HEIJN',1032);
INSERT INTO GeoLocation(geo_id,lat,lng) VALUES (1033,52.3597684,4.891746);
INSERT INTO Address (address_id,street,house_number,postal_code,city_id,geo_id) VALUES (1033,'Weteringschans','165','1017 XD',(select city_id from City where city_name='AMSTERDAM'),1033);
INSERT INTO Atm(atm_id,distance,atm_type,address_id) VALUES	(1033,0,'ALBERT_HEIJN',1033);
INSERT INTO GeoLocation(geo_id,lat,lng) VALUES (1034,51.825962,4.83309);
INSERT INTO Address (address_id,street,house_number,postal_code,city_id,geo_id) VALUES (1034,'Talmastraat','16','3371 VG',(select city_id from City where city_name='HARDINXVELD-GIESSENDAM'),1034);
INSERT INTO Atm(atm_id,distance,atm_type,address_id) VALUES	(1034,0,'ALBERT_HEIJN',1034);
INSERT INTO GeoLocation(geo_id,lat,lng) VALUES (1035,52.344855,4.906051);
INSERT INTO Address (address_id,street,house_number,postal_code,city_id,geo_id) VALUES (1035,'Rijnstraat','93','1079 HA',(select city_id from City where city_name='AMSTERDAM'),1035);
INSERT INTO Atm(atm_id,distance,atm_type,address_id) VALUES	(1035,0,'ING',1035);
INSERT INTO GeoLocation(geo_id,lat,lng) VALUES (1036,51.689554,4.214188);
INSERT INTO Address (address_id,street,house_number,postal_code,city_id,geo_id) VALUES (1036,'Dabbestraat','6','3255 XB',(select city_id from City where city_name='OUDE-TONGE'),1036);
INSERT INTO Atm(atm_id,distance,atm_type,address_id) VALUES	(1036,0,'ALBERT_HEIJN',1036);
INSERT INTO GeoLocation(geo_id,lat,lng) VALUES (1037,51.922114,4.475927);
INSERT INTO Address (address_id,street,house_number,postal_code,city_id,geo_id) VALUES (1037,'Korte Lijnbaan','1B','3012 EC',(select city_id from City where city_name='ROTTERDAM'),1037);
INSERT INTO Atm(atm_id,distance,atm_type,address_id) VALUES	(1037,0,'ING',1037);
INSERT INTO GeoLocation(geo_id,lat,lng) VALUES (1038,53.25689,5.765049);
INSERT INTO Address (address_id,street,house_number,postal_code,city_id,geo_id) VALUES (1038,'Wythusterwei','12','9051 EJ',(select city_id from City where city_name='STIENS'),1038);
INSERT INTO Atm(atm_id,distance,atm_type,address_id) VALUES	(1038,0,'ALBERT_HEIJN',1038);
INSERT INTO GeoLocation(geo_id,lat,lng) VALUES (1039,51.950782,4.556063);
INSERT INTO Address (address_id,street,house_number,postal_code,city_id,geo_id) VALUES (1039,'Watermanweg','116','3067 GG',(select city_id from City where city_name='ROTTERDAM'),1039);
INSERT INTO Atm(atm_id,distance,atm_type,address_id) VALUES	(1039,0,'ING',1039);
INSERT INTO GeoLocation(geo_id,lat,lng) VALUES (1040,51.373706,6.140275);
INSERT INTO Address (address_id,street,house_number,postal_code,city_id,geo_id) VALUES (1040,'Drie Decembersingel','12','5922 BD',(select city_id from City where city_name='VENLO'),1040);
INSERT INTO Atm(atm_id,distance,atm_type,address_id) VALUES	(1040,0,'ING',1040);
INSERT INTO GeoLocation(geo_id,lat,lng) VALUES (1041,52.270508,6.816819);
INSERT INTO Address (address_id,street,house_number,postal_code,city_id,geo_id) VALUES (1041,'Josef Haydnlaan','60','7557 CT',(select city_id from City where city_name='HENGELO'),1041);
INSERT INTO Atm(atm_id,distance,atm_type,address_id) VALUES	(1041,0,'ING',1041);
INSERT INTO GeoLocation(geo_id,lat,lng) VALUES (1042,52.030432,4.288032);
INSERT INTO Address (address_id,street,house_number,postal_code,city_id,geo_id) VALUES (1042,'Laan van Wateringse Veld','688','2548 CM',(select city_id from City where city_name='DEN HAAG'),1042);
INSERT INTO Atm(atm_id,distance,atm_type,address_id) VALUES	(1042,0,'ALBERT_HEIJN',1042);
INSERT INTO GeoLocation(geo_id,lat,lng) VALUES (1043,51.831129,4.146953);
INSERT INTO Address (address_id,street,house_number,postal_code,city_id,geo_id) VALUES (1043,'Struytse Hoeck','50','3224 HB',(select city_id from City where city_name='HELLEVOETSLUIS'),1043);
INSERT INTO Atm(atm_id,distance,atm_type,address_id) VALUES	(1043,0,'ING',1043);
INSERT INTO GeoLocation(geo_id,lat,lng) VALUES (1044,52.467872,4.835557);
INSERT INTO Address (address_id,street,house_number,postal_code,city_id,geo_id) VALUES (1044,'Drielse Wetering','55','1509 KP',(select city_id from City where city_name='ZAANDAM'),1044);
INSERT INTO Atm(atm_id,distance,atm_type,address_id) VALUES	(1044,0,'ING',1044);
INSERT INTO GeoLocation(geo_id,lat,lng) VALUES (1045,52.364294,6.465934);
INSERT INTO Address (address_id,street,house_number,postal_code,city_id,geo_id) VALUES (1045,'Spoelerstraat','6','7442 AA',(select city_id from City where city_name='NIJVERDAL'),1045);
INSERT INTO Atm(atm_id,distance,atm_type,address_id) VALUES	(1045,0,'ALBERT_HEIJN',1045);
INSERT INTO GeoLocation(geo_id,lat,lng) VALUES (1046,51.959255,5.89763);
INSERT INTO Address (address_id,street,house_number,postal_code,city_id,geo_id) VALUES (1046,'Kronenburgpassage','86','6831 ER',(select city_id from City where city_name='ARNHEM'),1046);
INSERT INTO Atm(atm_id,distance,atm_type,address_id) VALUES	(1046,0,'ALBERT_HEIJN',1046);
INSERT INTO GeoLocation(geo_id,lat,lng) VALUES (1047,52.071207,4.49443);
INSERT INTO Address (address_id,street,house_number,postal_code,city_id,geo_id) VALUES (1047,'Broekwegzijde','150','2725 PE',(select city_id from City where city_name='ZOETERMEER'),1047);
INSERT INTO Atm(atm_id,distance,atm_type,address_id) VALUES	(1047,0,'ALBERT_HEIJN',1047);
INSERT INTO GeoLocation(geo_id,lat,lng) VALUES (1048,52.3875973,4.6369685);
INSERT INTO Address (address_id,street,house_number,postal_code,city_id,geo_id) VALUES (1048,'Stationsplein','11B','2011 LR',(select city_id from City where city_name='HAARLEM'),1048);
INSERT INTO Atm(atm_id,distance,atm_type,address_id) VALUES	(1048,0,'ING',1048);
INSERT INTO GeoLocation(geo_id,lat,lng) VALUES (1049,52.137649,5.590247);
INSERT INTO Address (address_id,street,house_number,postal_code,city_id,geo_id) VALUES (1049,'Burgemeester Kuntzelaan','35','3771 EP',(select city_id from City where city_name='BARNEVELD'),1049);
INSERT INTO Atm(atm_id,distance,atm_type,address_id) VALUES	(1049,0,'ALBERT_HEIJN',1049);
INSERT INTO GeoLocation(geo_id,lat,lng) VALUES (1050,53.147261,6.5658);
INSERT INTO Address (address_id,street,house_number,postal_code,city_id,geo_id) VALUES (1050,'Hoofdweg','202','9765 CK',(select city_id from City where city_name='PATERSWOLDE'),1050);
INSERT INTO Atm(atm_id,distance,atm_type,address_id) VALUES	(1050,0,'ALBERT_HEIJN',1050);
INSERT INTO GeoLocation(geo_id,lat,lng) VALUES (1051,52.246218,4.827787);
INSERT INTO Address (address_id,street,house_number,postal_code,city_id,geo_id) VALUES (1051,'Zijdelwaardplein','84','1422 DN',(select city_id from City where city_name='UITHOORN'),1051);
INSERT INTO Atm(atm_id,distance,atm_type,address_id) VALUES	(1051,0,'ALBERT_HEIJN',1051);
INSERT INTO GeoLocation(geo_id,lat,lng) VALUES (1052,52.222733,4.487185);
INSERT INTO Address (address_id,street,house_number,postal_code,city_id,geo_id) VALUES (1052,'Jacoba van Beierenhof','36','2215 JK',(select city_id from City where city_name='VOORHOUT'),1052);
INSERT INTO Atm(atm_id,distance,atm_type,address_id) VALUES	(1052,0,'ING',1052);
INSERT INTO GeoLocation(geo_id,lat,lng) VALUES (1053,51.911285,4.439966);
INSERT INTO Address (address_id,street,house_number,postal_code,city_id,geo_id) VALUES (1053,'Schiedamseweg','169','3026 AL',(select city_id from City where city_name='ROTTERDAM'),1053);
INSERT INTO Atm(atm_id,distance,atm_type,address_id) VALUES	(1053,0,'ING',1053);
INSERT INTO GeoLocation(geo_id,lat,lng) VALUES (1054,51.553584,5.685143);
INSERT INTO Address (address_id,street,house_number,postal_code,city_id,geo_id) VALUES (1054,'Kapelaanstraat','25','5421 DD',(select city_id from City where city_name='GEMERT'),1054);
INSERT INTO Atm(atm_id,distance,atm_type,address_id) VALUES	(1054,0,'ALBERT_HEIJN',1054);
INSERT INTO GeoLocation(geo_id,lat,lng) VALUES (1055,51.700924,5.30238);
INSERT INTO Address (address_id,street,house_number,postal_code,city_id,geo_id) VALUES (1055,'Gruttostraat','23','5212 VM',(select city_id from City where city_name='DEN BOSCH'),1055);
INSERT INTO Atm(atm_id,distance,atm_type,address_id) VALUES	(1055,0,'ALBERT_HEIJN',1055);
INSERT INTO GeoLocation(geo_id,lat,lng) VALUES (1056,52.383003,4.886394);
INSERT INTO Address (address_id,street,house_number,postal_code,city_id,geo_id) VALUES (1056,'Haarlemmerdijk','97-103','1013 KD',(select city_id from City where city_name='AMSTERDAM'),1056);
INSERT INTO Atm(atm_id,distance,atm_type,address_id) VALUES	(1056,0,'ING',1056);
INSERT INTO GeoLocation(geo_id,lat,lng) VALUES (1057,52.263702,4.631985);
INSERT INTO Address (address_id,street,house_number,postal_code,city_id,geo_id) VALUES (1057,'Hoofdweg','1197','2151 MG',(select city_id from City where city_name='NIEUW-VENNEP'),1057);
INSERT INTO Atm(atm_id,distance,atm_type,address_id) VALUES	(1057,0,'ING',1057);
INSERT INTO GeoLocation(geo_id,lat,lng) VALUES (1058,52.303407,4.67712);
INSERT INTO Address (address_id,street,house_number,postal_code,city_id,geo_id) VALUES (1058,'Bernadottestraat','155','2131 SV',(select city_id from City where city_name='HOOFDDORP'),1058);
INSERT INTO Atm(atm_id,distance,atm_type,address_id) VALUES	(1058,0,'ING',1058);
INSERT INTO GeoLocation(geo_id,lat,lng) VALUES (1059,51.833403,4.130827);
INSERT INTO Address (address_id,street,house_number,postal_code,city_id,geo_id) VALUES (1059,'Evertsenplein','68','3221 BL',(select city_id from City where city_name='HELLEVOETSLUIS'),1059);
INSERT INTO Atm(atm_id,distance,atm_type,address_id) VALUES	(1059,0,'ALBERT_HEIJN',1059);
INSERT INTO GeoLocation(geo_id,lat,lng) VALUES (1060,51.930978,4.35695);
INSERT INTO Address (address_id,street,house_number,postal_code,city_id,geo_id) VALUES (1060,'Reigerlaan','8','3136 JK',(select city_id from City where city_name='VLAARDINGEN'),1060);
INSERT INTO Atm(atm_id,distance,atm_type,address_id) VALUES	(1060,0,'ING',1060);
INSERT INTO GeoLocation(geo_id,lat,lng) VALUES (1061,52.3137092,4.9523938);
INSERT INTO Address (address_id,street,house_number,postal_code,city_id,geo_id) VALUES (1061,'Bijlmerplein','880','1102 MG',(select city_id from City where city_name='AMSTERDAM-ZUIDOOST'),1061);
INSERT INTO Atm(atm_id,distance,atm_type,address_id) VALUES	(1061,0,'ING',1061);
INSERT INTO GeoLocation(geo_id,lat,lng) VALUES (1062,51.946746,4.858209);
INSERT INTO Address (address_id,street,house_number,postal_code,city_id,geo_id) VALUES (1062,'Cellebroedersstraat','1','2871 AS',(select city_id from City where city_name='SCHOONHOVEN'),1062);
INSERT INTO Atm(atm_id,distance,atm_type,address_id) VALUES	(1062,0,'ALBERT_HEIJN',1062);
INSERT INTO GeoLocation(geo_id,lat,lng) VALUES (1063,52.454894,5.040365);
INSERT INTO Address (address_id,street,house_number,postal_code,city_id,geo_id) VALUES (1063,'Graaf Willemlaan','24','1141 XL',(select city_id from City where city_name='MONNICKENDAM'),1063);
INSERT INTO Atm(atm_id,distance,atm_type,address_id) VALUES	(1063,0,'ING',1063);
INSERT INTO GeoLocation(geo_id,lat,lng) VALUES (1064,50.94946,5.959689);
INSERT INTO Address (address_id,street,house_number,postal_code,city_id,geo_id) VALUES (1064,'Kennedylaan','90','6441 JG',(select city_id from City where city_name='BRUNSSUM'),1064);
INSERT INTO Atm(atm_id,distance,atm_type,address_id) VALUES	(1064,0,'ALBERT_HEIJN',1064);
INSERT INTO GeoLocation(geo_id,lat,lng) VALUES (1065,51.967337,5.907895);
INSERT INTO Address (address_id,street,house_number,postal_code,city_id,geo_id) VALUES (1065,'Drieslag','4','6832 AM',(select city_id from City where city_name='ARNHEM'),1065);
INSERT INTO Atm(atm_id,distance,atm_type,address_id) VALUES	(1065,0,'ALBERT_HEIJN',1065);
INSERT INTO GeoLocation(geo_id,lat,lng) VALUES (1066,51.933934,4.476852);
INSERT INTO Address (address_id,street,house_number,postal_code,city_id,geo_id) VALUES (1066,'Zwart Janstraat','109-111','3035 AN',(select city_id from City where city_name='ROTTERDAM'),1066);
INSERT INTO Atm(atm_id,distance,atm_type,address_id) VALUES	(1066,0,'ING',1066);
INSERT INTO GeoLocation(geo_id,lat,lng) VALUES (1067,51.529194,4.453834);
INSERT INTO Address (address_id,street,house_number,postal_code,city_id,geo_id) VALUES (1067,'Laan van Limburg','1','4701 BP',(select city_id from City where city_name='ROOSENDAAL'),1067);
INSERT INTO Atm(atm_id,distance,atm_type,address_id) VALUES	(1067,0,'ING',1067);
INSERT INTO GeoLocation(geo_id,lat,lng) VALUES (1068,52.365787,5.256397);
INSERT INTO Address (address_id,street,house_number,postal_code,city_id,geo_id) VALUES (1068,'Salsastraat','81','1326 PC',(select city_id from City where city_name='ALMERE'),1068);
INSERT INTO Atm(atm_id,distance,atm_type,address_id) VALUES	(1068,0,'ING',1068);
INSERT INTO GeoLocation(geo_id,lat,lng) VALUES (1069,52.176787,4.504955);
INSERT INTO Address (address_id,street,house_number,postal_code,city_id,geo_id) VALUES (1069,'Kopermolen','44','2317 PB',(select city_id from City where city_name='LEIDEN'),1069);
INSERT INTO Atm(atm_id,distance,atm_type,address_id) VALUES	(1069,0,'ALBERT_HEIJN',1069);
INSERT INTO GeoLocation(geo_id,lat,lng) VALUES (1070,52.212962,5.9638);
INSERT INTO Address (address_id,street,house_number,postal_code,city_id,geo_id) VALUES (1070,'Brinklaan','1','7311 LA',(select city_id from City where city_name='APELDOORN'),1070);
INSERT INTO Atm(atm_id,distance,atm_type,address_id) VALUES	(1070,0,'ING',1070);
INSERT INTO GeoLocation(geo_id,lat,lng) VALUES (1071,52.370791,5.179549);
INSERT INTO Address (address_id,street,house_number,postal_code,city_id,geo_id) VALUES (1071,'Wim Kanplein','2','1311 LH',(select city_id from City where city_name='ALMERE'),1071);
INSERT INTO Atm(atm_id,distance,atm_type,address_id) VALUES	(1071,0,'ING',1071);
INSERT INTO GeoLocation(geo_id,lat,lng) VALUES (1072,51.468228,5.474074);
INSERT INTO Address (address_id,street,house_number,postal_code,city_id,geo_id) VALUES (1072,'Winkelcentrum Woensel','119','5625 AG',(select city_id from City where city_name='EINDHOVEN'),1072);
INSERT INTO Atm(atm_id,distance,atm_type,address_id) VALUES	(1072,0,'ALBERT_HEIJN',1072);
INSERT INTO GeoLocation(geo_id,lat,lng) VALUES (1073,53.017388,6.585375);
INSERT INTO Address (address_id,street,house_number,postal_code,city_id,geo_id) VALUES (1073,'Kleuvenstee','106','9403 LS',(select city_id from City where city_name='ASSEN'),1073);
INSERT INTO Atm(atm_id,distance,atm_type,address_id) VALUES	(1073,0,'ING',1073);
INSERT INTO GeoLocation(geo_id,lat,lng) VALUES (1074,52.08369,4.743947);
INSERT INTO Address (address_id,street,house_number,postal_code,city_id,geo_id) VALUES (1074,'Oud Bodegraafseweg','23','2411 HS',(select city_id from City where city_name='BODEGRAVEN'),1074);
INSERT INTO Atm(atm_id,distance,atm_type,address_id) VALUES	(1074,0,'ALBERT_HEIJN',1074);
INSERT INTO GeoLocation(geo_id,lat,lng) VALUES (1075,51.8906806,6.3841679);
INSERT INTO Address (address_id,street,house_number,postal_code,city_id,geo_id) VALUES (1075,'Veldstraat','10','7071 CC',(select city_id from City where city_name='ULFT'),1075);
INSERT INTO Atm(atm_id,distance,atm_type,address_id) VALUES	(1075,0,'ALBERT_HEIJN',1075);
INSERT INTO GeoLocation(geo_id,lat,lng) VALUES (1076,52.199928,5.976536);
INSERT INTO Address (address_id,street,house_number,postal_code,city_id,geo_id) VALUES (1076,'Monseigneur Nolensstraat','37','7331 RC',(select city_id from City where city_name='APELDOORN'),1076);
INSERT INTO Atm(atm_id,distance,atm_type,address_id) VALUES	(1076,0,'ING',1076);
INSERT INTO GeoLocation(geo_id,lat,lng) VALUES (1077,51.192011,5.992948);
INSERT INTO Address (address_id,street,house_number,postal_code,city_id,geo_id) VALUES (1077,'Willem II Singel','1-3','6041 HP',(select city_id from City where city_name='ROERMOND'),1077);
INSERT INTO Atm(atm_id,distance,atm_type,address_id) VALUES	(1077,0,'ING',1077);
INSERT INTO GeoLocation(geo_id,lat,lng) VALUES (1078,51.442493,5.408987);
INSERT INTO Address (address_id,street,house_number,postal_code,city_id,geo_id) VALUES (1078,'Meerplein','20','5658 LK',(select city_id from City where city_name='EINDHOVEN'),1078);
INSERT INTO Atm(atm_id,distance,atm_type,address_id) VALUES	(1078,0,'ING',1078);
INSERT INTO GeoLocation(geo_id,lat,lng) VALUES (1079,52.366784,5.190904);
INSERT INTO Address (address_id,street,house_number,postal_code,city_id,geo_id) VALUES (1079,'Rimsky-Korssakovweg','33','1323 LP',(select city_id from City where city_name='ALMERE'),1079);
INSERT INTO Atm(atm_id,distance,atm_type,address_id) VALUES	(1079,0,'ING',1079);
INSERT INTO GeoLocation(geo_id,lat,lng) VALUES (1080,51.587139,4.314353);
INSERT INTO Address (address_id,street,house_number,postal_code,city_id,geo_id) VALUES (1080,'Lindenburghlaan','1','4651 TM',(select city_id from City where city_name='STEENBERGEN'),1080);
INSERT INTO Atm(atm_id,distance,atm_type,address_id) VALUES	(1080,0,'ALBERT_HEIJN',1080);
INSERT INTO GeoLocation(geo_id,lat,lng) VALUES (1081,53.213122,6.578997);
INSERT INTO Address (address_id,street,house_number,postal_code,city_id,geo_id) VALUES (1081,'Meeuwerderweg','50-52','9724 EV',(select city_id from City where city_name='GRONINGEN'),1081);
INSERT INTO Atm(atm_id,distance,atm_type,address_id) VALUES	(1081,0,'ING',1081);
INSERT INTO GeoLocation(geo_id,lat,lng) VALUES (1082,51.563306,5.074364);
INSERT INTO Address (address_id,street,house_number,postal_code,city_id,geo_id) VALUES (1082,'Jan Heijnsstraat','10','5041 GB',(select city_id from City where city_name='TILBURG'),1082);
INSERT INTO Atm(atm_id,distance,atm_type,address_id) VALUES	(1082,0,'ING',1082);
INSERT INTO GeoLocation(geo_id,lat,lng) VALUES (1083,52.2605422,5.6051248);
INSERT INTO Address (address_id,street,house_number,postal_code,city_id,geo_id) VALUES (1083,'Dorpsstraat','34','3881 BD',(select city_id from City where city_name='PUTTEN'),1083);
INSERT INTO Atm(atm_id,distance,atm_type,address_id) VALUES	(1083,0,'ING',1083);
INSERT INTO GeoLocation(geo_id,lat,lng) VALUES (1084,52.113399,5.088527);
INSERT INTO Address (address_id,street,house_number,postal_code,city_id,geo_id) VALUES (1084,'Doornburglaan','2','3554 EP',(select city_id from City where city_name='UTRECHT'),1084);
INSERT INTO Atm(atm_id,distance,atm_type,address_id) VALUES	(1084,0,'ALBERT_HEIJN',1084);
INSERT INTO GeoLocation(geo_id,lat,lng) VALUES (1085,52.348844,4.877664);
INSERT INTO Address (address_id,street,house_number,postal_code,city_id,geo_id) VALUES (1085,'Gerrit van der Veenstraat','57','1077 DP',(select city_id from City where city_name='AMSTERDAM'),1085);
INSERT INTO Atm(atm_id,distance,atm_type,address_id) VALUES	(1085,0,'ALBERT_HEIJN',1085);
INSERT INTO GeoLocation(geo_id,lat,lng) VALUES (1086,52.008507,4.229102);
INSERT INTO Address (address_id,street,house_number,postal_code,city_id,geo_id) VALUES (1086,'Dijkstraat','102','2675 AZ',(select city_id from City where city_name='HONSELERSDIJK'),1086);
INSERT INTO Atm(atm_id,distance,atm_type,address_id) VALUES	(1086,0,'ALBERT_HEIJN',1086);
INSERT INTO GeoLocation(geo_id,lat,lng) VALUES (1087,52.652351,5.085143);
INSERT INTO Address (address_id,street,house_number,postal_code,city_id,geo_id) VALUES (1087,'Betje Wolffplein','109','1628 NG',(select city_id from City where city_name='HOORN'),1087);
INSERT INTO Atm(atm_id,distance,atm_type,address_id) VALUES	(1087,0,'ING',1087);
INSERT INTO GeoLocation(geo_id,lat,lng) VALUES (1088,51.9580532,5.5691737);
INSERT INTO Address (address_id,street,house_number,postal_code,city_id,geo_id) VALUES (1088,'M.W. van de Waalstraat','2','3911 LP',(select city_id from City where city_name='RHENEN'),1088);
INSERT INTO Atm(atm_id,distance,atm_type,address_id) VALUES	(1088,0,'ALBERT_HEIJN',1088);
INSERT INTO GeoLocation(geo_id,lat,lng) VALUES (1089,51.936156,4.603368);
INSERT INTO Address (address_id,street,house_number,postal_code,city_id,geo_id) VALUES (1089,'Amsteldiep','45','2904 EB',(select city_id from City where city_name='CAPELLE AAN DEN IJSSEL'),1089);
INSERT INTO Atm(atm_id,distance,atm_type,address_id) VALUES	(1089,0,'ALBERT_HEIJN',1089);
INSERT INTO GeoLocation(geo_id,lat,lng) VALUES (1090,50.857276,6.007516);
INSERT INTO Address (address_id,street,house_number,postal_code,city_id,geo_id) VALUES (1090,'Roda J.C. Ring','5','6466 NH',(select city_id from City where city_name='KERKRADE'),1090);
INSERT INTO Atm(atm_id,distance,atm_type,address_id) VALUES	(1090,0,'ALBERT_HEIJN',1090);
INSERT INTO GeoLocation(geo_id,lat,lng) VALUES (1091,51.888246,5.430569);
INSERT INTO Address (address_id,street,house_number,postal_code,city_id,geo_id) VALUES (1091,'Veemarkt','2','4001 AE',(select city_id from City where city_name='TIEL'),1091);
INSERT INTO Atm(atm_id,distance,atm_type,address_id) VALUES	(1091,0,'ING',1091);
INSERT INTO GeoLocation(geo_id,lat,lng) VALUES (1092,52.04126,5.077754);
INSERT INTO Address (address_id,street,house_number,postal_code,city_id,geo_id) VALUES (1092,'Muntplein','20','3437 AP',(select city_id from City where city_name='NIEUWEGEIN'),1092);
INSERT INTO Atm(atm_id,distance,atm_type,address_id) VALUES	(1092,0,'ALBERT_HEIJN',1092);
INSERT INTO GeoLocation(geo_id,lat,lng) VALUES (1093,51.963931,6.290534);
INSERT INTO Address (address_id,street,house_number,postal_code,city_id,geo_id) VALUES (1093,'Hamburgerstraat','56','7001 AL',(select city_id from City where city_name='DOETINCHEM'),1093);
INSERT INTO Atm(atm_id,distance,atm_type,address_id) VALUES	(1093,0,'ING',1093);
INSERT INTO GeoLocation(geo_id,lat,lng) VALUES (1094,52.024465,5.557634);
INSERT INTO Address (address_id,street,house_number,postal_code,city_id,geo_id) VALUES (1094,'Wolweg','1','3901 TD',(select city_id from City where city_name='VEENENDAAL'),1094);
INSERT INTO Atm(atm_id,distance,atm_type,address_id) VALUES	(1094,0,'ING',1094);
INSERT INTO GeoLocation(geo_id,lat,lng) VALUES (1095,51.332386,3.847529);
INSERT INTO Address (address_id,street,house_number,postal_code,city_id,geo_id) VALUES (1095,'Lorentzlaan','2','4532 KP',(select city_id from City where city_name='TERNEUZEN'),1095);
INSERT INTO Atm(atm_id,distance,atm_type,address_id) VALUES	(1095,0,'ING',1095);
INSERT INTO GeoLocation(geo_id,lat,lng) VALUES (1096,50.890832,5.984737);
INSERT INTO Address (address_id,street,house_number,postal_code,city_id,geo_id) VALUES (1096,'Schandelerboord','25','6415 AA',(select city_id from City where city_name='HEERLEN'),1096);
INSERT INTO Atm(atm_id,distance,atm_type,address_id) VALUES	(1096,0,'ALBERT_HEIJN',1096);
INSERT INTO GeoLocation(geo_id,lat,lng) VALUES (1097,52.268806,6.164479);
INSERT INTO Address (address_id,street,house_number,postal_code,city_id,geo_id) VALUES (1097,'Karel de Groteplein','20','7415 DH',(select city_id from City where city_name='DEVENTER'),1097);
INSERT INTO Atm(atm_id,distance,atm_type,address_id) VALUES	(1097,0,'ALBERT_HEIJN',1097);
INSERT INTO GeoLocation(geo_id,lat,lng) VALUES (1098,52.700829,4.811302);
INSERT INTO Address (address_id,street,house_number,postal_code,city_id,geo_id) VALUES (1098,'Dorpsstraat','574','1723 HJ',(select city_id from City where city_name='NOORD-SCHARWOUDE'),1098);
INSERT INTO Atm(atm_id,distance,atm_type,address_id) VALUES	(1098,0,'ING',1098);
INSERT INTO GeoLocation(geo_id,lat,lng) VALUES (1099,52.476429,4.799944);
INSERT INTO Address (address_id,street,house_number,postal_code,city_id,geo_id) VALUES (1099,'John Lennonstraat','265','1544 LT',(select city_id from City where city_name='ZAANDIJK'),1099);
INSERT INTO Atm(atm_id,distance,atm_type,address_id) VALUES	(1099,0,'ALBERT_HEIJN',1099);
INSERT INTO GeoLocation(geo_id,lat,lng) VALUES (1100,51.587246,4.776137);
INSERT INTO Address (address_id,street,house_number,postal_code,city_id,geo_id) VALUES (1100,'Ridderstraat','25','4811 JA',(select city_id from City where city_name='BREDA'),1100);
INSERT INTO Atm(atm_id,distance,atm_type,address_id) VALUES	(1100,0,'ING',1100);
INSERT INTO GeoLocation(geo_id,lat,lng) VALUES (1101,52.00528,4.391488);
INSERT INTO Address (address_id,street,house_number,postal_code,city_id,geo_id) VALUES (1101,'Gouden Rijderplein','1','2645 EX',(select city_id from City where city_name='DELFGAUW'),1101);
INSERT INTO Atm(atm_id,distance,atm_type,address_id) VALUES	(1101,0,'ALBERT_HEIJN',1101);
INSERT INTO GeoLocation(geo_id,lat,lng) VALUES (1102,52.435637,6.234669);
INSERT INTO Address (address_id,street,house_number,postal_code,city_id,geo_id) VALUES (1102,'Markstraat','2-4','8141 GC',(select city_id from City where city_name='HEINO'),1102);
INSERT INTO Atm(atm_id,distance,atm_type,address_id) VALUES	(1102,0,'ALBERT_HEIJN',1102);
INSERT INTO GeoLocation(geo_id,lat,lng) VALUES (1103,52.227524,4.523421);
INSERT INTO Address (address_id,street,house_number,postal_code,city_id,geo_id) VALUES (1103,'Hortuslaan','4','2171 CK',(select city_id from City where city_name='SASSENHEIM'),1103);
INSERT INTO Atm(atm_id,distance,atm_type,address_id) VALUES	(1103,0,'ING',1103);
INSERT INTO GeoLocation(geo_id,lat,lng) VALUES (1104,51.554426,5.081895);
INSERT INTO Address (address_id,street,house_number,postal_code,city_id,geo_id) VALUES (1104,'Schouwburgring','31','5038 TK',(select city_id from City where city_name='TILBURG'),1104);
INSERT INTO Atm(atm_id,distance,atm_type,address_id) VALUES	(1104,0,'ING',1104);
INSERT INTO GeoLocation(geo_id,lat,lng) VALUES (1105,52.091778,4.356757);
INSERT INTO Address (address_id,street,house_number,postal_code,city_id,geo_id) VALUES (1105,'Het Kleine Loo','342','2592 CK',(select city_id from City where city_name='DEN HAAG'),1105);
INSERT INTO Atm(atm_id,distance,atm_type,address_id) VALUES	(1105,0,'ALBERT_HEIJN',1105);
INSERT INTO GeoLocation(geo_id,lat,lng) VALUES (1106,52.084231,5.171936);
INSERT INTO Address (address_id,street,house_number,postal_code,city_id,geo_id) VALUES (1106,'Heidelberglaan','1A','3584 CS',(select city_id from City where city_name='UTRECHT'),1106);
INSERT INTO Atm(atm_id,distance,atm_type,address_id) VALUES	(1106,0,'ING',1106);
INSERT INTO GeoLocation(geo_id,lat,lng) VALUES (1107,52.042413,5.643973);
INSERT INTO Address (address_id,street,house_number,postal_code,city_id,geo_id) VALUES (1107,'Bellestein','45-47','6714 DP',(select city_id from City where city_name='EDE'),1107);
INSERT INTO Atm(atm_id,distance,atm_type,address_id) VALUES	(1107,0,'ING',1107);
INSERT INTO GeoLocation(geo_id,lat,lng) VALUES (1108,52.294829,4.579851);
INSERT INTO Address (address_id,street,house_number,postal_code,city_id,geo_id) VALUES (1108,'Hoofdstraat','18','2181 ED',(select city_id from City where city_name='HILLEGOM'),1108);
INSERT INTO Atm(atm_id,distance,atm_type,address_id) VALUES	(1108,0,'ING',1108);
INSERT INTO GeoLocation(geo_id,lat,lng) VALUES (1109,52.391003,4.649038);
INSERT INTO Address (address_id,street,house_number,postal_code,city_id,geo_id) VALUES (1109,'Paul Krugerkade','16','2021 BN',(select city_id from City where city_name='HAARLEM'),1109);
INSERT INTO Atm(atm_id,distance,atm_type,address_id) VALUES	(1109,0,'ING',1109);
INSERT INTO GeoLocation(geo_id,lat,lng) VALUES (1110,52.166403,4.485687);
INSERT INTO Address (address_id,street,house_number,postal_code,city_id,geo_id) VALUES (1110,'Schuttersveld','18','2316 ZC',(select city_id from City where city_name='LEIDEN'),1110);
INSERT INTO Atm(atm_id,distance,atm_type,address_id) VALUES	(1110,0,'ING',1110);
INSERT INTO GeoLocation(geo_id,lat,lng) VALUES (1111,52.28882,4.869981);
INSERT INTO Address (address_id,street,house_number,postal_code,city_id,geo_id) VALUES (1111,'Groenhof','144','1186 EX',(select city_id from City where city_name='AMSTELVEEN'),1111);
INSERT INTO Atm(atm_id,distance,atm_type,address_id) VALUES	(1111,0,'ALBERT_HEIJN',1111);
INSERT INTO GeoLocation(geo_id,lat,lng) VALUES (1112,52.300017,6.756266);
INSERT INTO Address (address_id,street,house_number,postal_code,city_id,geo_id) VALUES (1112,'Marktplein','27','7622 CL',(select city_id from City where city_name='BORNE'),1112);
INSERT INTO Atm(atm_id,distance,atm_type,address_id) VALUES	(1112,0,'ALBERT_HEIJN',1112);
INSERT INTO GeoLocation(geo_id,lat,lng) VALUES (1113,52.073084,4.318863);
INSERT INTO Address (address_id,street,house_number,postal_code,city_id,geo_id) VALUES (1113,'Stationsweg','63','2515 BJ',(select city_id from City where city_name='DEN HAAG'),1113);
INSERT INTO Atm(atm_id,distance,atm_type,address_id) VALUES	(1113,0,'ING',1113);
INSERT INTO GeoLocation(geo_id,lat,lng) VALUES (1114,52.785786,6.892169);
INSERT INTO Address (address_id,street,house_number,postal_code,city_id,geo_id) VALUES (1114,'Marktplein','150','7811 BA',(select city_id from City where city_name='EMMEN'),1114);
INSERT INTO Atm(atm_id,distance,atm_type,address_id) VALUES	(1114,0,'ING',1114);
INSERT INTO GeoLocation(geo_id,lat,lng) VALUES (1115,51.9747695,4.2486117);
INSERT INTO Address (address_id,street,house_number,postal_code,city_id,geo_id) VALUES (1115,'Hoofdstraat','76A','2678 CL',(select city_id from City where city_name='DE LIER'),1115);
INSERT INTO Atm(atm_id,distance,atm_type,address_id) VALUES	(1115,0,'ALBERT_HEIJN',1115);
INSERT INTO GeoLocation(geo_id,lat,lng) VALUES (1116,52.5078,4.948074);
INSERT INTO Address (address_id,street,house_number,postal_code,city_id,geo_id) VALUES (1116,'Koestraat','15','1441 CV',(select city_id from City where city_name='PURMEREND'),1116);
INSERT INTO Atm(atm_id,distance,atm_type,address_id) VALUES	(1116,0,'ING',1116);
INSERT INTO GeoLocation(geo_id,lat,lng) VALUES (1117,52.364313,4.855021);
INSERT INTO Address (address_id,street,house_number,postal_code,city_id,geo_id) VALUES (1117,'Postjesweg','78','1057 EE',(select city_id from City where city_name='AMSTERDAM'),1117);
INSERT INTO Atm(atm_id,distance,atm_type,address_id) VALUES	(1117,0,'ING',1117);
INSERT INTO GeoLocation(geo_id,lat,lng) VALUES (1118,52.093128,5.118172);
INSERT INTO Address (address_id,street,house_number,postal_code,city_id,geo_id) VALUES (1118,'Neude','11','3512 AE',(select city_id from City where city_name='UTRECHT'),1118);
INSERT INTO Atm(atm_id,distance,atm_type,address_id) VALUES	(1118,0,'ING',1118);
INSERT INTO GeoLocation(geo_id,lat,lng) VALUES (1119,52.375334,4.873556);
INSERT INTO Address (address_id,street,house_number,postal_code,city_id,geo_id) VALUES (1119,'Frederik Hendrikstraat','81-83','1052 HM',(select city_id from City where city_name='AMSTERDAM'),1119);
INSERT INTO Atm(atm_id,distance,atm_type,address_id) VALUES	(1119,0,'ALBERT_HEIJN',1119);
INSERT INTO GeoLocation(geo_id,lat,lng) VALUES (1120,53.10539,6.880095);
INSERT INTO Address (address_id,street,house_number,postal_code,city_id,geo_id) VALUES (1120,'Veenlustpassage','12','9641 MK',(select city_id from City where city_name='VEENDAM'),1120);
INSERT INTO Atm(atm_id,distance,atm_type,address_id) VALUES	(1120,0,'ALBERT_HEIJN',1120);
INSERT INTO GeoLocation(geo_id,lat,lng) VALUES (1121,52.496776,4.664167);
INSERT INTO Address (address_id,street,house_number,postal_code,city_id,geo_id) VALUES (1121,'Wijkerbaan','2','1945 SE',(select city_id from City where city_name='BEVERWIJK'),1121);
INSERT INTO Atm(atm_id,distance,atm_type,address_id) VALUES	(1121,0,'ALBERT_HEIJN',1121);
INSERT INTO GeoLocation(geo_id,lat,lng) VALUES (1122,52.906006,4.961531);
INSERT INTO Address (address_id,street,house_number,postal_code,city_id,geo_id) VALUES (1122,'Hoofdstraat','37','1777 CA',(select city_id from City where city_name='HIPPOLYTUSHOEF'),1122);
INSERT INTO Atm(atm_id,distance,atm_type,address_id) VALUES	(1122,0,'ING',1122);
INSERT INTO GeoLocation(geo_id,lat,lng) VALUES (1123,52.155225,6.740696);
INSERT INTO Address (address_id,street,house_number,postal_code,city_id,geo_id) VALUES (1123,'Hibbertsstraat','4','7481 JD',(select city_id from City where city_name='HAAKSBERGEN'),1123);
INSERT INTO Atm(atm_id,distance,atm_type,address_id) VALUES	(1123,0,'ING',1123);
INSERT INTO GeoLocation(geo_id,lat,lng) VALUES (1124,52.255026,6.157486);
INSERT INTO Address (address_id,street,house_number,postal_code,city_id,geo_id) VALUES (1124,'Smedenstraat','48','7411 RD',(select city_id from City where city_name='DEVENTER'),1124);
INSERT INTO Atm(atm_id,distance,atm_type,address_id) VALUES	(1124,0,'ING',1124);
INSERT INTO GeoLocation(geo_id,lat,lng) VALUES (1125,52.3017,4.69398);
INSERT INTO Address (address_id,street,house_number,postal_code,city_id,geo_id) VALUES (1125,'Burgemeester van Stamplein','270','2132 BH',(select city_id from City where city_name='HOOFDDORP'),1125);
INSERT INTO Atm(atm_id,distance,atm_type,address_id) VALUES	(1125,0,'ALBERT_HEIJN',1125);
INSERT INTO GeoLocation(geo_id,lat,lng) VALUES (1126,52.336882,5.60819);
INSERT INTO Address (address_id,street,house_number,postal_code,city_id,geo_id) VALUES (1126,'Achterste Wei','9','3844 HR',(select city_id from City where city_name='HARDERWIJK'),1126);
INSERT INTO Atm(atm_id,distance,atm_type,address_id) VALUES	(1126,0,'ING',1126);
INSERT INTO GeoLocation(geo_id,lat,lng) VALUES (1127,50.969768,5.828215);
INSERT INTO Address (address_id,street,house_number,postal_code,city_id,geo_id) VALUES (1127,'Markt','116','6161 GP',(select city_id from City where city_name='GELEEN'),1127);
INSERT INTO Atm(atm_id,distance,atm_type,address_id) VALUES	(1127,0,'ING',1127);
INSERT INTO GeoLocation(geo_id,lat,lng) VALUES (1128,52.350189,5.620395);
INSERT INTO Address (address_id,street,house_number,postal_code,city_id,geo_id) VALUES (1128,'Vuldersbrink','75','3841 AS',(select city_id from City where city_name='HARDERWIJK'),1128);
INSERT INTO Atm(atm_id,distance,atm_type,address_id) VALUES	(1128,0,'ING',1128);
INSERT INTO GeoLocation(geo_id,lat,lng) VALUES (1129,50.926529,5.942093);
INSERT INTO Address (address_id,street,house_number,postal_code,city_id,geo_id) VALUES (1129,'Akerstraat Noord','282','6431 HW',(select city_id from City where city_name='HOENSBROEK'),1129);
INSERT INTO Atm(atm_id,distance,atm_type,address_id) VALUES	(1129,0,'ALBERT_HEIJN',1129);
INSERT INTO GeoLocation(geo_id,lat,lng) VALUES (1130,52.381845,4.855971);
INSERT INTO Address (address_id,street,house_number,postal_code,city_id,geo_id) VALUES (1130,'Bos en Lommerweg','117','1055 DR',(select city_id from City where city_name='AMSTERDAM'),1130);
INSERT INTO Atm(atm_id,distance,atm_type,address_id) VALUES	(1130,0,'ALBERT_HEIJN',1130);
INSERT INTO GeoLocation(geo_id,lat,lng) VALUES (1131,51.548805,5.067383);
INSERT INTO Address (address_id,street,house_number,postal_code,city_id,geo_id) VALUES (1131,'Korvelplein','191','5025 JX',(select city_id from City where city_name='TILBURG'),1131);
INSERT INTO Atm(atm_id,distance,atm_type,address_id) VALUES	(1131,0,'ALBERT_HEIJN',1131);
INSERT INTO GeoLocation(geo_id,lat,lng) VALUES (1132,52.355742,4.910792);
INSERT INTO Address (address_id,street,house_number,postal_code,city_id,geo_id) VALUES (1132,'Wibautstraat','80','1091 GP',(select city_id from City where city_name='AMSTERDAM'),1132);
INSERT INTO Atm(atm_id,distance,atm_type,address_id) VALUES	(1132,0,'ALBERT_HEIJN',1132);
INSERT INTO GeoLocation(geo_id,lat,lng) VALUES (1133,52.559013,5.911938);
INSERT INTO Address (address_id,street,house_number,postal_code,city_id,geo_id) VALUES (1133,'Meeuwenweg','19','8261 VZ',(select city_id from City where city_name='KAMPEN'),1133);
INSERT INTO Atm(atm_id,distance,atm_type,address_id) VALUES	(1133,0,'ALBERT_HEIJN',1133);
INSERT INTO GeoLocation(geo_id,lat,lng) VALUES (1134,52.042054,4.322182);
INSERT INTO Address (address_id,street,house_number,postal_code,city_id,geo_id) VALUES (1134,'Huis te Landelaan','45','2283 VA',(select city_id from City where city_name='RIJSWIJK'),1134);
INSERT INTO Atm(atm_id,distance,atm_type,address_id) VALUES	(1134,0,'ING',1134);
INSERT INTO GeoLocation(geo_id,lat,lng) VALUES (1135,52.068603,4.220592);
INSERT INTO Address (address_id,street,house_number,postal_code,city_id,geo_id) VALUES (1135,'Deltaplein','409','2554 GG',(select city_id from City where city_name='DEN HAAG'),1135);
INSERT INTO Atm(atm_id,distance,atm_type,address_id) VALUES	(1135,0,'ING',1135);
INSERT INTO GeoLocation(geo_id,lat,lng) VALUES (1136,52.603799,4.68794);
INSERT INTO Address (address_id,street,house_number,postal_code,city_id,geo_id) VALUES (1136,'Het Hoekstuk','6','1852 KX',(select city_id from City where city_name='HEILOO'),1136);
INSERT INTO Atm(atm_id,distance,atm_type,address_id) VALUES	(1136,0,'ALBERT_HEIJN',1136);
INSERT INTO GeoLocation(geo_id,lat,lng) VALUES (1137,51.580385,5.193837);
INSERT INTO Address (address_id,street,house_number,postal_code,city_id,geo_id) VALUES (1137,'Dorpsstraat','34','5061 HL',(select city_id from City where city_name='OISTERWIJK'),1137);
INSERT INTO Atm(atm_id,distance,atm_type,address_id) VALUES	(1137,0,'ALBERT_HEIJN',1137);
INSERT INTO GeoLocation(geo_id,lat,lng) VALUES (1138,52.457912,4.799866);
INSERT INTO Address (address_id,street,house_number,postal_code,city_id,geo_id) VALUES (1138,'Molenwerf','20','1541 WR',(select city_id from City where city_name='KOOG AAN DE ZAAN'),1138);
INSERT INTO Atm(atm_id,distance,atm_type,address_id) VALUES	(1138,0,'ING',1138);
INSERT INTO GeoLocation(geo_id,lat,lng) VALUES (1139,52.508901,4.969247);
INSERT INTO Address (address_id,street,house_number,postal_code,city_id,geo_id) VALUES (1139,'John F Kennedyplein','63-67','1443 EB',(select city_id from City where city_name='PURMEREND'),1139);
INSERT INTO Atm(atm_id,distance,atm_type,address_id) VALUES	(1139,0,'ING',1139);
INSERT INTO GeoLocation(geo_id,lat,lng) VALUES (1140,51.832766,4.343289);
INSERT INTO Address (address_id,street,house_number,postal_code,city_id,geo_id) VALUES (1140,'Vlinderveen','423-425','3205 EE',(select city_id from City where city_name='SPIJKENISSE'),1140);
INSERT INTO Atm(atm_id,distance,atm_type,address_id) VALUES	(1140,0,'ING',1140);
INSERT INTO GeoLocation(geo_id,lat,lng) VALUES (1141,51.426602,5.488635);
INSERT INTO Address (address_id,street,house_number,postal_code,city_id,geo_id) VALUES (1141,'Leenderweg','52','5615 AA',(select city_id from City where city_name='EINDHOVEN'),1141);
INSERT INTO Atm(atm_id,distance,atm_type,address_id) VALUES	(1141,0,'ALBERT_HEIJN',1141);
INSERT INTO GeoLocation(geo_id,lat,lng) VALUES (1142,51.945091,4.481572);
INSERT INTO Address (address_id,street,house_number,postal_code,city_id,geo_id) VALUES (1142,'Kleiweg','35','3051 GJ',(select city_id from City where city_name='ROTTERDAM'),1142);
INSERT INTO Atm(atm_id,distance,atm_type,address_id) VALUES	(1142,0,'ALBERT_HEIJN',1142);
INSERT INTO GeoLocation(geo_id,lat,lng) VALUES (1143,52.276454,6.792417);
INSERT INTO Address (address_id,street,house_number,postal_code,city_id,geo_id) VALUES (1143,'Uitslagsweg','91-5','7556 LN',(select city_id from City where city_name='HENGELO'),1143);
INSERT INTO Atm(atm_id,distance,atm_type,address_id) VALUES	(1143,0,'ING',1143);
INSERT INTO GeoLocation(geo_id,lat,lng) VALUES (1144,52.3361967,6.6303632);
INSERT INTO Address (address_id,street,house_number,postal_code,city_id,geo_id) VALUES (1144,'De Gors','27','7609 DZ',(select city_id from City where city_name='ALMELO'),1144);
INSERT INTO Atm(atm_id,distance,atm_type,address_id) VALUES	(1144,0,'ALBERT_HEIJN',1144);
INSERT INTO GeoLocation(geo_id,lat,lng) VALUES (1145,53.330284,6.925017);
INSERT INTO Address (address_id,street,house_number,postal_code,city_id,geo_id) VALUES (1145,'Schoolstraat','34','9934 CD',(select city_id from City where city_name='DELFZIJL'),1145);
INSERT INTO Atm(atm_id,distance,atm_type,address_id) VALUES	(1145,0,'ING',1145);
INSERT INTO GeoLocation(geo_id,lat,lng) VALUES (1146,52.357214,4.897094);
INSERT INTO Address (address_id,street,house_number,postal_code,city_id,geo_id) VALUES (1146,'Stadhouderskade','101','1073 AW',(select city_id from City where city_name='AMSTERDAM'),1146);
INSERT INTO Atm(atm_id,distance,atm_type,address_id) VALUES	(1146,0,'ALBERT_HEIJN',1146);
INSERT INTO GeoLocation(geo_id,lat,lng) VALUES (1147,52.005554,5.084671);
INSERT INTO Address (address_id,street,house_number,postal_code,city_id,geo_id) VALUES (1147,'Hoog Zandveld','14','3434 EE',(select city_id from City where city_name='NIEUWEGEIN'),1147);
INSERT INTO Atm(atm_id,distance,atm_type,address_id) VALUES	(1147,0,'ING',1147);
INSERT INTO GeoLocation(geo_id,lat,lng) VALUES (1148,52.962348,4.775318);
INSERT INTO Address (address_id,street,house_number,postal_code,city_id,geo_id) VALUES (1148,'Het Nieuwe Diep','5','1781 AC',(select city_id from City where city_name='DEN HELDER'),1148);
INSERT INTO Atm(atm_id,distance,atm_type,address_id) VALUES	(1148,0,'ING',1148);
INSERT INTO GeoLocation(geo_id,lat,lng) VALUES (1149,52.087851,5.054624);
INSERT INTO Address (address_id,street,house_number,postal_code,city_id,geo_id) VALUES (1149,'Verlengde Houtrakgracht','389','3544 EC',(select city_id from City where city_name='UTRECHT'),1149);
INSERT INTO Atm(atm_id,distance,atm_type,address_id) VALUES	(1149,0,'ING',1149);
INSERT INTO GeoLocation(geo_id,lat,lng) VALUES (1150,51.931701,4.346158);
INSERT INTO Address (address_id,street,house_number,postal_code,city_id,geo_id) VALUES (1150,'De Loper','85','3137 DD',(select city_id from City where city_name='VLAARDINGEN'),1150);
INSERT INTO Atm(atm_id,distance,atm_type,address_id) VALUES	(1150,0,'ALBERT_HEIJN',1150);
INSERT INTO GeoLocation(geo_id,lat,lng) VALUES (1151,51.795207,4.704737);
INSERT INTO Address (address_id,street,house_number,postal_code,city_id,geo_id) VALUES (1151,'Rechte Zandweg','10','3319 GR',(select city_id from City where city_name='DORDRECHT'),1151);
INSERT INTO Atm(atm_id,distance,atm_type,address_id) VALUES	(1151,0,'ING',1151);
INSERT INTO GeoLocation(geo_id,lat,lng) VALUES (1152,51.995898,5.969157);
INSERT INTO Address (address_id,street,house_number,postal_code,city_id,geo_id) VALUES (1152,'Hoofdstraat','232','6881 TS',(select city_id from City where city_name='VELP'),1152);
INSERT INTO Atm(atm_id,distance,atm_type,address_id) VALUES	(1152,0,'ALBERT_HEIJN',1152);
INSERT INTO GeoLocation(geo_id,lat,lng) VALUES (1153,52.509976,4.673925);
INSERT INTO Address (address_id,street,house_number,postal_code,city_id,geo_id) VALUES (1153,'Gerrit van Assendelftstraat','11','1961 NH',(select city_id from City where city_name='HEEMSKERK'),1153);
INSERT INTO Atm(atm_id,distance,atm_type,address_id) VALUES	(1153,0,'ING',1153);
INSERT INTO GeoLocation(geo_id,lat,lng) VALUES (1154,52.443314,5.844878);
INSERT INTO Address (address_id,street,house_number,postal_code,city_id,geo_id) VALUES (1154,'Zuiderzeestraatweg Oost','88','8081 LE',(select city_id from City where city_name='ELBURG'),1154);
INSERT INTO Atm(atm_id,distance,atm_type,address_id) VALUES	(1154,0,'ING',1154);
INSERT INTO GeoLocation(geo_id,lat,lng) VALUES (1155,52.2088387,5.9437249);
INSERT INTO Address (address_id,street,house_number,postal_code,city_id,geo_id) VALUES (1155,'Schapendoesweg','2','7312 EC',(select city_id from City where city_name='APELDOORN'),1155);
INSERT INTO Atm(atm_id,distance,atm_type,address_id) VALUES	(1155,0,'ALBERT_HEIJN',1155);
INSERT INTO GeoLocation(geo_id,lat,lng) VALUES (1156,52.69202,5.057032);
INSERT INTO Address (address_id,street,house_number,postal_code,city_id,geo_id) VALUES (1156,'Ganker','40','1688 CT',(select city_id from City where city_name='NIBBIXWOUD'),1156);
INSERT INTO Atm(atm_id,distance,atm_type,address_id) VALUES	(1156,0,'ALBERT_HEIJN',1156);
INSERT INTO GeoLocation(geo_id,lat,lng) VALUES (1157,51.855684,4.316538);
INSERT INTO Address (address_id,street,house_number,postal_code,city_id,geo_id) VALUES (1157,'''t Plateau','31','3202 GL',(select city_id from City where city_name='SPIJKENISSE'),1157);
INSERT INTO Atm(atm_id,distance,atm_type,address_id) VALUES	(1157,0,'ALBERT_HEIJN',1157);
INSERT INTO GeoLocation(geo_id,lat,lng) VALUES (1158,52.378978,6.6789122);
INSERT INTO Address (address_id,street,house_number,postal_code,city_id,geo_id) VALUES (1158,'Binnenhof','33','7608 KH',(select city_id from City where city_name='ALMELO'),1158);
INSERT INTO Atm(atm_id,distance,atm_type,address_id) VALUES	(1158,0,'ALBERT_HEIJN',1158);
INSERT INTO GeoLocation(geo_id,lat,lng) VALUES (1159,51.503084,3.887307);
INSERT INTO Address (address_id,street,house_number,postal_code,city_id,geo_id) VALUES (1159,'Kolveniershof','44','4461 DB',(select city_id from City where city_name='GOES'),1159);
INSERT INTO Atm(atm_id,distance,atm_type,address_id) VALUES	(1159,0,'ALBERT_HEIJN',1159);
INSERT INTO GeoLocation(geo_id,lat,lng) VALUES (1160,51.918815,4.260837);
INSERT INTO Address (address_id,street,house_number,postal_code,city_id,geo_id) VALUES (1160,'Mesdaglaan','199','3141 HE',(select city_id from City where city_name='MAASSLUIS'),1160);
INSERT INTO Atm(atm_id,distance,atm_type,address_id) VALUES	(1160,0,'ALBERT_HEIJN',1160);
INSERT INTO GeoLocation(geo_id,lat,lng) VALUES (1161,51.58212,4.583475);
INSERT INTO Address (address_id,street,house_number,postal_code,city_id,geo_id) VALUES (1161,'Sint Janstraat','91','4741 AN',(select city_id from City where city_name='HOEVEN'),1161);
INSERT INTO Atm(atm_id,distance,atm_type,address_id) VALUES	(1161,0,'ALBERT_HEIJN',1161);
INSERT INTO GeoLocation(geo_id,lat,lng) VALUES (1162,51.491464,4.049422);
INSERT INTO Address (address_id,street,house_number,postal_code,city_id,geo_id) VALUES (1162,'Oude Torenstraat','37','4401 EH',(select city_id from City where city_name='YERSEKE'),1162);
INSERT INTO Atm(atm_id,distance,atm_type,address_id) VALUES	(1162,0,'ALBERT_HEIJN',1162);
INSERT INTO GeoLocation(geo_id,lat,lng) VALUES (1163,52.786026,6.113663);
INSERT INTO Address (address_id,street,house_number,postal_code,city_id,geo_id) VALUES (1163,'Kornputsingel','23','8331 JS',(select city_id from City where city_name='STEENWIJK'),1163);
INSERT INTO Atm(atm_id,distance,atm_type,address_id) VALUES	(1163,0,'ING',1163);
INSERT INTO GeoLocation(geo_id,lat,lng) VALUES (1164,51.782045,5.8537);
INSERT INTO Address (address_id,street,house_number,postal_code,city_id,geo_id) VALUES (1164,'Winkelcentrum','19','6581 BV',(select city_id from City where city_name='MALDEN'),1164);
INSERT INTO Atm(atm_id,distance,atm_type,address_id) VALUES	(1164,0,'ALBERT_HEIJN',1164);
INSERT INTO GeoLocation(geo_id,lat,lng) VALUES (1165,51.983726,5.915699);
INSERT INTO Address (address_id,street,house_number,postal_code,city_id,geo_id) VALUES (1165,'Steenstraat','1','6828 CA',(select city_id from City where city_name='ARNHEM'),1165);
INSERT INTO Atm(atm_id,distance,atm_type,address_id) VALUES	(1165,0,'ING',1165);
INSERT INTO GeoLocation(geo_id,lat,lng) VALUES (1166,52.78145,6.893859);
INSERT INTO Address (address_id,street,house_number,postal_code,city_id,geo_id) VALUES (1166,'Baander','165','7811 HT',(select city_id from City where city_name='EMMEN'),1166);
INSERT INTO Atm(atm_id,distance,atm_type,address_id) VALUES	(1166,0,'ALBERT_HEIJN',1166);
INSERT INTO GeoLocation(geo_id,lat,lng) VALUES (1167,52.145,4.674011);
INSERT INTO Address (address_id,street,house_number,postal_code,city_id,geo_id) VALUES (1167,'Ridderhof','2','2402 EN',(select city_id from City where city_name='ALPHEN AAN DEN RIJN'),1167);
INSERT INTO Atm(atm_id,distance,atm_type,address_id) VALUES	(1167,0,'ALBERT_HEIJN',1167);
INSERT INTO GeoLocation(geo_id,lat,lng) VALUES (1168,52.067361,5.199745);
INSERT INTO Address (address_id,street,house_number,postal_code,city_id,geo_id) VALUES (1168,'Van Hardenbroeklaan','3','3981 EN',(select city_id from City where city_name='BUNNIK'),1168);
INSERT INTO Atm(atm_id,distance,atm_type,address_id) VALUES	(1168,0,'ALBERT_HEIJN',1168);
INSERT INTO GeoLocation(geo_id,lat,lng) VALUES (1169,52.1012437,5.0444076);
INSERT INTO Address (address_id,street,house_number,postal_code,city_id,geo_id) VALUES (1169,'Ella Fitzgeraldplein','6','3543 EP',(select city_id from City where city_name='UTRECHT'),1169);
INSERT INTO Atm(atm_id,distance,atm_type,address_id) VALUES	(1169,0,'ALBERT_HEIJN',1169);
INSERT INTO GeoLocation(geo_id,lat,lng) VALUES (1170,52.354472,4.901293);
INSERT INTO Address (address_id,street,house_number,postal_code,city_id,geo_id) VALUES (1170,'Van Woustraat','96','1073 LR',(select city_id from City where city_name='AMSTERDAM'),1170);
INSERT INTO Atm(atm_id,distance,atm_type,address_id) VALUES	(1170,0,'ING',1170);
INSERT INTO GeoLocation(geo_id,lat,lng) VALUES (1171,51.755876,4.150973);
INSERT INTO Address (address_id,street,house_number,postal_code,city_id,geo_id) VALUES (1171,'Dorpsweg','40','3245 VC',(select city_id from City where city_name='SOMMELSDIJK'),1171);
INSERT INTO Atm(atm_id,distance,atm_type,address_id) VALUES	(1171,0,'ALBERT_HEIJN',1171);
INSERT INTO GeoLocation(geo_id,lat,lng) VALUES (1172,52.346015,4.895192);
INSERT INTO Address (address_id,street,house_number,postal_code,city_id,geo_id) VALUES (1172,'Maasstraat','47','1078 HD',(select city_id from City where city_name='AMSTERDAM'),1172);
INSERT INTO Atm(atm_id,distance,atm_type,address_id) VALUES	(1172,0,'ALBERT_HEIJN',1172);
INSERT INTO GeoLocation(geo_id,lat,lng) VALUES (1173,52.300957,6.93586);
INSERT INTO Address (address_id,street,house_number,postal_code,city_id,geo_id) VALUES (1173,'Burgemeester Wallerstraat','131','7574 AM',(select city_id from City where city_name='OLDENZAAL'),1173);
INSERT INTO Atm(atm_id,distance,atm_type,address_id) VALUES	(1173,0,'ALBERT_HEIJN',1173);
INSERT INTO GeoLocation(geo_id,lat,lng) VALUES (1174,51.660303,4.093208);
INSERT INTO Address (address_id,street,house_number,postal_code,city_id,geo_id) VALUES (1174,'Dreef','2','4311 AK',(select city_id from City where city_name='BRUINISSE'),1174);
INSERT INTO Atm(atm_id,distance,atm_type,address_id) VALUES	(1174,0,'ALBERT_HEIJN',1174);
INSERT INTO GeoLocation(geo_id,lat,lng) VALUES (1175,52.455126,5.69332);
INSERT INTO Address (address_id,street,house_number,postal_code,city_id,geo_id) VALUES (1175,'Dreef','1A','8256 AW',(select city_id from City where city_name='BIDDINGHUIZEN'),1175);
INSERT INTO Atm(atm_id,distance,atm_type,address_id) VALUES	(1175,0,'ALBERT_HEIJN',1175);
INSERT INTO GeoLocation(geo_id,lat,lng) VALUES (1176,51.941617,5.893649);
INSERT INTO Address (address_id,street,house_number,postal_code,city_id,geo_id) VALUES (1176,'Op het Toneel','1','6836 ND',(select city_id from City where city_name='ARNHEM'),1176);
INSERT INTO Atm(atm_id,distance,atm_type,address_id) VALUES	(1176,0,'ING',1176);
INSERT INTO GeoLocation(geo_id,lat,lng) VALUES (1177,52.387122,4.622365);
INSERT INTO Address (address_id,street,house_number,postal_code,city_id,geo_id) VALUES (1177,'Spoorwegstraat','1','2015 BL',(select city_id from City where city_name='HAARLEM'),1177);
INSERT INTO Atm(atm_id,distance,atm_type,address_id) VALUES	(1177,0,'ALBERT_HEIJN',1177);
INSERT INTO GeoLocation(geo_id,lat,lng) VALUES (1178,51.857631,4.471583);
INSERT INTO Address (address_id,street,house_number,postal_code,city_id,geo_id) VALUES (1178,'Hof van Portland','12','3162 WJ',(select city_id from City where city_name='RHOON'),1178);
INSERT INTO Atm(atm_id,distance,atm_type,address_id) VALUES	(1178,0,'ALBERT_HEIJN',1178);
INSERT INTO GeoLocation(geo_id,lat,lng) VALUES (1179,52.359679,4.655094);
INSERT INTO Address (address_id,street,house_number,postal_code,city_id,geo_id) VALUES (1179,'Menton Passage','12','2037 AB',(select city_id from City where city_name='HAARLEM'),1179);
INSERT INTO Atm(atm_id,distance,atm_type,address_id) VALUES	(1179,0,'ALBERT_HEIJN',1179);
INSERT INTO GeoLocation(geo_id,lat,lng) VALUES (1180,51.967859,6.296435);
INSERT INTO Address (address_id,street,house_number,postal_code,city_id,geo_id) VALUES (1180,'Rozengaardseweg','18','7001 DP',(select city_id from City where city_name='DOETINCHEM'),1180);
INSERT INTO Atm(atm_id,distance,atm_type,address_id) VALUES	(1180,0,'ALBERT_HEIJN',1180);
INSERT INTO GeoLocation(geo_id,lat,lng) VALUES (1181,52.075693,4.359622);
INSERT INTO Address (address_id,street,house_number,postal_code,city_id,geo_id) VALUES (1181,'Koningin Julianalaan','263','2273 JG',(select city_id from City where city_name='VOORBURG'),1181);
INSERT INTO Atm(atm_id,distance,atm_type,address_id) VALUES	(1181,0,'ALBERT_HEIJN',1181);
INSERT INTO GeoLocation(geo_id,lat,lng) VALUES (1182,51.587434,4.768747);
INSERT INTO Address (address_id,street,house_number,postal_code,city_id,geo_id) VALUES (1182,'Haagdijk','108','4811 TW',(select city_id from City where city_name='BREDA'),1182);
INSERT INTO Atm(atm_id,distance,atm_type,address_id) VALUES	(1182,0,'ALBERT_HEIJN',1182);
INSERT INTO GeoLocation(geo_id,lat,lng) VALUES (1183,52.943882,4.741581);
INSERT INTO Address (address_id,street,house_number,postal_code,city_id,geo_id) VALUES (1183,'Marsdiepstraat','262','1784 HV',(select city_id from City where city_name='DEN HELDER'),1183);
INSERT INTO Atm(atm_id,distance,atm_type,address_id) VALUES	(1183,0,'ALBERT_HEIJN',1183);
INSERT INTO GeoLocation(geo_id,lat,lng) VALUES (1184,52.048925,4.291093);
INSERT INTO Address (address_id,street,house_number,postal_code,city_id,geo_id) VALUES (1184,'Betje Wolffstraat','134','2533 HT',(select city_id from City where city_name='DEN HAAG'),1184);
INSERT INTO Atm(atm_id,distance,atm_type,address_id) VALUES	(1184,0,'ALBERT_HEIJN',1184);
INSERT INTO GeoLocation(geo_id,lat,lng) VALUES (1185,50.884148,5.995894);
INSERT INTO Address (address_id,street,house_number,postal_code,city_id,geo_id) VALUES (1185,'Kerkraderweg','23','6416 CC',(select city_id from City where city_name='HEERLEN'),1185);
INSERT INTO Atm(atm_id,distance,atm_type,address_id) VALUES	(1185,0,'ING',1185);
INSERT INTO GeoLocation(geo_id,lat,lng) VALUES (1186,52.371507,4.857549);
INSERT INTO Address (address_id,street,house_number,postal_code,city_id,geo_id) VALUES (1186,'Jan Evertsenstraat','24','1056 EC',(select city_id from City where city_name='AMSTERDAM'),1186);
INSERT INTO Atm(atm_id,distance,atm_type,address_id) VALUES	(1186,0,'ALBERT_HEIJN',1186);
INSERT INTO GeoLocation(geo_id,lat,lng) VALUES (1187,53.2939498,5.9961575);
INSERT INTO Address (address_id,street,house_number,postal_code,city_id,geo_id) VALUES (1187,'Conradi Veenlandstraat','4','9104 BN',(select city_id from City where city_name='DAMWOUDE'),1187);
INSERT INTO Atm(atm_id,distance,atm_type,address_id) VALUES	(1187,0,'ALBERT_HEIJN',1187);
INSERT INTO GeoLocation(geo_id,lat,lng) VALUES (1188,52.308224,5.035951);
INSERT INTO Address (address_id,street,house_number,postal_code,city_id,geo_id) VALUES (1188,'Buitenveer','25','1381 AB',(select city_id from City where city_name='WEESP'),1188);
INSERT INTO Atm(atm_id,distance,atm_type,address_id) VALUES	(1188,0,'ING',1188);
INSERT INTO GeoLocation(geo_id,lat,lng) VALUES (1189,51.930209,5.712595);
INSERT INTO Address (address_id,street,house_number,postal_code,city_id,geo_id) VALUES (1189,'Beatrixplein','15','6671 KA',(select city_id from City where city_name='ZETTEN'),1189);
INSERT INTO Atm(atm_id,distance,atm_type,address_id) VALUES	(1189,0,'ALBERT_HEIJN',1189);
INSERT INTO GeoLocation(geo_id,lat,lng) VALUES (1190,51.451598,5.472316);
INSERT INTO Address (address_id,street,house_number,postal_code,city_id,geo_id) VALUES (1190,'Woenselse Markt','5','5612 CP',(select city_id from City where city_name='EINDHOVEN'),1190);
INSERT INTO Atm(atm_id,distance,atm_type,address_id) VALUES	(1190,0,'ALBERT_HEIJN',1190);
INSERT INTO GeoLocation(geo_id,lat,lng) VALUES (1191,52.307138,4.760019);
INSERT INTO Address (address_id,street,house_number,postal_code,city_id,geo_id) VALUES (1191,'Aankomstpassage','1','1118 AX',(select city_id from City where city_name='SCHIPHOL'),1191);
INSERT INTO Atm(atm_id,distance,atm_type,address_id) VALUES	(1191,0,'ING',1191);
INSERT INTO GeoLocation(geo_id,lat,lng) VALUES (1192,50.849819,5.689473);
INSERT INTO Address (address_id,street,house_number,postal_code,city_id,geo_id) VALUES (1192,'Grote Staat','54','6211 CS',(select city_id from City where city_name='MAASTRICHT'),1192);
INSERT INTO Atm(atm_id,distance,atm_type,address_id) VALUES	(1192,0,'ING',1192);
INSERT INTO GeoLocation(geo_id,lat,lng) VALUES (1193,52.550939,4.674296);
INSERT INTO Address (address_id,street,house_number,postal_code,city_id,geo_id) VALUES (1193,'Geesterduin','27','1902 EJ',(select city_id from City where city_name='CASTRICUM'),1193);
INSERT INTO Atm(atm_id,distance,atm_type,address_id) VALUES	(1193,0,'ALBERT_HEIJN',1193);
INSERT INTO GeoLocation(geo_id,lat,lng) VALUES (1194,53.231093,6.545238);
INSERT INTO Address (address_id,street,house_number,postal_code,city_id,geo_id) VALUES (1194,'Dierenriemstraat','122','9742 AK',(select city_id from City where city_name='GRONINGEN'),1194);
INSERT INTO Atm(atm_id,distance,atm_type,address_id) VALUES	(1194,0,'ALBERT_HEIJN',1194);
INSERT INTO GeoLocation(geo_id,lat,lng) VALUES (1195,51.572069,4.805414);
INSERT INTO Address (address_id,street,house_number,postal_code,city_id,geo_id) VALUES (1195,'De Burcht','1','4834 HE',(select city_id from City where city_name='BREDA'),1195);
INSERT INTO Atm(atm_id,distance,atm_type,address_id) VALUES	(1195,0,'ALBERT_HEIJN',1195);
INSERT INTO GeoLocation(geo_id,lat,lng) VALUES (1196,52.309577,6.523596);
INSERT INTO Address (address_id,street,house_number,postal_code,city_id,geo_id) VALUES (1196,'Watermolen','2','7461 AZ',(select city_id from City where city_name='RIJSSEN'),1196);
INSERT INTO Atm(atm_id,distance,atm_type,address_id) VALUES	(1196,0,'ALBERT_HEIJN',1196);
INSERT INTO GeoLocation(geo_id,lat,lng) VALUES (1197,52.05361,4.236454);
INSERT INTO Address (address_id,street,house_number,postal_code,city_id,geo_id) VALUES (1197,'Loosduinse Hoofdstraat','212','2552 AM',(select city_id from City where city_name='DEN HAAG'),1197);
INSERT INTO Atm(atm_id,distance,atm_type,address_id) VALUES	(1197,0,'ING',1197);
INSERT INTO GeoLocation(geo_id,lat,lng) VALUES (1198,52.510799,4.667223);
INSERT INTO Address (address_id,street,house_number,postal_code,city_id,geo_id) VALUES (1198,'Kerkweg','85','1961 JB',(select city_id from City where city_name='HEEMSKERK'),1198);
INSERT INTO Atm(atm_id,distance,atm_type,address_id) VALUES	(1198,0,'ALBERT_HEIJN',1198);
INSERT INTO GeoLocation(geo_id,lat,lng) VALUES (1199,52.354964,4.900921);
INSERT INTO Address (address_id,street,house_number,postal_code,city_id,geo_id) VALUES (1199,'Van Woustraat','90','1073 LP',(select city_id from City where city_name='AMSTERDAM'),1199);
INSERT INTO Atm(atm_id,distance,atm_type,address_id) VALUES	(1199,0,'ING',1199);
INSERT INTO GeoLocation(geo_id,lat,lng) VALUES (1200,51.962855,4.55341);
INSERT INTO Address (address_id,street,house_number,postal_code,city_id,geo_id) VALUES (1200,'Hesseplaats','35-37','3069 EA',(select city_id from City where city_name='ROTTERDAM'),1200);
INSERT INTO Atm(atm_id,distance,atm_type,address_id) VALUES	(1200,0,'ING',1200);
INSERT INTO GeoLocation(geo_id,lat,lng) VALUES (1201,51.941777,6.068923);
INSERT INTO Address (address_id,street,house_number,postal_code,city_id,geo_id) VALUES (1201,'Hunneveldweg','14A','6903 ZN',(select city_id from City where city_name='ZEVENAAR'),1201);
INSERT INTO Atm(atm_id,distance,atm_type,address_id) VALUES	(1201,0,'ING',1201);
INSERT INTO GeoLocation(geo_id,lat,lng) VALUES (1202,51.822592,5.794669);
INSERT INTO Address (address_id,street,house_number,postal_code,city_id,geo_id) VALUES (1202,'Zwanenveld','9014','6538 SB',(select city_id from City where city_name='NIJMEGEN'),1202);
INSERT INTO Atm(atm_id,distance,atm_type,address_id) VALUES	(1202,0,'ING',1202);
INSERT INTO GeoLocation(geo_id,lat,lng) VALUES (1203,52.637546,4.739839);
INSERT INTO Address (address_id,street,house_number,postal_code,city_id,geo_id) VALUES (1203,'Stationsweg','43A','1815 CB',(select city_id from City where city_name='ALKMAAR'),1203);
INSERT INTO Atm(atm_id,distance,atm_type,address_id) VALUES	(1203,0,'ING',1203);
INSERT INTO GeoLocation(geo_id,lat,lng) VALUES (1204,52.397364,4.939704);
INSERT INTO Address (address_id,street,house_number,postal_code,city_id,geo_id) VALUES (1204,'Buikslotermeerplein','310','1025 GB',(select city_id from City where city_name='AMSTERDAM'),1204);
INSERT INTO Atm(atm_id,distance,atm_type,address_id) VALUES	(1204,0,'ALBERT_HEIJN',1204);
INSERT INTO GeoLocation(geo_id,lat,lng) VALUES (1205,51.422994,5.405168);
INSERT INTO Address (address_id,street,house_number,postal_code,city_id,geo_id) VALUES (1205,'De Reijenburg','33','5501 LD',(select city_id from City where city_name='VELDHOVEN'),1205);
INSERT INTO Atm(atm_id,distance,atm_type,address_id) VALUES	(1205,0,'ING',1205);
INSERT INTO GeoLocation(geo_id,lat,lng) VALUES (1206,51.855884,4.536979);
INSERT INTO Address (address_id,street,house_number,postal_code,city_id,geo_id) VALUES (1206,'Middenbaan','97','2991 CS',(select city_id from City where city_name='BARENDRECHT'),1206);
INSERT INTO Atm(atm_id,distance,atm_type,address_id) VALUES	(1206,0,'ALBERT_HEIJN',1206);
INSERT INTO GeoLocation(geo_id,lat,lng) VALUES (1207,51.563306,5.074364);
INSERT INTO Address (address_id,street,house_number,postal_code,city_id,geo_id) VALUES (1207,'Jan Heijnsstraat','10','5041 GB',(select city_id from City where city_name='TILBURG'),1207);
INSERT INTO Atm(atm_id,distance,atm_type,address_id) VALUES	(1207,0,'ALBERT_HEIJN',1207);
INSERT INTO GeoLocation(geo_id,lat,lng) VALUES (1208,51.496066,5.394495);
INSERT INTO Address (address_id,street,house_number,postal_code,city_id,geo_id) VALUES (1208,'Wilhelminaplein','6','5684 VK',(select city_id from City where city_name='BEST'),1208);
INSERT INTO Atm(atm_id,distance,atm_type,address_id) VALUES	(1208,0,'ALBERT_HEIJN',1208);
INSERT INTO GeoLocation(geo_id,lat,lng) VALUES (1209,52.379665,4.83135);
INSERT INTO Address (address_id,street,house_number,postal_code,city_id,geo_id) VALUES (1209,'Burgemeester de Vlugtlaan','71','1063 BH',(select city_id from City where city_name='AMSTERDAM'),1209);
INSERT INTO Atm(atm_id,distance,atm_type,address_id) VALUES	(1209,0,'ING',1209);
INSERT INTO GeoLocation(geo_id,lat,lng) VALUES (1210,52.113196,4.282657);
INSERT INTO Address (address_id,street,house_number,postal_code,city_id,geo_id) VALUES (1210,'Gevers Deynootplein','102','2586 CP',(select city_id from City where city_name='DEN HAAG'),1210);
INSERT INTO Atm(atm_id,distance,atm_type,address_id) VALUES	(1210,0,'ING',1210);
INSERT INTO GeoLocation(geo_id,lat,lng) VALUES (1211,51.588332,5.324485);
INSERT INTO Address (address_id,street,house_number,postal_code,city_id,geo_id) VALUES (1211,'Molenstraat','2','5281 JP',(select city_id from City where city_name='BOXTEL'),1211);
INSERT INTO Atm(atm_id,distance,atm_type,address_id) VALUES	(1211,0,'ING',1211);
INSERT INTO GeoLocation(geo_id,lat,lng) VALUES (1212,52.091109,4.963462);
INSERT INTO Address (address_id,street,house_number,postal_code,city_id,geo_id) VALUES (1212,'Kalverstraat','6','3481 ES',(select city_id from City where city_name='HARMELEN'),1212);
INSERT INTO Atm(atm_id,distance,atm_type,address_id) VALUES	(1212,0,'ING',1212);
INSERT INTO GeoLocation(geo_id,lat,lng) VALUES (1213,51.578257,4.739235);
INSERT INTO Address (address_id,street,house_number,postal_code,city_id,geo_id) VALUES (1213,'Pastoor van Spaandonkstraat','48','4813 BS',(select city_id from City where city_name='BREDA'),1213);
INSERT INTO Atm(atm_id,distance,atm_type,address_id) VALUES	(1213,0,'ALBERT_HEIJN',1213);
INSERT INTO GeoLocation(geo_id,lat,lng) VALUES (1214,52.222213,5.488835);
INSERT INTO Address (address_id,street,house_number,postal_code,city_id,geo_id) VALUES (1214,'Spoorstraat','2','3862 AD',(select city_id from City where city_name='NIJKERK'),1214);
INSERT INTO Atm(atm_id,distance,atm_type,address_id) VALUES	(1214,0,'ING',1214);
INSERT INTO GeoLocation(geo_id,lat,lng) VALUES (1215,51.488332,5.440862);
INSERT INTO Address (address_id,street,house_number,postal_code,city_id,geo_id) VALUES (1215,'Ardechelaan','15','5627 EM',(select city_id from City where city_name='EINDHOVEN'),1215);
INSERT INTO Atm(atm_id,distance,atm_type,address_id) VALUES	(1215,0,'ING',1215);
INSERT INTO GeoLocation(geo_id,lat,lng) VALUES (1216,52.215039,5.13941);
INSERT INTO Address (address_id,street,house_number,postal_code,city_id,geo_id) VALUES (1216,'Kapittelweg','105','1216 HX',(select city_id from City where city_name='HILVERSUM'),1216);
INSERT INTO Atm(atm_id,distance,atm_type,address_id) VALUES	(1216,0,'ALBERT_HEIJN',1216);
INSERT INTO GeoLocation(geo_id,lat,lng) VALUES (1217,51.770308,5.567401);
INSERT INTO Address (address_id,street,house_number,postal_code,city_id,geo_id) VALUES (1217,'Sint Willibrordusstraat','45','5351 EE',(select city_id from City where city_name='BERGHEM'),1217);
INSERT INTO Atm(atm_id,distance,atm_type,address_id) VALUES	(1217,0,'ALBERT_HEIJN',1217);
INSERT INTO GeoLocation(geo_id,lat,lng) VALUES (1218,52.369851,4.881843);
INSERT INTO Address (address_id,street,house_number,postal_code,city_id,geo_id) VALUES (1218,'Elandsgracht','13','1016 TM',(select city_id from City where city_name='AMSTERDAM'),1218);
INSERT INTO Atm(atm_id,distance,atm_type,address_id) VALUES	(1218,0,'ALBERT_HEIJN',1218);
INSERT INTO GeoLocation(geo_id,lat,lng) VALUES (1219,52.552996,5.900498);
INSERT INTO Address (address_id,street,house_number,postal_code,city_id,geo_id) VALUES (1219,'Penningkruid','25','8265 EX',(select city_id from City where city_name='KAMPEN'),1219);
INSERT INTO Atm(atm_id,distance,atm_type,address_id) VALUES	(1219,0,'ING',1219);
INSERT INTO GeoLocation(geo_id,lat,lng) VALUES (1220,52.078209,4.31081);
INSERT INTO Address (address_id,street,house_number,postal_code,city_id,geo_id) VALUES (1220,'Passage','20','2511 AD',(select city_id from City where city_name='DEN HAAG'),1220);
INSERT INTO Atm(atm_id,distance,atm_type,address_id) VALUES	(1220,0,'ING',1220);
INSERT INTO GeoLocation(geo_id,lat,lng) VALUES (1221,52.128297,5.210706);
INSERT INTO Address (address_id,street,house_number,postal_code,city_id,geo_id) VALUES (1221,'De Kwinkelier','30','3722 AR',(select city_id from City where city_name='BILTHOVEN'),1221);
INSERT INTO Atm(atm_id,distance,atm_type,address_id) VALUES	(1221,0,'ALBERT_HEIJN',1221);
INSERT INTO GeoLocation(geo_id,lat,lng) VALUES (1222,52.36139,4.939421);
INSERT INTO Address (address_id,street,house_number,postal_code,city_id,geo_id) VALUES (1222,'Insulindeweg','478','1094 MH',(select city_id from City where city_name='AMSTERDAM'),1222);
INSERT INTO Atm(atm_id,distance,atm_type,address_id) VALUES	(1222,0,'ING',1222);
INSERT INTO GeoLocation(geo_id,lat,lng) VALUES (1223,51.492225,4.274877);
INSERT INTO Address (address_id,street,house_number,postal_code,city_id,geo_id) VALUES (1223,'Markiezaatsweg','3','4615 PA',(select city_id from City where city_name='BERGEN OP ZOOM'),1223);
INSERT INTO Atm(atm_id,distance,atm_type,address_id) VALUES	(1223,0,'ALBERT_HEIJN',1223);
INSERT INTO GeoLocation(geo_id,lat,lng) VALUES (1224,52.3907,4.87877);
INSERT INTO Address (address_id,street,house_number,postal_code,city_id,geo_id) VALUES (1224,'Nova Zemblastraat','565','1013 RJ',(select city_id from City where city_name='AMSTERDAM'),1224);
INSERT INTO Atm(atm_id,distance,atm_type,address_id) VALUES	(1224,0,'ING',1224);
INSERT INTO GeoLocation(geo_id,lat,lng) VALUES (1225,51.396208,3.560461);
INSERT INTO Address (address_id,street,house_number,postal_code,city_id,geo_id) VALUES (1225,'Spuiplein','53','4511 AP',(select city_id from City where city_name='BRESKENS'),1225);
INSERT INTO Atm(atm_id,distance,atm_type,address_id) VALUES	(1225,0,'ING',1225);
INSERT INTO GeoLocation(geo_id,lat,lng) VALUES (1226,51.894152,4.467324);
INSERT INTO Address (address_id,street,house_number,postal_code,city_id,geo_id) VALUES (1226,'Wolphaertsbocht','37','3082 AB',(select city_id from City where city_name='ROTTERDAM'),1226);
INSERT INTO Atm(atm_id,distance,atm_type,address_id) VALUES	(1226,0,'ING',1226);
INSERT INTO GeoLocation(geo_id,lat,lng) VALUES (1227,51.836819,4.992815);
INSERT INTO Address (address_id,street,house_number,postal_code,city_id,geo_id) VALUES (1227,'Wiardi Beckmanplein','37','4207 NA',(select city_id from City where city_name='GORINCHEM'),1227);
INSERT INTO Atm(atm_id,distance,atm_type,address_id) VALUES	(1227,0,'ING',1227);
INSERT INTO GeoLocation(geo_id,lat,lng) VALUES (1228,51.691198,5.291391);
INSERT INTO Address (address_id,street,house_number,postal_code,city_id,geo_id) VALUES (1228,'Leeghwaterlaan','131','5223 DS',(select city_id from City where city_name='DEN BOSCH'),1228);
INSERT INTO Atm(atm_id,distance,atm_type,address_id) VALUES	(1228,0,'ING',1228);
INSERT INTO GeoLocation(geo_id,lat,lng) VALUES (1229,51.983299,5.953547);
INSERT INTO Address (address_id,street,house_number,postal_code,city_id,geo_id) VALUES (1229,'Lange Wal','51','6826 NA',(select city_id from City where city_name='ARNHEM'),1229);
INSERT INTO Atm(atm_id,distance,atm_type,address_id) VALUES	(1229,0,'ING',1229);
INSERT INTO GeoLocation(geo_id,lat,lng) VALUES (1230,52.958401,4.762813);
INSERT INTO Address (address_id,street,house_number,postal_code,city_id,geo_id) VALUES (1230,'Keizerstraat','32','1781 GG',(select city_id from City where city_name='DEN HELDER'),1230);
INSERT INTO Atm(atm_id,distance,atm_type,address_id) VALUES	(1230,0,'ING',1230);
INSERT INTO GeoLocation(geo_id,lat,lng) VALUES (1231,51.909337,4.31644);
INSERT INTO Address (address_id,street,house_number,postal_code,city_id,geo_id) VALUES (1231,'Doctor Wiardi Beckmansingel','10','3132 CX',(select city_id from City where city_name='VLAARDINGEN'),1231);
INSERT INTO Atm(atm_id,distance,atm_type,address_id) VALUES	(1231,0,'ALBERT_HEIJN',1231);
INSERT INTO GeoLocation(geo_id,lat,lng) VALUES (1232,52.513922,5.503011);
INSERT INTO Address (address_id,street,house_number,postal_code,city_id,geo_id) VALUES (1232,'Voorhof','12','8212 CA',(select city_id from City where city_name='LELYSTAD'),1232);
INSERT INTO Atm(atm_id,distance,atm_type,address_id) VALUES	(1232,0,'ALBERT_HEIJN',1232);
INSERT INTO GeoLocation(geo_id,lat,lng) VALUES (1233,52.439183,4.822765);
INSERT INTO Address (address_id,street,house_number,postal_code,city_id,geo_id) VALUES (1233,'Rozengracht','140','1506 SE',(select city_id from City where city_name='ZAANDAM'),1233);
INSERT INTO Atm(atm_id,distance,atm_type,address_id) VALUES	(1233,0,'ING',1233);
INSERT INTO GeoLocation(geo_id,lat,lng) VALUES (1234,52.050936,5.646445);
INSERT INTO Address (address_id,street,house_number,postal_code,city_id,geo_id) VALUES (1234,'Parkweide','14','6718 DJ',(select city_id from City where city_name='EDE'),1234);
INSERT INTO Atm(atm_id,distance,atm_type,address_id) VALUES	(1234,0,'ALBERT_HEIJN',1234);
INSERT INTO GeoLocation(geo_id,lat,lng) VALUES (1235,51.989231,4.50165);
INSERT INTO Address (address_id,street,house_number,postal_code,city_id,geo_id) VALUES (1235,'Dorpsstraat','56','2661 CH',(select city_id from City where city_name='BERGSCHENHOEK'),1235);
INSERT INTO Atm(atm_id,distance,atm_type,address_id) VALUES	(1235,0,'ING',1235);
INSERT INTO GeoLocation(geo_id,lat,lng) VALUES (1236,52.159835,5.366738);
INSERT INTO Address (address_id,street,house_number,postal_code,city_id,geo_id) VALUES (1236,'Noordewierweg','113','3812 DD',(select city_id from City where city_name='AMERSFOORT'),1236);
INSERT INTO Atm(atm_id,distance,atm_type,address_id) VALUES	(1236,0,'ALBERT_HEIJN',1236);
INSERT INTO GeoLocation(geo_id,lat,lng) VALUES (1237,52.044038,4.259006);
INSERT INTO Address (address_id,street,house_number,postal_code,city_id,geo_id) VALUES (1237,'De Stede','26','2543 BG',(select city_id from City where city_name='DEN HAAG'),1237);
INSERT INTO Atm(atm_id,distance,atm_type,address_id) VALUES	(1237,0,'ING',1237);
INSERT INTO GeoLocation(geo_id,lat,lng) VALUES (1238,52.953514,4.763061);
INSERT INTO Address (address_id,street,house_number,postal_code,city_id,geo_id) VALUES (1238,'Meeuwenstraat','2','1781 XA',(select city_id from City where city_name='DEN HELDER'),1238);
INSERT INTO Atm(atm_id,distance,atm_type,address_id) VALUES	(1238,0,'ALBERT_HEIJN',1238);
INSERT INTO GeoLocation(geo_id,lat,lng) VALUES (1239,51.581855,4.797323);
INSERT INTO Address (address_id,street,house_number,postal_code,city_id,geo_id) VALUES (1239,'Molengracht','21','4818 CK',(select city_id from City where city_name='BREDA'),1239);
INSERT INTO Atm(atm_id,distance,atm_type,address_id) VALUES	(1239,0,'ING',1239);
INSERT INTO GeoLocation(geo_id,lat,lng) VALUES (1240,52.225624,5.957113);
INSERT INTO Address (address_id,street,house_number,postal_code,city_id,geo_id) VALUES (1240,'Koninginnelaan','58','7315 BT',(select city_id from City where city_name='APELDOORN'),1240);
INSERT INTO Atm(atm_id,distance,atm_type,address_id) VALUES	(1240,0,'ING',1240);
INSERT INTO GeoLocation(geo_id,lat,lng) VALUES (1241,52.066467,4.478742);
INSERT INTO Address (address_id,street,house_number,postal_code,city_id,geo_id) VALUES (1241,'Kentgensplein','24','2717 HS',(select city_id from City where city_name='ZOETERMEER'),1241);
INSERT INTO Atm(atm_id,distance,atm_type,address_id) VALUES	(1241,0,'ING',1241);
INSERT INTO GeoLocation(geo_id,lat,lng) VALUES (1242,52.526536,6.082682);
INSERT INTO Address (address_id,street,house_number,postal_code,city_id,geo_id) VALUES (1242,'Bachplein','16','8031 HR',(select city_id from City where city_name='ZWOLLE'),1242);
INSERT INTO Atm(atm_id,distance,atm_type,address_id) VALUES	(1242,0,'ING',1242);
INSERT INTO GeoLocation(geo_id,lat,lng) VALUES (1243,52.374129,4.937545);
INSERT INTO Address (address_id,street,house_number,postal_code,city_id,geo_id) VALUES (1243,'Oostelijke Handelskade','1047','1019 BW',(select city_id from City where city_name='AMSTERDAM'),1243);
INSERT INTO Atm(atm_id,distance,atm_type,address_id) VALUES	(1243,0,'ING',1243);
INSERT INTO GeoLocation(geo_id,lat,lng) VALUES (1244,51.880891,5.510292);
INSERT INTO Address (address_id,street,house_number,postal_code,city_id,geo_id) VALUES (1244,'Zandstraat','127B','6658 CR',(select city_id from City where city_name='BENEDEN-LEEUWEN'),1244);
INSERT INTO Atm(atm_id,distance,atm_type,address_id) VALUES	(1244,0,'ING',1244);
INSERT INTO GeoLocation(geo_id,lat,lng) VALUES (1245,51.696746,5.972853);
INSERT INTO Address (address_id,street,house_number,postal_code,city_id,geo_id) VALUES (1245,'Wilhelminaplein','4','6591 GX',(select city_id from City where city_name='GENNEP'),1245);
INSERT INTO Atm(atm_id,distance,atm_type,address_id) VALUES	(1245,0,'ALBERT_HEIJN',1245);
INSERT INTO GeoLocation(geo_id,lat,lng) VALUES (1246,51.874406,4.466885);
INSERT INTO Address (address_id,street,house_number,postal_code,city_id,geo_id) VALUES (1246,'Krabbendijkestraat','10','3086 LW',(select city_id from City where city_name='ROTTERDAM'),1246);
INSERT INTO Atm(atm_id,distance,atm_type,address_id) VALUES	(1246,0,'ALBERT_HEIJN',1246);
INSERT INTO GeoLocation(geo_id,lat,lng) VALUES (1247,52.026582,5.161939);
INSERT INTO Address (address_id,street,house_number,postal_code,city_id,geo_id) VALUES (1247,'Plein','13','3991 DK',(select city_id from City where city_name='HOUTEN'),1247);
INSERT INTO Atm(atm_id,distance,atm_type,address_id) VALUES	(1247,0,'ALBERT_HEIJN',1247);
INSERT INTO GeoLocation(geo_id,lat,lng) VALUES (1248,51.904039,4.459056);
INSERT INTO Address (address_id,street,house_number,postal_code,city_id,geo_id) VALUES (1248,'Sint-Jobsweg','116','3024 EJ',(select city_id from City where city_name='ROTTERDAM'),1248);
INSERT INTO Atm(atm_id,distance,atm_type,address_id) VALUES	(1248,0,'ALBERT_HEIJN',1248);
INSERT INTO GeoLocation(geo_id,lat,lng) VALUES (1249,52.229789,4.441015);
INSERT INTO Address (address_id,street,house_number,postal_code,city_id,geo_id) VALUES (1249,'Bonnikeplein','2','2201 XA',(select city_id from City where city_name='NOORDWIJK'),1249);
INSERT INTO Atm(atm_id,distance,atm_type,address_id) VALUES	(1249,0,'ALBERT_HEIJN',1249);
INSERT INTO GeoLocation(geo_id,lat,lng) VALUES (1250,52.284234,6.829529);
INSERT INTO Address (address_id,street,house_number,postal_code,city_id,geo_id) VALUES (1250,'Christiaan Langefeldstraat','83','7558 CZ',(select city_id from City where city_name='HENGELO'),1250);
INSERT INTO Atm(atm_id,distance,atm_type,address_id) VALUES	(1250,0,'ALBERT_HEIJN',1250);
INSERT INTO GeoLocation(geo_id,lat,lng) VALUES (1251,52.378952,4.750236);
INSERT INTO Address (address_id,street,house_number,postal_code,city_id,geo_id) VALUES (1251,'Dennenlaan','45','1161 CL',(select city_id from City where city_name='ZWANENBURG'),1251);
INSERT INTO Atm(atm_id,distance,atm_type,address_id) VALUES	(1251,0,'ALBERT_HEIJN',1251);
INSERT INTO GeoLocation(geo_id,lat,lng) VALUES (1252,52.128558,4.588271);
INSERT INTO Address (address_id,street,house_number,postal_code,city_id,geo_id) VALUES (1252,'Da Costasingel','6','2394 BG',(select city_id from City where city_name='HAZERSWOUDE-RIJNDIJK'),1252);
INSERT INTO Atm(atm_id,distance,atm_type,address_id) VALUES	(1252,0,'ING',1252);
INSERT INTO GeoLocation(geo_id,lat,lng) VALUES (1253,52.096088,5.107762);
INSERT INTO Address (address_id,street,house_number,postal_code,city_id,geo_id) VALUES (1253,'Amsterdamsestraatweg','56','3513 AH',(select city_id from City where city_name='UTRECHT'),1253);
INSERT INTO Atm(atm_id,distance,atm_type,address_id) VALUES	(1253,0,'ALBERT_HEIJN',1253);
INSERT INTO GeoLocation(geo_id,lat,lng) VALUES (1254,51.49606,3.607443);
INSERT INTO Address (address_id,street,house_number,postal_code,city_id,geo_id) VALUES (1254,'Pottenbakkerssingel','2','4331 NA',(select city_id from City where city_name='MIDDELBURG'),1254);
INSERT INTO Atm(atm_id,distance,atm_type,address_id) VALUES	(1254,0,'ALBERT_HEIJN',1254);
INSERT INTO GeoLocation(geo_id,lat,lng) VALUES (1255,52.379914,4.823107);
INSERT INTO Address (address_id,street,house_number,postal_code,city_id,geo_id) VALUES (1255,'Willem Kraanstraat','2','1063 MG',(select city_id from City where city_name='AMSTERDAM'),1255);
INSERT INTO Atm(atm_id,distance,atm_type,address_id) VALUES	(1255,0,'ALBERT_HEIJN',1255);
INSERT INTO GeoLocation(geo_id,lat,lng) VALUES (1256,52.38478,4.670487);
INSERT INTO Address (address_id,street,house_number,postal_code,city_id,geo_id) VALUES (1256,'Laan van Decima','1','2031 CX',(select city_id from City where city_name='HAARLEM'),1256);
INSERT INTO Atm(atm_id,distance,atm_type,address_id) VALUES	(1256,0,'ING',1256);
INSERT INTO GeoLocation(geo_id,lat,lng) VALUES (1257,51.916158,4.359474);
INSERT INTO Address (address_id,street,house_number,postal_code,city_id,geo_id) VALUES (1257,'Van Hogendorplaan','95A','3135 BH',(select city_id from City where city_name='VLAARDINGEN'),1257);
INSERT INTO Atm(atm_id,distance,atm_type,address_id) VALUES	(1257,0,'ING',1257);
INSERT INTO GeoLocation(geo_id,lat,lng) VALUES (1258,52.3699365,5.2175526);
INSERT INTO Address (address_id,street,house_number,postal_code,city_id,geo_id) VALUES (1258,'De Diagonaal','26','1315 XE',(select city_id from City where city_name='ALMERE'),1258);
INSERT INTO Atm(atm_id,distance,atm_type,address_id) VALUES	(1258,0,'ING',1258);
INSERT INTO GeoLocation(geo_id,lat,lng) VALUES (1259,53.032507,5.667217);
INSERT INTO Address (address_id,street,house_number,postal_code,city_id,geo_id) VALUES (1259,'Oppenhuizerweg','2','8606 AS',(select city_id from City where city_name='SNEEK'),1259);
INSERT INTO Atm(atm_id,distance,atm_type,address_id) VALUES	(1259,0,'ING',1259);
INSERT INTO GeoLocation(geo_id,lat,lng) VALUES (1260,52.061477,4.298035);
INSERT INTO Address (address_id,street,house_number,postal_code,city_id,geo_id) VALUES (1260,'Kaapseplein','125','2572 NH',(select city_id from City where city_name='DEN HAAG'),1260);
INSERT INTO Atm(atm_id,distance,atm_type,address_id) VALUES	(1260,0,'ING',1260);
INSERT INTO GeoLocation(geo_id,lat,lng) VALUES (1261,52.111805,4.287714);
INSERT INTO Address (address_id,street,house_number,postal_code,city_id,geo_id) VALUES (1261,'Amsterdamsestraat','9','2587 CN',(select city_id from City where city_name='DEN HAAG'),1261);
INSERT INTO Atm(atm_id,distance,atm_type,address_id) VALUES	(1261,0,'ALBERT_HEIJN',1261);
INSERT INTO GeoLocation(geo_id,lat,lng) VALUES (1262,51.953128,4.584478);
INSERT INTO Address (address_id,street,house_number,postal_code,city_id,geo_id) VALUES (1262,'Picassopassage','26','2907 ME',(select city_id from City where city_name='CAPELLE AAN DEN IJSSEL'),1262);
INSERT INTO Atm(atm_id,distance,atm_type,address_id) VALUES	(1262,0,'ING',1262);
INSERT INTO GeoLocation(geo_id,lat,lng) VALUES (1263,52.081477,4.323405);
INSERT INTO Address (address_id,street,house_number,postal_code,city_id,geo_id) VALUES (1263,'Koningin Julianaplein','10','2595 AA',(select city_id from City where city_name='DEN HAAG'),1263);
INSERT INTO Atm(atm_id,distance,atm_type,address_id) VALUES	(1263,0,'ING',1263);
INSERT INTO GeoLocation(geo_id,lat,lng) VALUES (1264,51.560004,5.083458);
INSERT INTO Address (address_id,street,house_number,postal_code,city_id,geo_id) VALUES (1264,'Spoorlaan','420','5038 CG',(select city_id from City where city_name='TILBURG'),1264);
INSERT INTO Atm(atm_id,distance,atm_type,address_id) VALUES	(1264,0,'ING',1264);
INSERT INTO GeoLocation(geo_id,lat,lng) VALUES (1265,52.066022,4.282215);
INSERT INTO Address (address_id,street,house_number,postal_code,city_id,geo_id) VALUES (1265,'Dierenselaan','248','2573 KP',(select city_id from City where city_name='DEN HAAG'),1265);
INSERT INTO Atm(atm_id,distance,atm_type,address_id) VALUES	(1265,0,'ING',1265);
INSERT INTO GeoLocation(geo_id,lat,lng) VALUES (1266,52.498154,5.052471);
INSERT INTO Address (address_id,street,house_number,postal_code,city_id,geo_id) VALUES (1266,'De Stient','22','1132 BE',(select city_id from City where city_name='VOLENDAM'),1266);
INSERT INTO Atm(atm_id,distance,atm_type,address_id) VALUES	(1266,0,'ING',1266);
INSERT INTO GeoLocation(geo_id,lat,lng) VALUES (1267,50.845184,5.684402);
INSERT INTO Address (address_id,street,house_number,postal_code,city_id,geo_id) VALUES (1267,'Tongersestraat','53','6211 LM',(select city_id from City where city_name='MAASTRICHT'),1267);
INSERT INTO Atm(atm_id,distance,atm_type,address_id) VALUES	(1267,0,'ING',1267);
INSERT INTO GeoLocation(geo_id,lat,lng) VALUES (1268,52.052136,5.281592);
INSERT INTO Address (address_id,street,house_number,postal_code,city_id,geo_id) VALUES (1268,'Hoofdstraat','158A','3972 LE',(select city_id from City where city_name='DRIEBERGEN-RIJSENBURG'),1268);
INSERT INTO Atm(atm_id,distance,atm_type,address_id) VALUES	(1268,0,'ING',1268);
INSERT INTO GeoLocation(geo_id,lat,lng) VALUES (1269,51.606826,4.789606);
INSERT INTO Address (address_id,street,house_number,postal_code,city_id,geo_id) VALUES (1269,'Moerwijk','2','4826 HN',(select city_id from City where city_name='BREDA'),1269);
INSERT INTO Atm(atm_id,distance,atm_type,address_id) VALUES	(1269,0,'ALBERT_HEIJN',1269);
INSERT INTO GeoLocation(geo_id,lat,lng) VALUES (1270,52.06224,4.269079);
INSERT INTO Address (address_id,street,house_number,postal_code,city_id,geo_id) VALUES (1270,'Volendamlaan','670','2547 CK',(select city_id from City where city_name='DEN HAAG'),1270);
INSERT INTO Atm(atm_id,distance,atm_type,address_id) VALUES	(1270,0,'ING',1270);
INSERT INTO GeoLocation(geo_id,lat,lng) VALUES (1271,51.9501875,4.5536472);
INSERT INTO Address (address_id,street,house_number,postal_code,city_id,geo_id) VALUES (1271,'Poolsterstraat','40','3067 LX',(select city_id from City where city_name='ROTTERDAM'),1271);
INSERT INTO Atm(atm_id,distance,atm_type,address_id) VALUES	(1271,0,'ALBERT_HEIJN',1271);
INSERT INTO GeoLocation(geo_id,lat,lng) VALUES (1272,52.062106,4.270118);
INSERT INTO Address (address_id,street,house_number,postal_code,city_id,geo_id) VALUES (1272,'Escamplaan','281','2547 EA',(select city_id from City where city_name='DEN HAAG'),1272);
INSERT INTO Atm(atm_id,distance,atm_type,address_id) VALUES	(1272,0,'ALBERT_HEIJN',1272);
INSERT INTO GeoLocation(geo_id,lat,lng) VALUES (1273,51.998392,5.67547);
INSERT INTO Address (address_id,street,house_number,postal_code,city_id,geo_id) VALUES (1273,'Dorpsstraat','36','6721 JL',(select city_id from City where city_name='BENNEKOM'),1273);
INSERT INTO Atm(atm_id,distance,atm_type,address_id) VALUES	(1273,0,'ALBERT_HEIJN',1273);
INSERT INTO GeoLocation(geo_id,lat,lng) VALUES (1274,51.812628,5.84688);
INSERT INTO Address (address_id,street,house_number,postal_code,city_id,geo_id) VALUES (1274,'Sint Jacobslaan','434-436','6533 VX',(select city_id from City where city_name='NIJMEGEN'),1274);
INSERT INTO Atm(atm_id,distance,atm_type,address_id) VALUES	(1274,0,'ING',1274);
INSERT INTO GeoLocation(geo_id,lat,lng) VALUES (1275,52.342526,5.201663);
INSERT INTO Address (address_id,street,house_number,postal_code,city_id,geo_id) VALUES (1275,'Meerveldplein','3','1359 HM',(select city_id from City where city_name='ALMERE'),1275);
INSERT INTO Atm(atm_id,distance,atm_type,address_id) VALUES	(1275,0,'ALBERT_HEIJN',1275);
INSERT INTO GeoLocation(geo_id,lat,lng) VALUES (1276,51.60425,4.717136);
INSERT INTO Address (address_id,street,house_number,postal_code,city_id,geo_id) VALUES (1276,'Beeksestraat','55','4841 GB',(select city_id from City where city_name='PRINSENBEEK'),1276);
INSERT INTO Atm(atm_id,distance,atm_type,address_id) VALUES	(1276,0,'ALBERT_HEIJN',1276);
INSERT INTO GeoLocation(geo_id,lat,lng) VALUES (1277,53.200988,5.795047);
INSERT INTO Address (address_id,street,house_number,postal_code,city_id,geo_id) VALUES (1277,'Nieuwestad','109','8911 CN',(select city_id from City where city_name='LEEUWARDEN'),1277);
INSERT INTO Atm(atm_id,distance,atm_type,address_id) VALUES	(1277,0,'ING',1277);
INSERT INTO GeoLocation(geo_id,lat,lng) VALUES (1278,51.892881,5.898608);
INSERT INTO Address (address_id,street,house_number,postal_code,city_id,geo_id) VALUES (1278,'Buitengracht','2','6681 JJ',(select city_id from City where city_name='BEMMEL'),1278);
INSERT INTO Atm(atm_id,distance,atm_type,address_id) VALUES	(1278,0,'ALBERT_HEIJN',1278);
INSERT INTO GeoLocation(geo_id,lat,lng) VALUES (1279,53.187671,5.553406);
INSERT INTO Address (address_id,street,house_number,postal_code,city_id,geo_id) VALUES (1279,'Leeuwarderweg','8A','8801 BV',(select city_id from City where city_name='FRANEKER'),1279);
INSERT INTO Atm(atm_id,distance,atm_type,address_id) VALUES	(1279,0,'ALBERT_HEIJN',1279);
INSERT INTO GeoLocation(geo_id,lat,lng) VALUES (1280,52.0183451,5.0915608);
INSERT INTO Address (address_id,street,house_number,postal_code,city_id,geo_id) VALUES (1280,'Rapenburgerschans','9','3432 TN',(select city_id from City where city_name='NIEUWEGEIN'),1280);
INSERT INTO Atm(atm_id,distance,atm_type,address_id) VALUES	(1280,0,'ALBERT_HEIJN',1280);
INSERT INTO GeoLocation(geo_id,lat,lng) VALUES (1281,51.967004,5.90808);
INSERT INTO Address (address_id,street,house_number,postal_code,city_id,geo_id) VALUES (1281,'Middelgraaflaan','47','6832 AN',(select city_id from City where city_name='ARNHEM'),1281);
INSERT INTO Atm(atm_id,distance,atm_type,address_id) VALUES	(1281,0,'ING',1281);
INSERT INTO GeoLocation(geo_id,lat,lng) VALUES (1282,51.459705,5.610804);
INSERT INTO Address (address_id,street,house_number,postal_code,city_id,geo_id) VALUES (1282,'De Plaetse','87','5708 ZK',(select city_id from City where city_name='HELMOND'),1282);
INSERT INTO Atm(atm_id,distance,atm_type,address_id) VALUES	(1282,0,'ALBERT_HEIJN',1282);
INSERT INTO GeoLocation(geo_id,lat,lng) VALUES (1283,51.479018,5.656697);
INSERT INTO Address (address_id,street,house_number,postal_code,city_id,geo_id) VALUES (1283,'Ameidestraat','14','5701 NP',(select city_id from City where city_name='HELMOND'),1283);
INSERT INTO Atm(atm_id,distance,atm_type,address_id) VALUES	(1283,0,'ING',1283);
INSERT INTO GeoLocation(geo_id,lat,lng) VALUES (1284,52.351176,4.85189);
INSERT INTO Address (address_id,street,house_number,postal_code,city_id,geo_id) VALUES (1284,'Hoofddorpweg','2','1058 PB',(select city_id from City where city_name='AMSTERDAM'),1284);
INSERT INTO Atm(atm_id,distance,atm_type,address_id) VALUES	(1284,0,'ING',1284);
INSERT INTO GeoLocation(geo_id,lat,lng) VALUES (1285,51.625288,4.942498);
INSERT INTO Address (address_id,street,house_number,postal_code,city_id,geo_id) VALUES (1285,'Looiershof','1','5104 HV',(select city_id from City where city_name='DONGEN'),1285);
INSERT INTO Atm(atm_id,distance,atm_type,address_id) VALUES	(1285,0,'ALBERT_HEIJN',1285);
INSERT INTO GeoLocation(geo_id,lat,lng) VALUES (1286,51.367097,6.150134);
INSERT INTO Address (address_id,street,house_number,postal_code,city_id,geo_id) VALUES (1286,'Witherenstraat','48','5921 GC',(select city_id from City where city_name='VENLO'),1286);
INSERT INTO Atm(atm_id,distance,atm_type,address_id) VALUES	(1286,0,'ING',1286);
INSERT INTO GeoLocation(geo_id,lat,lng) VALUES (1287,51.883517,4.487138);
INSERT INTO Address (address_id,street,house_number,postal_code,city_id,geo_id) VALUES (1287,'Ahoyweg','10','3084 BA',(select city_id from City where city_name='ROTTERDAM'),1287);
INSERT INTO Atm(atm_id,distance,atm_type,address_id) VALUES	(1287,0,'ING',1287);
INSERT INTO GeoLocation(geo_id,lat,lng) VALUES (1288,52.364634,4.862506);
INSERT INTO Address (address_id,street,house_number,postal_code,city_id,geo_id) VALUES (1288,'Kinkerstraat','315','1053 EV',(select city_id from City where city_name='AMSTERDAM'),1288);
INSERT INTO Atm(atm_id,distance,atm_type,address_id) VALUES	(1288,0,'ING',1288);
INSERT INTO GeoLocation(geo_id,lat,lng) VALUES (1289,52.119143,5.09963);
INSERT INTO Address (address_id,street,house_number,postal_code,city_id,geo_id) VALUES (1289,'Andesdreef','59','3563 GB',(select city_id from City where city_name='UTRECHT'),1289);
INSERT INTO Atm(atm_id,distance,atm_type,address_id) VALUES	(1289,0,'ING',1289);
INSERT INTO GeoLocation(geo_id,lat,lng) VALUES (1290,52.354325,4.929935);
INSERT INTO Address (address_id,street,house_number,postal_code,city_id,geo_id) VALUES (1290,'Middenweg','49','1098 AC',(select city_id from City where city_name='AMSTERDAM'),1290);
INSERT INTO Atm(atm_id,distance,atm_type,address_id) VALUES	(1290,0,'ING',1290);
INSERT INTO GeoLocation(geo_id,lat,lng) VALUES (1291,51.659233,5.613288);
INSERT INTO Address (address_id,street,house_number,postal_code,city_id,geo_id) VALUES (1291,'Pastoor Spieringsstraat','11','5401 GT',(select city_id from City where city_name='UDEN'),1291);
INSERT INTO Atm(atm_id,distance,atm_type,address_id) VALUES	(1291,0,'ING',1291);
INSERT INTO GeoLocation(geo_id,lat,lng) VALUES (1292,52.16011,4.49153);
INSERT INTO Address (address_id,street,house_number,postal_code,city_id,geo_id) VALUES (1292,'Haarlemmerstraat','135','2312 DN',(select city_id from City where city_name='LEIDEN'),1292);
INSERT INTO Atm(atm_id,distance,atm_type,address_id) VALUES	(1292,0,'ING',1292);
INSERT INTO GeoLocation(geo_id,lat,lng) VALUES (1293,52.488389,4.752137);
INSERT INTO Address (address_id,street,house_number,postal_code,city_id,geo_id) VALUES (1293,'Kaaikhof','22','1567 JP',(select city_id from City where city_name='ASSENDELFT'),1293);
INSERT INTO Atm(atm_id,distance,atm_type,address_id) VALUES	(1293,0,'ALBERT_HEIJN',1293);
INSERT INTO GeoLocation(geo_id,lat,lng) VALUES (1294,51.791775,4.654324);
INSERT INTO Address (address_id,street,house_number,postal_code,city_id,geo_id) VALUES (1294,'Admiraalsplein','6','3317 BA',(select city_id from City where city_name='DORDRECHT'),1294);
INSERT INTO Atm(atm_id,distance,atm_type,address_id) VALUES	(1294,0,'ING',1294);
INSERT INTO GeoLocation(geo_id,lat,lng) VALUES (1295,52.024989,5.555611);
INSERT INTO Address (address_id,street,house_number,postal_code,city_id,geo_id) VALUES (1295,'Corridor','22B','3901 AN',(select city_id from City where city_name='VEENENDAAL'),1295);
INSERT INTO Atm(atm_id,distance,atm_type,address_id) VALUES	(1295,0,'ING',1295);
INSERT INTO GeoLocation(geo_id,lat,lng) VALUES (1296,51.422861,5.558771);
INSERT INTO Address (address_id,street,house_number,postal_code,city_id,geo_id) VALUES (1296,'Heuvel','81','5664 HN',(select city_id from City where city_name='GELDROP'),1296);
INSERT INTO Atm(atm_id,distance,atm_type,address_id) VALUES	(1296,0,'ALBERT_HEIJN',1296);
INSERT INTO GeoLocation(geo_id,lat,lng) VALUES (1297,52.987873,6.956074);
INSERT INTO Address (address_id,street,house_number,postal_code,city_id,geo_id) VALUES (1297,'Gandhiplein','12','9501 DE',(select city_id from City where city_name='STADSKANAAL'),1297);
INSERT INTO Atm(atm_id,distance,atm_type,address_id) VALUES	(1297,0,'ALBERT_HEIJN',1297);
INSERT INTO GeoLocation(geo_id,lat,lng) VALUES (1298,51.855844,4.418947);
INSERT INTO Address (address_id,street,house_number,postal_code,city_id,geo_id) VALUES (1298,'Julianastraat','37','3161 AJ',(select city_id from City where city_name='RHOON'),1298);
INSERT INTO Atm(atm_id,distance,atm_type,address_id) VALUES	(1298,0,'ALBERT_HEIJN',1298);
INSERT INTO GeoLocation(geo_id,lat,lng) VALUES (1299,51.95298,5.906041);
INSERT INTO Address (address_id,street,house_number,postal_code,city_id,geo_id) VALUES (1299,'Groningensingel','957','6835 GL',(select city_id from City where city_name='ARNHEM'),1299);
INSERT INTO Atm(atm_id,distance,atm_type,address_id) VALUES	(1299,0,'ALBERT_HEIJN',1299);
INSERT INTO GeoLocation(geo_id,lat,lng) VALUES (1300,52.302379,5.25415);
INSERT INTO Address (address_id,street,house_number,postal_code,city_id,geo_id) VALUES (1300,'Holleblok','16-18','1273 EG',(select city_id from City where city_name='HUIZEN'),1300);
INSERT INTO Atm(atm_id,distance,atm_type,address_id) VALUES	(1300,0,'ING',1300);
INSERT INTO GeoLocation(geo_id,lat,lng) VALUES (1301,51.823252,5.798607);
INSERT INTO Address (address_id,street,house_number,postal_code,city_id,geo_id) VALUES (1301,'Zwanenveld','5505','6538 TZ',(select city_id from City where city_name='NIJMEGEN'),1301);
INSERT INTO Atm(atm_id,distance,atm_type,address_id) VALUES	(1301,0,'ALBERT_HEIJN',1301);
INSERT INTO GeoLocation(geo_id,lat,lng) VALUES (1302,51.90742,4.437838);
INSERT INTO Address (address_id,street,house_number,postal_code,city_id,geo_id) VALUES (1302,'Vierhavensstraat','147','3029 BB',(select city_id from City where city_name='ROTTERDAM'),1302);
INSERT INTO Atm(atm_id,distance,atm_type,address_id) VALUES	(1302,0,'ALBERT_HEIJN',1302);
INSERT INTO GeoLocation(geo_id,lat,lng) VALUES (1303,52.377966,4.846911);
INSERT INTO Address (address_id,street,house_number,postal_code,city_id,geo_id) VALUES (1303,'Gulden Winckelplantsoen','5','1055 EK',(select city_id from City where city_name='AMSTERDAM'),1303);
INSERT INTO Atm(atm_id,distance,atm_type,address_id) VALUES	(1303,0,'ALBERT_HEIJN',1303);
INSERT INTO GeoLocation(geo_id,lat,lng) VALUES (1304,52.067843,4.362413);
INSERT INTO Address (address_id,street,house_number,postal_code,city_id,geo_id) VALUES (1304,'Parkweg','30','2271 AK',(select city_id from City where city_name='VOORBURG'),1304);
INSERT INTO Atm(atm_id,distance,atm_type,address_id) VALUES	(1304,0,'ALBERT_HEIJN',1304);
INSERT INTO GeoLocation(geo_id,lat,lng) VALUES (1305,52.167059,4.507193);
INSERT INTO Address (address_id,street,house_number,postal_code,city_id,geo_id) VALUES (1305,'Kooilaan','49','2315 EB',(select city_id from City where city_name='LEIDEN'),1305);
INSERT INTO Atm(atm_id,distance,atm_type,address_id) VALUES	(1305,0,'ALBERT_HEIJN',1305);
INSERT INTO GeoLocation(geo_id,lat,lng) VALUES (1306,52.366347,4.651915);
INSERT INTO Address (address_id,street,house_number,postal_code,city_id,geo_id) VALUES (1306,'Boerhaavelaan','22','2035 RC',(select city_id from City where city_name='HAARLEM'),1306);
INSERT INTO Atm(atm_id,distance,atm_type,address_id) VALUES	(1306,0,'ING',1306);
INSERT INTO GeoLocation(geo_id,lat,lng) VALUES (1307,52.3669,5.190668);
INSERT INTO Address (address_id,street,house_number,postal_code,city_id,geo_id) VALUES (1307,'Rimsky-Korssakovweg','9','1323 LP',(select city_id from City where city_name='ALMERE'),1307);
INSERT INTO Atm(atm_id,distance,atm_type,address_id) VALUES	(1307,0,'ALBERT_HEIJN',1307);
INSERT INTO GeoLocation(geo_id,lat,lng) VALUES (1308,52.266119,6.142045);
INSERT INTO Address (address_id,street,house_number,postal_code,city_id,geo_id) VALUES (1308,'Johannes van Vlotenlaan','1','7412 SB',(select city_id from City where city_name='DEVENTER'),1308);
INSERT INTO Atm(atm_id,distance,atm_type,address_id) VALUES	(1308,0,'ALBERT_HEIJN',1308);
INSERT INTO GeoLocation(geo_id,lat,lng) VALUES (1309,53.194397,5.799055);
INSERT INTO Address (address_id,street,house_number,postal_code,city_id,geo_id) VALUES (1309,'Schrans','121','8932 ND',(select city_id from City where city_name='LEEUWARDEN'),1309);
INSERT INTO Atm(atm_id,distance,atm_type,address_id) VALUES	(1309,0,'ALBERT_HEIJN',1309);
INSERT INTO GeoLocation(geo_id,lat,lng) VALUES (1310,51.568474,4.6393);
INSERT INTO Address (address_id,street,house_number,postal_code,city_id,geo_id) VALUES (1310,'Burchtplein','13','4873 BS',(select city_id from City where city_name='ETTEN-LEUR'),1310);
INSERT INTO Atm(atm_id,distance,atm_type,address_id) VALUES	(1310,0,'ALBERT_HEIJN',1310);
INSERT INTO GeoLocation(geo_id,lat,lng) VALUES (1311,51.930051,4.490992);
INSERT INTO Address (address_id,street,house_number,postal_code,city_id,geo_id) VALUES (1311,'Crooswijksesingel','2A','3034 CE',(select city_id from City where city_name='ROTTERDAM'),1311);
INSERT INTO Atm(atm_id,distance,atm_type,address_id) VALUES	(1311,0,'ING',1311);
INSERT INTO GeoLocation(geo_id,lat,lng) VALUES (1312,52.4013662,5.298852);
INSERT INTO Address (address_id,street,house_number,postal_code,city_id,geo_id) VALUES (1312,'Lombokstraat','2','1335 JR',(select city_id from City where city_name='ALMERE'),1312);
INSERT INTO Atm(atm_id,distance,atm_type,address_id) VALUES	(1312,0,'ALBERT_HEIJN',1312);
INSERT INTO GeoLocation(geo_id,lat,lng) VALUES (1313,52.086844,5.240083);
INSERT INTO Address (address_id,street,house_number,postal_code,city_id,geo_id) VALUES (1313,'Emmaplein','2','3701 DA',(select city_id from City where city_name='ZEIST'),1313);
INSERT INTO Atm(atm_id,distance,atm_type,address_id) VALUES	(1313,0,'ALBERT_HEIJN',1313);
INSERT INTO GeoLocation(geo_id,lat,lng) VALUES (1314,50.889528,5.857602);
INSERT INTO Address (address_id,street,house_number,postal_code,city_id,geo_id) VALUES (1314,'Europaplein','1','6336 BE',(select city_id from City where city_name='HULSBERG'),1314);
INSERT INTO Atm(atm_id,distance,atm_type,address_id) VALUES	(1314,0,'ALBERT_HEIJN',1314);
INSERT INTO GeoLocation(geo_id,lat,lng) VALUES (1315,51.953505,4.584355);
INSERT INTO Address (address_id,street,house_number,postal_code,city_id,geo_id) VALUES (1315,'Picassopassage','38','2907 ME',(select city_id from City where city_name='CAPELLE AAN DEN IJSSEL'),1315);
INSERT INTO Atm(atm_id,distance,atm_type,address_id) VALUES	(1315,0,'ALBERT_HEIJN',1315);
INSERT INTO GeoLocation(geo_id,lat,lng) VALUES (1316,52.202494,4.427314);
INSERT INTO Address (address_id,street,house_number,postal_code,city_id,geo_id) VALUES (1316,'Zeilmakerstraat','2','2222 AA',(select city_id from City where city_name='KATWIJK'),1316);
INSERT INTO Atm(atm_id,distance,atm_type,address_id) VALUES	(1316,0,'ALBERT_HEIJN',1316);
INSERT INTO GeoLocation(geo_id,lat,lng) VALUES (1317,51.830937,5.850026);
INSERT INTO Address (address_id,street,house_number,postal_code,city_id,geo_id) VALUES (1317,'Groenestraat','193','6531 HE',(select city_id from City where city_name='NIJMEGEN'),1317);
INSERT INTO Atm(atm_id,distance,atm_type,address_id) VALUES	(1317,0,'ALBERT_HEIJN',1317);
INSERT INTO GeoLocation(geo_id,lat,lng) VALUES (1318,51.413479,5.542994);
INSERT INTO Address (address_id,street,house_number,postal_code,city_id,geo_id) VALUES (1318,'Laan van Tolkien','220','5663 SC',(select city_id from City where city_name='GELDROP'),1318);
INSERT INTO Atm(atm_id,distance,atm_type,address_id) VALUES	(1318,0,'ALBERT_HEIJN',1318);
INSERT INTO GeoLocation(geo_id,lat,lng) VALUES (1319,51.55435,5.090764);
INSERT INTO Address (address_id,street,house_number,postal_code,city_id,geo_id) VALUES (1319,'Piusplein','34','5038 WN',(select city_id from City where city_name='TILBURG'),1319);
INSERT INTO Atm(atm_id,distance,atm_type,address_id) VALUES	(1319,0,'ALBERT_HEIJN',1319);
INSERT INTO GeoLocation(geo_id,lat,lng) VALUES (1320,51.847578,4.49941);
INSERT INTO Address (address_id,street,house_number,postal_code,city_id,geo_id) VALUES (1320,'Van Beuningenhaven','24','2993 EH',(select city_id from City where city_name='BARENDRECHT'),1320);
INSERT INTO Atm(atm_id,distance,atm_type,address_id) VALUES	(1320,0,'ING',1320);
INSERT INTO GeoLocation(geo_id,lat,lng) VALUES (1321,52.15139,4.660435);
INSERT INTO Address (address_id,street,house_number,postal_code,city_id,geo_id) VALUES (1321,'Herenhof','74','2402 DN',(select city_id from City where city_name='ALPHEN AAN DEN RIJN'),1321);
INSERT INTO Atm(atm_id,distance,atm_type,address_id) VALUES	(1321,0,'ALBERT_HEIJN',1321);
INSERT INTO GeoLocation(geo_id,lat,lng) VALUES (1322,51.822047,4.777693);
INSERT INTO Address (address_id,street,house_number,postal_code,city_id,geo_id) VALUES (1322,'Burgemeester Winklerplein','24','3362 AA',(select city_id from City where city_name='SLIEDRECHT'),1322);
INSERT INTO Atm(atm_id,distance,atm_type,address_id) VALUES	(1322,0,'ALBERT_HEIJN',1322);
INSERT INTO GeoLocation(geo_id,lat,lng) VALUES (1323,51.986892,4.669256);
INSERT INTO Address (address_id,street,house_number,postal_code,city_id,geo_id) VALUES (1323,'De Smidse','16','2841 XW',(select city_id from City where city_name='MOORDRECHT'),1323);
INSERT INTO Atm(atm_id,distance,atm_type,address_id) VALUES	(1323,0,'ALBERT_HEIJN',1323);
INSERT INTO GeoLocation(geo_id,lat,lng) VALUES (1324,52.067965,4.300692);
INSERT INTO Address (address_id,street,house_number,postal_code,city_id,geo_id) VALUES (1324,'Hobbemastraat','192','2526 JT',(select city_id from City where city_name='DEN HAAG'),1324);
INSERT INTO Atm(atm_id,distance,atm_type,address_id) VALUES	(1324,0,'ING',1324);
INSERT INTO GeoLocation(geo_id,lat,lng) VALUES (1325,51.914481,4.589834);
INSERT INTO Address (address_id,street,house_number,postal_code,city_id,geo_id) VALUES (1325,'Raadhuisplein','115B','2922 AK',(select city_id from City where city_name='KRIMPEN AAN DEN IJSSEL'),1325);
INSERT INTO Atm(atm_id,distance,atm_type,address_id) VALUES	(1325,0,'ING',1325);
INSERT INTO GeoLocation(geo_id,lat,lng) VALUES (1326,52.017515,5.651072);
INSERT INTO Address (address_id,street,house_number,postal_code,city_id,geo_id) VALUES (1326,'Stadspoort','1','6716 RH',(select city_id from City where city_name='EDE'),1326);
INSERT INTO Atm(atm_id,distance,atm_type,address_id) VALUES	(1326,0,'ALBERT_HEIJN',1326);
INSERT INTO GeoLocation(geo_id,lat,lng) VALUES (1327,51.4864183,3.9592108);
INSERT INTO Address (address_id,street,house_number,postal_code,city_id,geo_id) VALUES (1327,'Biezelingsestraat','1','4421 BL',(select city_id from City where city_name='KAPELLE'),1327);
INSERT INTO Atm(atm_id,distance,atm_type,address_id) VALUES	(1327,0,'ALBERT_HEIJN',1327);
INSERT INTO GeoLocation(geo_id,lat,lng) VALUES (1328,53.154069,6.756176);
INSERT INTO Address (address_id,street,house_number,postal_code,city_id,geo_id) VALUES (1328,'Gorecht-Oost','256-258','9603 AC',(select city_id from City where city_name='HOOGEZAND'),1328);
INSERT INTO Atm(atm_id,distance,atm_type,address_id) VALUES	(1328,0,'ING',1328);
INSERT INTO GeoLocation(geo_id,lat,lng) VALUES (1329,53.156587,6.756809);
INSERT INTO Address (address_id,street,house_number,postal_code,city_id,geo_id) VALUES (1329,'Gorecht-Oost','6','9603 AA',(select city_id from City where city_name='HOOGEZAND'),1329);
INSERT INTO Atm(atm_id,distance,atm_type,address_id) VALUES	(1329,0,'ALBERT_HEIJN',1329);
INSERT INTO GeoLocation(geo_id,lat,lng) VALUES (1330,51.87094,5.400273);
INSERT INTO Address (address_id,street,house_number,postal_code,city_id,geo_id) VALUES (1330,'Kamperfoelie','1','4007 TK',(select city_id from City where city_name='TIEL'),1330);
INSERT INTO Atm(atm_id,distance,atm_type,address_id) VALUES	(1330,0,'ALBERT_HEIJN',1330);
INSERT INTO GeoLocation(geo_id,lat,lng) VALUES (1331,52.71866,6.451842);
INSERT INTO Address (address_id,street,house_number,postal_code,city_id,geo_id) VALUES (1331,'De Weide','28','7908 AB',(select city_id from City where city_name='HOOGEVEEN'),1331);
INSERT INTO Atm(atm_id,distance,atm_type,address_id) VALUES	(1331,0,'ALBERT_HEIJN',1331);
INSERT INTO GeoLocation(geo_id,lat,lng) VALUES (1332,52.357386,4.917528);
INSERT INTO Address (address_id,street,house_number,postal_code,city_id,geo_id) VALUES (1332,'Beukenplein','6','1091 KG',(select city_id from City where city_name='AMSTERDAM'),1332);
INSERT INTO Atm(atm_id,distance,atm_type,address_id) VALUES	(1332,0,'ING',1332);
INSERT INTO GeoLocation(geo_id,lat,lng) VALUES (1333,52.051715,5.28276);
INSERT INTO Address (address_id,street,house_number,postal_code,city_id,geo_id) VALUES (1333,'Hoofdstraat','162','3972 LG',(select city_id from City where city_name='DRIEBERGEN-RIJSENBURG'),1333);
INSERT INTO Atm(atm_id,distance,atm_type,address_id) VALUES	(1333,0,'ALBERT_HEIJN',1333);
INSERT INTO GeoLocation(geo_id,lat,lng) VALUES (1334,53.016861,6.560471);
INSERT INTO Address (address_id,street,house_number,postal_code,city_id,geo_id) VALUES (1334,'Scharmbarg','107-109','9407 EC',(select city_id from City where city_name='ASSEN'),1334);
INSERT INTO Atm(atm_id,distance,atm_type,address_id) VALUES	(1334,0,'ALBERT_HEIJN',1334);
INSERT INTO GeoLocation(geo_id,lat,lng) VALUES (1335,51.586191,5.322236);
INSERT INTO Address (address_id,street,house_number,postal_code,city_id,geo_id) VALUES (1335,'Prins Hendrikstraat','62','5281 CN',(select city_id from City where city_name='BOXTEL'),1335);
INSERT INTO Atm(atm_id,distance,atm_type,address_id) VALUES	(1335,0,'ALBERT_HEIJN',1335);
INSERT INTO GeoLocation(geo_id,lat,lng) VALUES (1336,52.043015,6.613474);
INSERT INTO Address (address_id,street,house_number,postal_code,city_id,geo_id) VALUES (1336,'Beltrumsestraat','40','7141 AM',(select city_id from City where city_name='GROENLO'),1336);
INSERT INTO Atm(atm_id,distance,atm_type,address_id) VALUES	(1336,0,'ALBERT_HEIJN',1336);
INSERT INTO GeoLocation(geo_id,lat,lng) VALUES (1337,51.584371,5.142563);
INSERT INTO Address (address_id,street,house_number,postal_code,city_id,geo_id) VALUES (1337,'Heuneind','21','5056 GE',(select city_id from City where city_name='BERKEL-ENSCHOT'),1337);
INSERT INTO Atm(atm_id,distance,atm_type,address_id) VALUES	(1337,0,'ALBERT_HEIJN',1337);
INSERT INTO GeoLocation(geo_id,lat,lng) VALUES (1338,51.511134,5.394079);
INSERT INTO Address (address_id,street,house_number,postal_code,city_id,geo_id) VALUES (1338,'Boterhoek','17','5683 AS',(select city_id from City where city_name='BEST'),1338);
INSERT INTO Atm(atm_id,distance,atm_type,address_id) VALUES	(1338,0,'ALBERT_HEIJN',1338);
INSERT INTO GeoLocation(geo_id,lat,lng) VALUES (1339,52.384313,4.875509);
INSERT INTO Address (address_id,street,house_number,postal_code,city_id,geo_id) VALUES (1339,'Van Limburg Stirumplein','1','1051 BD',(select city_id from City where city_name='AMSTERDAM'),1339);
INSERT INTO Atm(atm_id,distance,atm_type,address_id) VALUES	(1339,0,'ING',1339);
INSERT INTO GeoLocation(geo_id,lat,lng) VALUES (1340,53.189022,5.8046);
INSERT INTO Address (address_id,street,house_number,postal_code,city_id,geo_id) VALUES (1340,'Henri Dunantweg','2','8934 AD',(select city_id from City where city_name='LEEUWARDEN'),1340);
INSERT INTO Atm(atm_id,distance,atm_type,address_id) VALUES	(1340,0,'ING',1340);
INSERT INTO GeoLocation(geo_id,lat,lng) VALUES (1341,51.253518,5.734343);
INSERT INTO Address (address_id,street,house_number,postal_code,city_id,geo_id) VALUES (1341,'Friezenstraat','14','6004 BD',(select city_id from City where city_name='WEERT'),1341);
INSERT INTO Atm(atm_id,distance,atm_type,address_id) VALUES	(1341,0,'ING',1341);
INSERT INTO GeoLocation(geo_id,lat,lng) VALUES (1342,52.3040151,4.9508393);
INSERT INTO Address (address_id,street,house_number,postal_code,city_id,geo_id) VALUES (1342,'Haarlerbergweg','21','1101 CH',(select city_id from City where city_name='AMSTERDAM-ZUIDOOST'),1342);
INSERT INTO Atm(atm_id,distance,atm_type,address_id) VALUES	(1342,0,'ING',1342);
INSERT INTO GeoLocation(geo_id,lat,lng) VALUES (1343,52.056446,4.337167);
INSERT INTO Address (address_id,street,house_number,postal_code,city_id,geo_id) VALUES (1343,'Herenstraat','5','2282 BN',(select city_id from City where city_name='RIJSWIJK'),1343);
INSERT INTO Atm(atm_id,distance,atm_type,address_id) VALUES	(1343,0,'ING',1343);
INSERT INTO GeoLocation(geo_id,lat,lng) VALUES (1344,53.275303,5.657871);
INSERT INTO Address (address_id,street,house_number,postal_code,city_id,geo_id) VALUES (1344,'Warmoesstraat','37','9076 DL',(select city_id from City where city_name='SINT ANNAPAROCHIE'),1344);
INSERT INTO Atm(atm_id,distance,atm_type,address_id) VALUES	(1344,0,'ALBERT_HEIJN',1344);
INSERT INTO GeoLocation(geo_id,lat,lng) VALUES (1345,52.263916,6.796769);
INSERT INTO Address (address_id,street,house_number,postal_code,city_id,geo_id) VALUES (1345,'Enschedesestraat','54','7551 EN',(select city_id from City where city_name='HENGELO'),1345);
INSERT INTO Atm(atm_id,distance,atm_type,address_id) VALUES	(1345,0,'ING',1345);
INSERT INTO GeoLocation(geo_id,lat,lng) VALUES (1346,52.187069,5.375516);
INSERT INTO Address (address_id,street,house_number,postal_code,city_id,geo_id) VALUES (1346,'Kraailandhof','106','3828 JM',(select city_id from City where city_name='HOOGLAND'),1346);
INSERT INTO Atm(atm_id,distance,atm_type,address_id) VALUES	(1346,0,'ALBERT_HEIJN',1346);
INSERT INTO GeoLocation(geo_id,lat,lng) VALUES (1347,53.197731,5.796184);
INSERT INTO Address (address_id,street,house_number,postal_code,city_id,geo_id) VALUES (1347,'Zuiderplein','6','8911 AJ',(select city_id from City where city_name='LEEUWARDEN'),1347);
INSERT INTO Atm(atm_id,distance,atm_type,address_id) VALUES	(1347,0,'ING',1347);
INSERT INTO GeoLocation(geo_id,lat,lng) VALUES (1348,52.195867,6.00606);
INSERT INTO Address (address_id,street,house_number,postal_code,city_id,geo_id) VALUES (1348,'De Eglantier','234','7329 DH',(select city_id from City where city_name='APELDOORN'),1348);
INSERT INTO Atm(atm_id,distance,atm_type,address_id) VALUES	(1348,0,'ALBERT_HEIJN',1348);
INSERT INTO GeoLocation(geo_id,lat,lng) VALUES (1349,52.764198,6.886895);
INSERT INTO Address (address_id,street,house_number,postal_code,city_id,geo_id) VALUES (1349,'Alerderbrink','4','7812 RT',(select city_id from City where city_name='EMMEN'),1349);
INSERT INTO Atm(atm_id,distance,atm_type,address_id) VALUES	(1349,0,'ING',1349);
INSERT INTO GeoLocation(geo_id,lat,lng) VALUES (1350,51.960818,4.46695);
INSERT INTO Address (address_id,street,house_number,postal_code,city_id,geo_id) VALUES (1350,'Peppelweg','151','3053 GL',(select city_id from City where city_name='ROTTERDAM'),1350);
INSERT INTO Atm(atm_id,distance,atm_type,address_id) VALUES	(1350,0,'ALBERT_HEIJN',1350);
INSERT INTO GeoLocation(geo_id,lat,lng) VALUES (1351,52.010602,4.354964);
INSERT INTO Address (address_id,street,house_number,postal_code,city_id,geo_id) VALUES (1351,'Phoenixstraat','28','2611 AL',(select city_id from City where city_name='DELFT'),1351);
INSERT INTO Atm(atm_id,distance,atm_type,address_id) VALUES	(1351,0,'ING',1351);
INSERT INTO GeoLocation(geo_id,lat,lng) VALUES (1352,52.66345,6.737941);
INSERT INTO Address (address_id,street,house_number,postal_code,city_id,geo_id) VALUES (1352,'Van Heutszsingel','6','7741 ET',(select city_id from City where city_name='COEVORDEN'),1352);
INSERT INTO Atm(atm_id,distance,atm_type,address_id) VALUES	(1352,0,'ALBERT_HEIJN',1352);
INSERT INTO GeoLocation(geo_id,lat,lng) VALUES (1353,51.818912,4.610249);
INSERT INTO Address (address_id,street,house_number,postal_code,city_id,geo_id) VALUES (1353,'Oudeland','84','3335 VH',(select city_id from City where city_name='ZWIJNDRECHT'),1353);
INSERT INTO Atm(atm_id,distance,atm_type,address_id) VALUES	(1353,0,'ALBERT_HEIJN',1353);
INSERT INTO GeoLocation(geo_id,lat,lng) VALUES (1354,52.281909,6.422417);
INSERT INTO Address (address_id,street,house_number,postal_code,city_id,geo_id) VALUES (1354,'Dorpsstraat','17','7451 BR',(select city_id from City where city_name='HOLTEN'),1354);
INSERT INTO Atm(atm_id,distance,atm_type,address_id) VALUES	(1354,0,'ALBERT_HEIJN',1354);
INSERT INTO GeoLocation(geo_id,lat,lng) VALUES (1355,52.176852,5.404044);
INSERT INTO Address (address_id,street,house_number,postal_code,city_id,geo_id) VALUES (1355,'Albert Schweitzersingel','92','3822 BX',(select city_id from City where city_name='AMERSFOORT'),1355);
INSERT INTO Atm(atm_id,distance,atm_type,address_id) VALUES	(1355,0,'ALBERT_HEIJN',1355);
INSERT INTO GeoLocation(geo_id,lat,lng) VALUES (1356,52.206392,4.866137);
INSERT INTO Address (address_id,street,house_number,postal_code,city_id,geo_id) VALUES (1356,'De Passage','26','3641 AK',(select city_id from City where city_name='MIJDRECHT'),1356);
INSERT INTO Atm(atm_id,distance,atm_type,address_id) VALUES	(1356,0,'ALBERT_HEIJN',1356);
INSERT INTO GeoLocation(geo_id,lat,lng) VALUES (1357,52.254273,5.226889);
INSERT INTO Address (address_id,street,house_number,postal_code,city_id,geo_id) VALUES (1357,'Zevenend','2','1251 RN',(select city_id from City where city_name='LAREN'),1357);
INSERT INTO Atm(atm_id,distance,atm_type,address_id) VALUES	(1357,0,'ALBERT_HEIJN',1357);
INSERT INTO GeoLocation(geo_id,lat,lng) VALUES (1358,52.163049,4.532766);
INSERT INTO Address (address_id,street,house_number,postal_code,city_id,geo_id) VALUES (1358,'Winkelhof','29','2353 TS',(select city_id from City where city_name='LEIDERDORP'),1358);
INSERT INTO Atm(atm_id,distance,atm_type,address_id) VALUES	(1358,0,'ALBERT_HEIJN',1358);
INSERT INTO GeoLocation(geo_id,lat,lng) VALUES (1359,51.9287,4.490597);
INSERT INTO Address (address_id,street,house_number,postal_code,city_id,geo_id) VALUES (1359,'Goudse Rijweg','707','3031 CG',(select city_id from City where city_name='ROTTERDAM'),1359);
INSERT INTO Atm(atm_id,distance,atm_type,address_id) VALUES	(1359,0,'ALBERT_HEIJN',1359);
INSERT INTO GeoLocation(geo_id,lat,lng) VALUES (1360,52.034647,5.344453);
INSERT INTO Address (address_id,street,house_number,postal_code,city_id,geo_id) VALUES (1360,'Dorpsstraat','25','3941 JK',(select city_id from City where city_name='DOORN'),1360);
INSERT INTO Atm(atm_id,distance,atm_type,address_id) VALUES	(1360,0,'ALBERT_HEIJN',1360);
INSERT INTO GeoLocation(geo_id,lat,lng) VALUES (1361,52.038824,4.651009);
INSERT INTO Address (address_id,street,house_number,postal_code,city_id,geo_id) VALUES (1361,'Binnendoor','4','2741 NP',(select city_id from City where city_name='WADDINXVEEN'),1361);
INSERT INTO Atm(atm_id,distance,atm_type,address_id) VALUES	(1361,0,'ALBERT_HEIJN',1361);
INSERT INTO GeoLocation(geo_id,lat,lng) VALUES (1362,52.525523,5.719787);
INSERT INTO Address (address_id,street,house_number,postal_code,city_id,geo_id) VALUES (1362,'Kop van het Ruim','1','8251 KD',(select city_id from City where city_name='DRONTEN'),1362);
INSERT INTO Atm(atm_id,distance,atm_type,address_id) VALUES	(1362,0,'ALBERT_HEIJN',1362);
INSERT INTO GeoLocation(geo_id,lat,lng) VALUES (1363,51.886967,5.439153);
INSERT INTO Address (address_id,street,house_number,postal_code,city_id,geo_id) VALUES (1363,'Plein','35-37','4001 LG',(select city_id from City where city_name='TIEL'),1363);
INSERT INTO Atm(atm_id,distance,atm_type,address_id) VALUES	(1363,0,'ING',1363);
INSERT INTO GeoLocation(geo_id,lat,lng) VALUES (1364,52.195528,4.502244);
INSERT INTO Address (address_id,street,house_number,postal_code,city_id,geo_id) VALUES (1364,'Dorpsstraat','2','2361 BB',(select city_id from City where city_name='WARMOND'),1364);
INSERT INTO Atm(atm_id,distance,atm_type,address_id) VALUES	(1364,0,'ALBERT_HEIJN',1364);
INSERT INTO GeoLocation(geo_id,lat,lng) VALUES (1365,52.296479,4.9757);
INSERT INTO Address (address_id,street,house_number,postal_code,city_id,geo_id) VALUES (1365,'Reigersbos','56-58A','1106 AS',(select city_id from City where city_name='AMSTERDAM-ZUIDOOST'),1365);
INSERT INTO Atm(atm_id,distance,atm_type,address_id) VALUES	(1365,0,'ING',1365);
INSERT INTO GeoLocation(geo_id,lat,lng) VALUES (1366,52.102236,5.123036);
INSERT INTO Address (address_id,street,house_number,postal_code,city_id,geo_id) VALUES (1366,'Willem van Noortplein','6','3514 GK',(select city_id from City where city_name='UTRECHT'),1366);
INSERT INTO Atm(atm_id,distance,atm_type,address_id) VALUES	(1366,0,'ALBERT_HEIJN',1366);
INSERT INTO GeoLocation(geo_id,lat,lng) VALUES (1367,51.476996,5.492965);
INSERT INTO Address (address_id,street,house_number,postal_code,city_id,geo_id) VALUES (1367,'Tarwelaan','70','5632 KG',(select city_id from City where city_name='EINDHOVEN'),1367);
INSERT INTO Atm(atm_id,distance,atm_type,address_id) VALUES	(1367,0,'ALBERT_HEIJN',1367);
INSERT INTO GeoLocation(geo_id,lat,lng) VALUES (1368,51.8146697,4.602411);
INSERT INTO Address (address_id,street,house_number,postal_code,city_id,geo_id) VALUES (1368,'Admiraalsplein','162-165','3317 BC',(select city_id from City where city_name='DORDRECHT'),1368);
INSERT INTO Atm(atm_id,distance,atm_type,address_id) VALUES	(1368,0,'ALBERT_HEIJN',1368);
INSERT INTO GeoLocation(geo_id,lat,lng) VALUES (1369,52.397468,4.94107);
INSERT INTO Address (address_id,street,house_number,postal_code,city_id,geo_id) VALUES (1369,'Buikslotermeerplein','426','1025 WP',(select city_id from City where city_name='AMSTERDAM'),1369);
INSERT INTO Atm(atm_id,distance,atm_type,address_id) VALUES	(1369,0,'ING',1369);
INSERT INTO GeoLocation(geo_id,lat,lng) VALUES (1370,52.358217,4.654163);
INSERT INTO Address (address_id,street,house_number,postal_code,city_id,geo_id) VALUES (1370,'Rivieradreef','45','2037 AE',(select city_id from City where city_name='HAARLEM'),1370);
INSERT INTO Atm(atm_id,distance,atm_type,address_id) VALUES	(1370,0,'ING',1370);
INSERT INTO GeoLocation(geo_id,lat,lng) VALUES (1371,52.572916,6.618277);
INSERT INTO Address (address_id,street,house_number,postal_code,city_id,geo_id) VALUES (1371,'Bruchterweg','43','7772 BE',(select city_id from City where city_name='HARDENBERG'),1371);
INSERT INTO Atm(atm_id,distance,atm_type,address_id) VALUES	(1371,0,'ING',1371);
INSERT INTO GeoLocation(geo_id,lat,lng) VALUES (1372,52.720803,6.479206);
INSERT INTO Address (address_id,street,house_number,postal_code,city_id,geo_id) VALUES (1372,'Het Haagje','5','7902 LA',(select city_id from City where city_name='HOOGEVEEN'),1372);
INSERT INTO Atm(atm_id,distance,atm_type,address_id) VALUES	(1372,0,'ING',1372);
INSERT INTO GeoLocation(geo_id,lat,lng) VALUES (1373,52.392359,4.9548);
INSERT INTO Address (address_id,street,house_number,postal_code,city_id,geo_id) VALUES (1373,'Waterlandplein','260','1024 NB',(select city_id from City where city_name='AMSTERDAM'),1373);
INSERT INTO Atm(atm_id,distance,atm_type,address_id) VALUES	(1373,0,'ING',1373);
INSERT INTO GeoLocation(geo_id,lat,lng) VALUES (1374,52.362034,4.798726);
INSERT INTO Address (address_id,street,house_number,postal_code,city_id,geo_id) VALUES (1374,'Osdorper Ban','90','1068 MK',(select city_id from City where city_name='AMSTERDAM'),1374);
INSERT INTO Atm(atm_id,distance,atm_type,address_id) VALUES	(1374,0,'ING',1374);
INSERT INTO GeoLocation(geo_id,lat,lng) VALUES (1375,51.318355,5.357439);
INSERT INTO Address (address_id,street,house_number,postal_code,city_id,geo_id) VALUES (1375,'Burgemeester Magneestraat','37','5571 HB',(select city_id from City where city_name='BERGEIJK'),1375);
INSERT INTO Atm(atm_id,distance,atm_type,address_id) VALUES	(1375,0,'ALBERT_HEIJN',1375);
INSERT INTO GeoLocation(geo_id,lat,lng) VALUES (1376,51.601123,5.607817);
INSERT INTO Address (address_id,street,house_number,postal_code,city_id,geo_id) VALUES (1376,'Cruijgenstraat','3','5469 BS',(select city_id from City where city_name='ERP'),1376);
INSERT INTO Atm(atm_id,distance,atm_type,address_id) VALUES	(1376,0,'ALBERT_HEIJN',1376);
INSERT INTO GeoLocation(geo_id,lat,lng) VALUES (1377,51.56435,5.460136);
INSERT INTO Address (address_id,street,house_number,postal_code,city_id,geo_id) VALUES (1377,'Markt','18','5492 AB',(select city_id from City where city_name='SINT-OEDENRODE'),1377);
INSERT INTO Atm(atm_id,distance,atm_type,address_id) VALUES	(1377,0,'ALBERT_HEIJN',1377);
INSERT INTO GeoLocation(geo_id,lat,lng) VALUES (1378,52.060831,4.32881);
INSERT INTO Address (address_id,street,house_number,postal_code,city_id,geo_id) VALUES (1378,'Jan van der Heijdenstraat','157','2522 EN',(select city_id from City where city_name='DEN HAAG'),1378);
INSERT INTO Atm(atm_id,distance,atm_type,address_id) VALUES	(1378,0,'ING',1378);
INSERT INTO GeoLocation(geo_id,lat,lng) VALUES (1379,52.087229,4.382823);
INSERT INTO Address (address_id,street,house_number,postal_code,city_id,geo_id) VALUES (1379,'Weigelia','48','2262 AB',(select city_id from City where city_name='LEIDSCHENDAM'),1379);
INSERT INTO Atm(atm_id,distance,atm_type,address_id) VALUES	(1379,0,'ALBERT_HEIJN',1379);
INSERT INTO GeoLocation(geo_id,lat,lng) VALUES (1380,52.988575,6.580771);
INSERT INTO Address (address_id,street,house_number,postal_code,city_id,geo_id) VALUES (1380,'Bremstraat','9','9404 GA',(select city_id from City where city_name='ASSEN'),1380);
INSERT INTO Atm(atm_id,distance,atm_type,address_id) VALUES	(1380,0,'ALBERT_HEIJN',1380);
INSERT INTO GeoLocation(geo_id,lat,lng) VALUES (1381,52.3910889,4.911433);
INSERT INTO Address (address_id,street,house_number,postal_code,city_id,geo_id) VALUES (1381,'Mosveld','129','1031 AD',(select city_id from City where city_name='AMSTERDAM'),1381);
INSERT INTO Atm(atm_id,distance,atm_type,address_id) VALUES	(1381,0,'ALBERT_HEIJN',1381);
INSERT INTO GeoLocation(geo_id,lat,lng) VALUES (1382,51.810505,4.668016);
INSERT INTO Address (address_id,street,house_number,postal_code,city_id,geo_id) VALUES (1382,'Johan de Wittstraat','27','3311 KG',(select city_id from City where city_name='DORDRECHT'),1382);
INSERT INTO Atm(atm_id,distance,atm_type,address_id) VALUES	(1382,0,'ING',1382);
INSERT INTO GeoLocation(geo_id,lat,lng) VALUES (1383,51.753525,5.511859);
INSERT INTO Address (address_id,street,house_number,postal_code,city_id,geo_id) VALUES (1383,'Sterrebos','2','5344 AM',(select city_id from City where city_name='OSS'),1383);
INSERT INTO Atm(atm_id,distance,atm_type,address_id) VALUES	(1383,0,'ALBERT_HEIJN',1383);
INSERT INTO GeoLocation(geo_id,lat,lng) VALUES (1384,52.31611,4.978115);
INSERT INTO Address (address_id,street,house_number,postal_code,city_id,geo_id) VALUES (1384,'Karspeldreef','1313-1314','1104 SE',(select city_id from City where city_name='AMSTERDAM-ZUIDOOST'),1384);
INSERT INTO Atm(atm_id,distance,atm_type,address_id) VALUES	(1384,0,'ING',1384);
INSERT INTO GeoLocation(geo_id,lat,lng) VALUES (1385,52.03563,4.315615);
INSERT INTO Address (address_id,street,house_number,postal_code,city_id,geo_id) VALUES (1385,'Bogaardplein','22','2284 DM',(select city_id from City where city_name='RIJSWIJK'),1385);
INSERT INTO Atm(atm_id,distance,atm_type,address_id) VALUES	(1385,0,'ALBERT_HEIJN',1385);
INSERT INTO GeoLocation(geo_id,lat,lng) VALUES (1386,53.231659,6.568349);
INSERT INTO Address (address_id,street,house_number,postal_code,city_id,geo_id) VALUES (1386,'Floresplein','13','9715 HH',(select city_id from City where city_name='GRONINGEN'),1386);
INSERT INTO Atm(atm_id,distance,atm_type,address_id) VALUES	(1386,0,'ALBERT_HEIJN',1386);
INSERT INTO GeoLocation(geo_id,lat,lng) VALUES (1387,50.924175,5.924611);
INSERT INTO Address (address_id,street,house_number,postal_code,city_id,geo_id) VALUES (1387,'Hoofdstraat','42','6431 LC',(select city_id from City where city_name='HOENSBROEK'),1387);
INSERT INTO Atm(atm_id,distance,atm_type,address_id) VALUES	(1387,0,'ING',1387);
INSERT INTO GeoLocation(geo_id,lat,lng) VALUES (1388,52.38928,5.231558);
INSERT INTO Address (address_id,street,house_number,postal_code,city_id,geo_id) VALUES (1388,'Botplein','15','1317 SK',(select city_id from City where city_name='ALMERE'),1388);
INSERT INTO Atm(atm_id,distance,atm_type,address_id) VALUES	(1388,0,'ALBERT_HEIJN',1388);
INSERT INTO GeoLocation(geo_id,lat,lng) VALUES (1389,52.30196,5.631477);
INSERT INTO Address (address_id,street,house_number,postal_code,city_id,geo_id) VALUES (1389,'Branderskamp','9','3851 XV',(select city_id from City where city_name='ERMELO'),1389);
INSERT INTO Atm(atm_id,distance,atm_type,address_id) VALUES	(1389,0,'ALBERT_HEIJN',1389);
INSERT INTO GeoLocation(geo_id,lat,lng) VALUES (1390,52.355434,6.662304);
INSERT INTO Address (address_id,street,house_number,postal_code,city_id,geo_id) VALUES (1390,'Wierdensestraat','23','7607 GE',(select city_id from City where city_name='ALMELO'),1390);
INSERT INTO Atm(atm_id,distance,atm_type,address_id) VALUES	(1390,0,'ING',1390);
INSERT INTO GeoLocation(geo_id,lat,lng) VALUES (1391,52.373878,4.883927);
INSERT INTO Address (address_id,street,house_number,postal_code,city_id,geo_id) VALUES (1391,'Westermarkt','21','1016 DJ',(select city_id from City where city_name='AMSTERDAM'),1391);
INSERT INTO Atm(atm_id,distance,atm_type,address_id) VALUES	(1391,0,'ALBERT_HEIJN',1391);
INSERT INTO GeoLocation(geo_id,lat,lng) VALUES (1392,52.150532,4.77908);
INSERT INTO Address (address_id,street,house_number,postal_code,city_id,geo_id) VALUES (1392,'Reghthuysplein','3','2421 BE',(select city_id from City where city_name='NIEUWKOOP'),1392);
INSERT INTO Atm(atm_id,distance,atm_type,address_id) VALUES	(1392,0,'ALBERT_HEIJN',1392);
INSERT INTO GeoLocation(geo_id,lat,lng) VALUES (1393,52.463253,4.809302);
INSERT INTO Address (address_id,street,house_number,postal_code,city_id,geo_id) VALUES (1393,'Verzetstraat','10','1541 HB',(select city_id from City where city_name='KOOG AAN DE ZAAN'),1393);
INSERT INTO Atm(atm_id,distance,atm_type,address_id) VALUES	(1393,0,'ALBERT_HEIJN',1393);
INSERT INTO GeoLocation(geo_id,lat,lng) VALUES (1394,53.10967,6.1115912);
INSERT INTO Address (address_id,street,house_number,postal_code,city_id,geo_id) VALUES (1394,'Middelwyk','31','9202 GN',(select city_id from City where city_name='DRACHTEN'),1394);
INSERT INTO Atm(atm_id,distance,atm_type,address_id) VALUES	(1394,0,'ALBERT_HEIJN',1394);
INSERT INTO GeoLocation(geo_id,lat,lng) VALUES (1395,51.46466,5.549587);
INSERT INTO Address (address_id,street,house_number,postal_code,city_id,geo_id) VALUES (1395,'Hoge Brake','8','5672 GL',(select city_id from City where city_name='NUENEN'),1395);
INSERT INTO Atm(atm_id,distance,atm_type,address_id) VALUES	(1395,0,'ALBERT_HEIJN',1395);
INSERT INTO GeoLocation(geo_id,lat,lng) VALUES (1396,52.671145,4.701523);
INSERT INTO Address (address_id,street,house_number,postal_code,city_id,geo_id) VALUES (1396,'Breelaan','14','1861 GE',(select city_id from City where city_name='BERGEN'),1396);
INSERT INTO Atm(atm_id,distance,atm_type,address_id) VALUES	(1396,0,'ALBERT_HEIJN',1396);
INSERT INTO GeoLocation(geo_id,lat,lng) VALUES (1397,51.973521,5.326972);
INSERT INTO Address (address_id,street,house_number,postal_code,city_id,geo_id) VALUES (1397,'Sluishoofd','2','3961 KW',(select city_id from City where city_name='WIJK BIJ DUURSTEDE'),1397);
INSERT INTO Atm(atm_id,distance,atm_type,address_id) VALUES	(1397,0,'ALBERT_HEIJN',1397);
INSERT INTO GeoLocation(geo_id,lat,lng) VALUES (1398,52.0706085,4.3221251);
INSERT INTO Address (address_id,street,house_number,postal_code,city_id,geo_id) VALUES (1398,'Stationsplein','75','2515 BX',(select city_id from City where city_name='DEN HAAG'),1398);
INSERT INTO Atm(atm_id,distance,atm_type,address_id) VALUES	(1398,0,'ALBERT_HEIJN',1398);
INSERT INTO GeoLocation(geo_id,lat,lng) VALUES (1399,51.832969,4.165536);
INSERT INTO Address (address_id,street,house_number,postal_code,city_id,geo_id) VALUES (1399,'Forel','2E','3225 PA',(select city_id from City where city_name='HELLEVOETSLUIS'),1399);
INSERT INTO Atm(atm_id,distance,atm_type,address_id) VALUES	(1399,0,'ING',1399);
INSERT INTO GeoLocation(geo_id,lat,lng) VALUES (1400,52.216312,6.003621);
INSERT INTO Address (address_id,street,house_number,postal_code,city_id,geo_id) VALUES (1400,'Linie','189','7325 DR',(select city_id from City where city_name='APELDOORN'),1400);
INSERT INTO Atm(atm_id,distance,atm_type,address_id) VALUES	(1400,0,'ALBERT_HEIJN',1400);
INSERT INTO GeoLocation(geo_id,lat,lng) VALUES (1401,52.054802,4.25089);
INSERT INTO Address (address_id,street,house_number,postal_code,city_id,geo_id) VALUES (1401,'Hildo Kroplaan','20','2552 XS',(select city_id from City where city_name='DEN HAAG'),1401);
INSERT INTO Atm(atm_id,distance,atm_type,address_id) VALUES	(1401,0,'ALBERT_HEIJN',1401);
INSERT INTO GeoLocation(geo_id,lat,lng) VALUES (1402,52.9899689,6.2897307);
INSERT INTO Address (address_id,street,house_number,postal_code,city_id,geo_id) VALUES (1402,'Stipeplein','14','8431 WE',(select city_id from City where city_name='OOSTERWOLDE'),1402);
INSERT INTO Atm(atm_id,distance,atm_type,address_id) VALUES	(1402,0,'ALBERT_HEIJN',1402);
INSERT INTO GeoLocation(geo_id,lat,lng) VALUES (1403,50.995619,5.868096);
INSERT INTO Address (address_id,street,house_number,postal_code,city_id,geo_id) VALUES (1403,'Hub Dassenplein','5','6131 LB',(select city_id from City where city_name='SITTARD'),1403);
INSERT INTO Atm(atm_id,distance,atm_type,address_id) VALUES	(1403,0,'ING',1403);
INSERT INTO GeoLocation(geo_id,lat,lng) VALUES (1404,51.9085577,6.1878499);
INSERT INTO Address (address_id,street,house_number,postal_code,city_id,geo_id) VALUES (1404,'Sint Martinusplein','8','8161 ED',(select city_id from City where city_name='EPE'),1404);
INSERT INTO Atm(atm_id,distance,atm_type,address_id) VALUES	(1404,0,'ALBERT_HEIJN',1404);
INSERT INTO GeoLocation(geo_id,lat,lng) VALUES (1405,51.485992,3.956204);
INSERT INTO Address (address_id,street,house_number,postal_code,city_id,geo_id) VALUES (1405,'Weststraat','9-11','4421 AC',(select city_id from City where city_name='KAPELLE'),1405);
INSERT INTO Atm(atm_id,distance,atm_type,address_id) VALUES	(1405,0,'ING',1405);
INSERT INTO GeoLocation(geo_id,lat,lng) VALUES (1406,52.024665,4.276077);
INSERT INTO Address (address_id,street,house_number,postal_code,city_id,geo_id) VALUES (1406,'Struyck van Bergenstraat','2','2291 RW',(select city_id from City where city_name='WATERINGEN'),1406);
INSERT INTO Atm(atm_id,distance,atm_type,address_id) VALUES	(1406,0,'ALBERT_HEIJN',1406);
INSERT INTO GeoLocation(geo_id,lat,lng) VALUES (1407,52.146156,4.477109);
INSERT INTO Address (address_id,street,house_number,postal_code,city_id,geo_id) VALUES (1407,'Bevrijdingsplein','48','2321 BX',(select city_id from City where city_name='LEIDEN'),1407);
INSERT INTO Atm(atm_id,distance,atm_type,address_id) VALUES	(1407,0,'ING',1407);
INSERT INTO GeoLocation(geo_id,lat,lng) VALUES (1408,52.130957,5.428406);
INSERT INTO Address (address_id,street,house_number,postal_code,city_id,geo_id) VALUES (1408,'''t Erf','9','3831 NA',(select city_id from City where city_name='LEUSDEN'),1408);
INSERT INTO Atm(atm_id,distance,atm_type,address_id) VALUES	(1408,0,'ALBERT_HEIJN',1408);
INSERT INTO GeoLocation(geo_id,lat,lng) VALUES (1409,51.812367,4.666753);
INSERT INTO Address (address_id,street,house_number,postal_code,city_id,geo_id) VALUES (1409,'Achterom','42','3311 KC',(select city_id from City where city_name='DORDRECHT'),1409);
INSERT INTO Atm(atm_id,distance,atm_type,address_id) VALUES	(1409,0,'ALBERT_HEIJN',1409);
INSERT INTO GeoLocation(geo_id,lat,lng) VALUES (1410,52.01557,5.039687);
INSERT INTO Address (address_id,street,house_number,postal_code,city_id,geo_id) VALUES (1410,'Basiliekpad','4','3401 BJ',(select city_id from City where city_name='IJSSELSTEIN'),1410);
INSERT INTO Atm(atm_id,distance,atm_type,address_id) VALUES	(1410,0,'ALBERT_HEIJN',1410);
INSERT INTO GeoLocation(geo_id,lat,lng) VALUES (1411,51.68991,5.328712);
INSERT INTO Address (address_id,street,house_number,postal_code,city_id,geo_id) VALUES (1411,'Rijnstraat','493A','5215 EJ',(select city_id from City where city_name='DEN BOSCH'),1411);
INSERT INTO Atm(atm_id,distance,atm_type,address_id) VALUES	(1411,0,'ING',1411);
INSERT INTO GeoLocation(geo_id,lat,lng) VALUES (1412,52.508455,5.473844);
INSERT INTO Address (address_id,street,house_number,postal_code,city_id,geo_id) VALUES (1412,'Stationsplein','30','8232 VT',(select city_id from City where city_name='LELYSTAD'),1412);
INSERT INTO Atm(atm_id,distance,atm_type,address_id) VALUES	(1412,0,'ING',1412);
INSERT INTO GeoLocation(geo_id,lat,lng) VALUES (1413,52.126122,4.447721);
INSERT INTO Address (address_id,street,house_number,postal_code,city_id,geo_id) VALUES (1413,'Schoolstraat','19','2251 BE',(select city_id from City where city_name='VOORSCHOTEN'),1413);
INSERT INTO Atm(atm_id,distance,atm_type,address_id) VALUES	(1413,0,'ING',1413);
INSERT INTO GeoLocation(geo_id,lat,lng) VALUES (1414,51.504808,3.890621);
INSERT INTO Address (address_id,street,house_number,postal_code,city_id,geo_id) VALUES (1414,'Grote Markt','14A','4461 AJ',(select city_id from City where city_name='GOES'),1414);
INSERT INTO Atm(atm_id,distance,atm_type,address_id) VALUES	(1414,0,'ING',1414);
INSERT INTO GeoLocation(geo_id,lat,lng) VALUES (1415,52.089965,5.1110923);
INSERT INTO Address (address_id,street,house_number,postal_code,city_id,geo_id) VALUES (1415,'Stationshal','11','3511 CE',(select city_id from City where city_name='UTRECHT'),1415);
INSERT INTO Atm(atm_id,distance,atm_type,address_id) VALUES	(1415,0,'ING',1415);
INSERT INTO GeoLocation(geo_id,lat,lng) VALUES (1416,51.962751,4.554037);
INSERT INTO Address (address_id,street,house_number,postal_code,city_id,geo_id) VALUES (1416,'Hesseplaats','13','3069 EA',(select city_id from City where city_name='ROTTERDAM'),1416);
INSERT INTO Atm(atm_id,distance,atm_type,address_id) VALUES	(1416,0,'ALBERT_HEIJN',1416);
INSERT INTO GeoLocation(geo_id,lat,lng) VALUES (1417,52.262665,6.820802);
INSERT INTO Address (address_id,street,house_number,postal_code,city_id,geo_id) VALUES (1417,'Willem de Merodestraat','10','7552 WZ',(select city_id from City where city_name='HENGELO'),1417);
INSERT INTO Atm(atm_id,distance,atm_type,address_id) VALUES	(1417,0,'ALBERT_HEIJN',1417);
INSERT INTO GeoLocation(geo_id,lat,lng) VALUES (1418,52.185746,5.942434);
INSERT INTO Address (address_id,street,house_number,postal_code,city_id,geo_id) VALUES (1418,'Molencatenlaan','30','7339 LM',(select city_id from City where city_name='UGCHELEN'),1418);
INSERT INTO Atm(atm_id,distance,atm_type,address_id) VALUES	(1418,0,'ALBERT_HEIJN',1418);
INSERT INTO GeoLocation(geo_id,lat,lng) VALUES (1419,52.362205,4.86412);
INSERT INTO Address (address_id,street,house_number,postal_code,city_id,geo_id) VALUES (1419,'Jan Pieter Heijestraat','132','1054 MJ',(select city_id from City where city_name='AMSTERDAM'),1419);
INSERT INTO Atm(atm_id,distance,atm_type,address_id) VALUES	(1419,0,'ALBERT_HEIJN',1419);
INSERT INTO GeoLocation(geo_id,lat,lng) VALUES (1420,52.874863,5.997191);
INSERT INTO Address (address_id,street,house_number,postal_code,city_id,geo_id) VALUES (1420,'Van Harenstraat','66','8471 JG',(select city_id from City where city_name='WOLVEGA'),1420);
INSERT INTO Atm(atm_id,distance,atm_type,address_id) VALUES	(1420,0,'ALBERT_HEIJN',1420);
INSERT INTO GeoLocation(geo_id,lat,lng) VALUES (1421,52.378549,4.896168);
INSERT INTO Address (address_id,street,house_number,postal_code,city_id,geo_id) VALUES (1421,'Prins Hendrikkade','20','1012 TL',(select city_id from City where city_name='AMSTERDAM'),1421);
INSERT INTO Atm(atm_id,distance,atm_type,address_id) VALUES	(1421,0,'ALBERT_HEIJN',1421);
INSERT INTO GeoLocation(geo_id,lat,lng) VALUES (1422,52.456105,4.602237);
INSERT INTO Address (address_id,street,house_number,postal_code,city_id,geo_id) VALUES (1422,'Planetenweg','62','1973 BH',(select city_id from City where city_name='IJMUIDEN'),1422);
INSERT INTO Atm(atm_id,distance,atm_type,address_id) VALUES	(1422,0,'ING',1422);
INSERT INTO GeoLocation(geo_id,lat,lng) VALUES (1423,52.250643,6.159739);
INSERT INTO Address (address_id,street,house_number,postal_code,city_id,geo_id) VALUES (1423,'Zandpoort','7','7411 BL',(select city_id from City where city_name='DEVENTER'),1423);
INSERT INTO Atm(atm_id,distance,atm_type,address_id) VALUES	(1423,0,'ING',1423);
INSERT INTO GeoLocation(geo_id,lat,lng) VALUES (1424,52.378446,4.884448);
INSERT INTO Address (address_id,street,house_number,postal_code,city_id,geo_id) VALUES (1424,'Westerstraat','79','1015 LW',(select city_id from City where city_name='AMSTERDAM'),1424);
INSERT INTO Atm(atm_id,distance,atm_type,address_id) VALUES	(1424,0,'ALBERT_HEIJN',1424);
INSERT INTO GeoLocation(geo_id,lat,lng) VALUES (1425,51.98209,5.907701);
INSERT INTO Address (address_id,street,house_number,postal_code,city_id,geo_id) VALUES (1425,'Marienburgstraat','13','6811 CS',(select city_id from City where city_name='ARNHEM'),1425);
INSERT INTO Atm(atm_id,distance,atm_type,address_id) VALUES	(1425,0,'ING',1425);
INSERT INTO GeoLocation(geo_id,lat,lng) VALUES (1426,53.407613,6.674107);
INSERT INTO Address (address_id,street,house_number,postal_code,city_id,geo_id) VALUES (1426,'Hoofdstraat Oost','9','9981 AG',(select city_id from City where city_name='UITHUIZEN'),1426);
INSERT INTO Atm(atm_id,distance,atm_type,address_id) VALUES	(1426,0,'ALBERT_HEIJN',1426);
INSERT INTO GeoLocation(geo_id,lat,lng) VALUES (1427,52.11308,5.11281);
INSERT INTO Address (address_id,street,house_number,postal_code,city_id,geo_id) VALUES (1427,'Roelantdreef','41','3562 KC',(select city_id from City where city_name='UTRECHT'),1427);
INSERT INTO Atm(atm_id,distance,atm_type,address_id) VALUES	(1427,0,'ALBERT_HEIJN',1427);
INSERT INTO GeoLocation(geo_id,lat,lng) VALUES (1428,52.40413,4.619735);
INSERT INTO Address (address_id,street,house_number,postal_code,city_id,geo_id) VALUES (1428,'Bloemendaalseweg','70','2061 CM',(select city_id from City where city_name='BLOEMENDAAL'),1428);
INSERT INTO Atm(atm_id,distance,atm_type,address_id) VALUES	(1428,0,'ALBERT_HEIJN',1428);
INSERT INTO GeoLocation(geo_id,lat,lng) VALUES (1429,52.019721,4.297285);
INSERT INTO Address (address_id,street,house_number,postal_code,city_id,geo_id) VALUES (1429,'Parijsplein','19','2548 VL',(select city_id from City where city_name='DEN HAAG'),1429);
INSERT INTO Atm(atm_id,distance,atm_type,address_id) VALUES	(1429,0,'ALBERT_HEIJN',1429);
INSERT INTO GeoLocation(geo_id,lat,lng) VALUES (1430,51.53295,4.455862);
INSERT INTO Address (address_id,street,house_number,postal_code,city_id,geo_id) VALUES (1430,'Markt','19','4701 PB',(select city_id from City where city_name='ROOSENDAAL'),1430);
INSERT INTO Atm(atm_id,distance,atm_type,address_id) VALUES	(1430,0,'ING',1430);
INSERT INTO GeoLocation(geo_id,lat,lng) VALUES (1431,52.336093,5.217775);
INSERT INTO Address (address_id,street,house_number,postal_code,city_id,geo_id) VALUES (1431,'Marktgracht','55','1353 AK',(select city_id from City where city_name='ALMERE'),1431);
INSERT INTO Atm(atm_id,distance,atm_type,address_id) VALUES	(1431,0,'ING',1431);
INSERT INTO GeoLocation(geo_id,lat,lng) VALUES (1432,51.530845,4.453483);
INSERT INTO Address (address_id,street,house_number,postal_code,city_id,geo_id) VALUES (1432,'Laan van Brabant','9','4701 BM',(select city_id from City where city_name='ROOSENDAAL'),1432);
INSERT INTO Atm(atm_id,distance,atm_type,address_id) VALUES	(1432,0,'ALBERT_HEIJN',1432);
INSERT INTO GeoLocation(geo_id,lat,lng) VALUES (1433,51.967905,6.719324);
INSERT INTO Address (address_id,street,house_number,postal_code,city_id,geo_id) VALUES (1433,'Dingstraat','34','7101 GX',(select city_id from City where city_name='WINTERSWIJK'),1433);
INSERT INTO Atm(atm_id,distance,atm_type,address_id) VALUES	(1433,0,'ALBERT_HEIJN',1433);
INSERT INTO GeoLocation(geo_id,lat,lng) VALUES (1434,50.925449,5.931027);
INSERT INTO Address (address_id,street,house_number,postal_code,city_id,geo_id) VALUES (1434,'Kouvenderstraat','100','6431 HH',(select city_id from City where city_name='HOENSBROEK'),1434);
INSERT INTO Atm(atm_id,distance,atm_type,address_id) VALUES	(1434,0,'ALBERT_HEIJN',1434);
INSERT INTO GeoLocation(geo_id,lat,lng) VALUES (1435,52.519234,5.483619);
INSERT INTO Address (address_id,street,house_number,postal_code,city_id,geo_id) VALUES (1435,'Snijdersstraat','8','8224 AA',(select city_id from City where city_name='LELYSTAD'),1435);
INSERT INTO Atm(atm_id,distance,atm_type,address_id) VALUES	(1435,0,'ING',1435);
INSERT INTO GeoLocation(geo_id,lat,lng) VALUES (1436,51.932718,4.470739);
INSERT INTO Address (address_id,street,house_number,postal_code,city_id,geo_id) VALUES (1436,'Eudokiaplein','12','3037 BT',(select city_id from City where city_name='ROTTERDAM'),1436);
INSERT INTO Atm(atm_id,distance,atm_type,address_id) VALUES	(1436,0,'ALBERT_HEIJN',1436);
INSERT INTO GeoLocation(geo_id,lat,lng) VALUES (1437,51.588257,4.918961);
INSERT INTO Address (address_id,street,house_number,postal_code,city_id,geo_id) VALUES (1437,'Wilhelminaplein','8','5121 ES',(select city_id from City where city_name='RIJEN'),1437);
INSERT INTO Atm(atm_id,distance,atm_type,address_id) VALUES	(1437,0,'ALBERT_HEIJN',1437);
INSERT INTO GeoLocation(geo_id,lat,lng) VALUES (1438,52.155183,4.493835);
INSERT INTO Address (address_id,street,house_number,postal_code,city_id,geo_id) VALUES (1438,'Levendaal','20','2311 JL',(select city_id from City where city_name='LEIDEN'),1438);
INSERT INTO Atm(atm_id,distance,atm_type,address_id) VALUES	(1438,0,'ING',1438);
INSERT INTO GeoLocation(geo_id,lat,lng) VALUES (1439,52.411839,4.684455);
INSERT INTO Address (address_id,street,house_number,postal_code,city_id,geo_id) VALUES (1439,'Lageweg','1','2064 KZ',(select city_id from City where city_name='SPAARNDAM'),1439);
INSERT INTO Atm(atm_id,distance,atm_type,address_id) VALUES	(1439,0,'ALBERT_HEIJN',1439);
INSERT INTO GeoLocation(geo_id,lat,lng) VALUES (1440,53.1373018,6.4331007);
INSERT INTO Address (address_id,street,house_number,postal_code,city_id,geo_id) VALUES (1440,'Schoolstraat','13','9301 KB',(select city_id from City where city_name='RODEN'),1440);
INSERT INTO Atm(atm_id,distance,atm_type,address_id) VALUES	(1440,0,'ALBERT_HEIJN',1440);
INSERT INTO GeoLocation(geo_id,lat,lng) VALUES (1441,51.891308,5.095639);
INSERT INTO Address (address_id,street,house_number,postal_code,city_id,geo_id) VALUES (1441,'Vlietskant','4','4141 CL',(select city_id from City where city_name='LEERDAM'),1441);
INSERT INTO Atm(atm_id,distance,atm_type,address_id) VALUES	(1441,0,'ALBERT_HEIJN',1441);
INSERT INTO GeoLocation(geo_id,lat,lng) VALUES (1442,52.3800207,4.6472182);
INSERT INTO Address (address_id,street,house_number,postal_code,city_id,geo_id) VALUES (1442,'Amsterdamstraat','15-17','2032 PM',(select city_id from City where city_name='HAARLEM'),1442);
INSERT INTO Atm(atm_id,distance,atm_type,address_id) VALUES	(1442,0,'ING',1442);
INSERT INTO GeoLocation(geo_id,lat,lng) VALUES (1443,52.72303,6.467625);
INSERT INTO Address (address_id,street,house_number,postal_code,city_id,geo_id) VALUES (1443,'Griendtsveenweg','20','7901 EA',(select city_id from City where city_name='HOOGEVEEN'),1443);
INSERT INTO Atm(atm_id,distance,atm_type,address_id) VALUES	(1443,0,'ALBERT_HEIJN',1443);
INSERT INTO GeoLocation(geo_id,lat,lng) VALUES (1444,52.515822,6.100784);
INSERT INTO Address (address_id,street,house_number,postal_code,city_id,geo_id) VALUES (1444,'Klein Grachtje','16','8021 JC',(select city_id from City where city_name='ZWOLLE'),1444);
INSERT INTO Atm(atm_id,distance,atm_type,address_id) VALUES	(1444,0,'ALBERT_HEIJN',1444);
INSERT INTO GeoLocation(geo_id,lat,lng) VALUES (1445,53.173027,6.608125);
INSERT INTO Address (address_id,street,house_number,postal_code,city_id,geo_id) VALUES (1445,'Kerkstraat','27','9751 BB',(select city_id from City where city_name='HAREN'),1445);
INSERT INTO Atm(atm_id,distance,atm_type,address_id) VALUES	(1445,0,'ALBERT_HEIJN',1445);
INSERT INTO GeoLocation(geo_id,lat,lng) VALUES (1446,52.227313,4.525285);
INSERT INTO Address (address_id,street,house_number,postal_code,city_id,geo_id) VALUES (1446,'Voorhavenkwartier','68','2171 HZ',(select city_id from City where city_name='SASSENHEIM'),1446);
INSERT INTO Atm(atm_id,distance,atm_type,address_id) VALUES	(1446,0,'ALBERT_HEIJN',1446);
INSERT INTO GeoLocation(geo_id,lat,lng) VALUES (1447,52.129569,5.190749);
INSERT INTO Address (address_id,street,house_number,postal_code,city_id,geo_id) VALUES (1447,'Donsvlinder','2','3723 TX',(select city_id from City where city_name='BILTHOVEN'),1447);
INSERT INTO Atm(atm_id,distance,atm_type,address_id) VALUES	(1447,0,'ING',1447);
INSERT INTO GeoLocation(geo_id,lat,lng) VALUES (1448,52.310349,5.034087);
INSERT INTO Address (address_id,street,house_number,postal_code,city_id,geo_id) VALUES (1448,'Amstellandlaan','20','1382 CE',(select city_id from City where city_name='WEESP'),1448);
INSERT INTO Atm(atm_id,distance,atm_type,address_id) VALUES	(1448,0,'ALBERT_HEIJN',1448);
INSERT INTO GeoLocation(geo_id,lat,lng) VALUES (1449,52.377724,4.801573);
INSERT INTO Address (address_id,street,house_number,postal_code,city_id,geo_id) VALUES (1449,'Lambertus Zijlplein','8','1067 JS',(select city_id from City where city_name='AMSTERDAM'),1449);
INSERT INTO Atm(atm_id,distance,atm_type,address_id) VALUES	(1449,0,'ALBERT_HEIJN',1449);
INSERT INTO GeoLocation(geo_id,lat,lng) VALUES (1450,51.657088,5.299312);
INSERT INTO Address (address_id,street,house_number,postal_code,city_id,geo_id) VALUES (1450,'Raadhuisstraat','3E','5261 EH',(select city_id from City where city_name='VUGHT'),1450);
INSERT INTO Atm(atm_id,distance,atm_type,address_id) VALUES	(1450,0,'ING',1450);
INSERT INTO GeoLocation(geo_id,lat,lng) VALUES (1451,53.191088,5.817577);
INSERT INTO Address (address_id,street,house_number,postal_code,city_id,geo_id) VALUES (1451,'Tijnjedyk','76','8936 AD',(select city_id from City where city_name='LEEUWARDEN'),1451);
INSERT INTO Atm(atm_id,distance,atm_type,address_id) VALUES	(1451,0,'ALBERT_HEIJN',1451);
INSERT INTO GeoLocation(geo_id,lat,lng) VALUES (1452,52.375384,5.21905);
INSERT INTO Address (address_id,street,house_number,postal_code,city_id,geo_id) VALUES (1452,'Stationsplein','23','1315 KS',(select city_id from City where city_name='ALMERE'),1452);
INSERT INTO Atm(atm_id,distance,atm_type,address_id) VALUES	(1452,0,'ING',1452);
INSERT INTO GeoLocation(geo_id,lat,lng) VALUES (1453,52.504581,4.655879);
INSERT INTO Address (address_id,street,house_number,postal_code,city_id,geo_id) VALUES (1453,'Rijksstraatweg','40','1964 LJ',(select city_id from City where city_name='HEEMSKERK'),1453);
INSERT INTO Atm(atm_id,distance,atm_type,address_id) VALUES	(1453,0,'ALBERT_HEIJN',1453);
INSERT INTO GeoLocation(geo_id,lat,lng) VALUES (1454,52.793003,6.13071);
INSERT INTO Address (address_id,street,house_number,postal_code,city_id,geo_id) VALUES (1454,'Het Schar','3','8332 CL',(select city_id from City where city_name='STEENWIJK'),1454);
INSERT INTO Atm(atm_id,distance,atm_type,address_id) VALUES	(1454,0,'ALBERT_HEIJN',1454);
INSERT INTO GeoLocation(geo_id,lat,lng) VALUES (1455,51.8086736,3.9327173);
INSERT INTO Address (address_id,street,house_number,postal_code,city_id,geo_id) VALUES (1455,'Dorpstienden','14','3253 AS',(select city_id from City where city_name='OUDDORP'),1455);
INSERT INTO Atm(atm_id,distance,atm_type,address_id) VALUES	(1455,0,'ALBERT_HEIJN',1455);
INSERT INTO GeoLocation(geo_id,lat,lng) VALUES (1456,52.369732,4.891963);
INSERT INTO Address (address_id,street,house_number,postal_code,city_id,geo_id) VALUES (1456,'Rokin','90','1012 KX',(select city_id from City where city_name='AMSTERDAM'),1456);
INSERT INTO Atm(atm_id,distance,atm_type,address_id) VALUES	(1456,0,'ING',1456);
INSERT INTO GeoLocation(geo_id,lat,lng) VALUES (1457,52.354718,4.920184);
INSERT INTO Address (address_id,street,house_number,postal_code,city_id,geo_id) VALUES (1457,'Krugerplein','3','1092 JZ',(select city_id from City where city_name='AMSTERDAM'),1457);
INSERT INTO Atm(atm_id,distance,atm_type,address_id) VALUES	(1457,0,'ALBERT_HEIJN',1457);
INSERT INTO GeoLocation(geo_id,lat,lng) VALUES (1458,52.072081,5.124848);
INSERT INTO Address (address_id,street,house_number,postal_code,city_id,geo_id) VALUES (1458,'Smaragdplein','224','3523 EH',(select city_id from City where city_name='UTRECHT'),1458);
INSERT INTO Atm(atm_id,distance,atm_type,address_id) VALUES	(1458,0,'ING',1458);
INSERT INTO GeoLocation(geo_id,lat,lng) VALUES (1459,52.366369,4.911442);
INSERT INTO Address (address_id,street,house_number,postal_code,city_id,geo_id) VALUES (1459,'Plantage Middenlaan','28','1018 DE',(select city_id from City where city_name='AMSTERDAM'),1459);
INSERT INTO Atm(atm_id,distance,atm_type,address_id) VALUES	(1459,0,'ING',1459);
INSERT INTO GeoLocation(geo_id,lat,lng) VALUES (1460,52.363676,4.837585);
INSERT INTO Address (address_id,street,house_number,postal_code,city_id,geo_id) VALUES (1460,'August Allebeplein','12','1062 AC',(select city_id from City where city_name='AMSTERDAM'),1460);
INSERT INTO Atm(atm_id,distance,atm_type,address_id) VALUES	(1460,0,'ALBERT_HEIJN',1460);
INSERT INTO GeoLocation(geo_id,lat,lng) VALUES (1461,51.862593,5.771523);
INSERT INTO Address (address_id,street,house_number,postal_code,city_id,geo_id) VALUES (1461,'Kerkplein','72','6641 BH',(select city_id from City where city_name='BEUNINGEN'),1461);
INSERT INTO Atm(atm_id,distance,atm_type,address_id) VALUES	(1461,0,'ALBERT_HEIJN',1461);
INSERT INTO GeoLocation(geo_id,lat,lng) VALUES (1462,51.863259,4.246251);
INSERT INTO Address (address_id,street,house_number,postal_code,city_id,geo_id) VALUES (1462,'Toldam','5','3218 AW',(select city_id from City where city_name='HEENVLIET'),1462);
INSERT INTO Atm(atm_id,distance,atm_type,address_id) VALUES	(1462,0,'ALBERT_HEIJN',1462);
INSERT INTO GeoLocation(geo_id,lat,lng) VALUES (1463,52.364375,4.883594);
INSERT INTO Address (address_id,street,house_number,postal_code,city_id,geo_id) VALUES (1463,'Leidseplein','1-3','1017 PR',(select city_id from City where city_name='AMSTERDAM'),1463);
INSERT INTO Atm(atm_id,distance,atm_type,address_id) VALUES	(1463,0,'ING',1463);
INSERT INTO GeoLocation(geo_id,lat,lng) VALUES (1464,52.3427184,4.8556412);
INSERT INTO Address (address_id,street,house_number,postal_code,city_id,geo_id) VALUES (1464,'Stadionplein','115','1076 CK',(select city_id from City where city_name='AMSTERDAM'),1464);
INSERT INTO Atm(atm_id,distance,atm_type,address_id) VALUES	(1464,0,'ALBERT_HEIJN',1464);
INSERT INTO GeoLocation(geo_id,lat,lng) VALUES (1465,53.10726,6.096664);
INSERT INTO Address (address_id,street,house_number,postal_code,city_id,geo_id) VALUES (1465,'Markt','72-74','9203 AA',(select city_id from City where city_name='DRACHTEN'),1465);
INSERT INTO Atm(atm_id,distance,atm_type,address_id) VALUES	(1465,0,'ING',1465);
INSERT INTO GeoLocation(geo_id,lat,lng) VALUES (1466,51.910116,4.341176);
INSERT INTO Address (address_id,street,house_number,postal_code,city_id,geo_id) VALUES (1466,'Liesveld','133B','3131 CK',(select city_id from City where city_name='VLAARDINGEN'),1466);
INSERT INTO Atm(atm_id,distance,atm_type,address_id) VALUES	(1466,0,'ING',1466);
INSERT INTO GeoLocation(geo_id,lat,lng) VALUES (1467,53.100501,6.075216);
INSERT INTO Address (address_id,street,house_number,postal_code,city_id,geo_id) VALUES (1467,'Eems','6','9204 JX',(select city_id from City where city_name='DRACHTEN'),1467);
INSERT INTO Atm(atm_id,distance,atm_type,address_id) VALUES	(1467,0,'ING',1467);
INSERT INTO GeoLocation(geo_id,lat,lng) VALUES (1468,51.844832,5.866496);
INSERT INTO Address (address_id,street,house_number,postal_code,city_id,geo_id) VALUES (1468,'Marinburg','90','6511 PS',(select city_id from City where city_name='NIJMEGEN'),1468);
INSERT INTO Atm(atm_id,distance,atm_type,address_id) VALUES	(1468,0,'ING',1468);
INSERT INTO GeoLocation(geo_id,lat,lng) VALUES (1469,52.31469,4.65953);
INSERT INTO Address (address_id,street,house_number,postal_code,city_id,geo_id) VALUES (1469,'Muiderbos','140','2134 SV',(select city_id from City where city_name='HOOFDDORP'),1469);
INSERT INTO Atm(atm_id,distance,atm_type,address_id) VALUES	(1469,0,'ALBERT_HEIJN',1469);
INSERT INTO GeoLocation(geo_id,lat,lng) VALUES (1470,52.144862,6.195436);
INSERT INTO Address (address_id,street,house_number,postal_code,city_id,geo_id) VALUES (1470,'Stationsplein','10A','7201 ML',(select city_id from City where city_name='ZUTPHEN'),1470);
INSERT INTO Atm(atm_id,distance,atm_type,address_id) VALUES	(1470,0,'ING',1470);
INSERT INTO GeoLocation(geo_id,lat,lng) VALUES (1471,52.382337,5.198488);
INSERT INTO Address (address_id,street,house_number,postal_code,city_id,geo_id) VALUES (1471,'Lavendelplantsoen','60','1313 GA',(select city_id from City where city_name='ALMERE'),1471);
INSERT INTO Atm(atm_id,distance,atm_type,address_id) VALUES	(1471,0,'ALBERT_HEIJN',1471);
INSERT INTO GeoLocation(geo_id,lat,lng) VALUES (1472,52.030594,5.647301);
INSERT INTO Address (address_id,street,house_number,postal_code,city_id,geo_id) VALUES (1472,'Keesomstraat','3','6717 AH',(select city_id from City where city_name='EDE'),1472);
INSERT INTO Atm(atm_id,distance,atm_type,address_id) VALUES	(1472,0,'ALBERT_HEIJN',1472);
INSERT INTO GeoLocation(geo_id,lat,lng) VALUES (1473,52.0006,5.909489);
INSERT INTO Address (address_id,street,house_number,postal_code,city_id,geo_id) VALUES (1473,'Wagnerlaan','55','6815 AD',(select city_id from City where city_name='ARNHEM'),1473);
INSERT INTO Atm(atm_id,distance,atm_type,address_id) VALUES	(1473,0,'ING',1473);
INSERT INTO GeoLocation(geo_id,lat,lng) VALUES (1474,52.359929,5.243274);
INSERT INTO Address (address_id,street,house_number,postal_code,city_id,geo_id) VALUES (1474,'Walt Disneyplantsoen','80','1325 SX',(select city_id from City where city_name='ALMERE'),1474);
INSERT INTO Atm(atm_id,distance,atm_type,address_id) VALUES	(1474,0,'ING',1474);
INSERT INTO GeoLocation(geo_id,lat,lng) VALUES (1475,53.214141,5.941999);
INSERT INTO Address (address_id,street,house_number,postal_code,city_id,geo_id) VALUES (1475,'Fuormanderij','5','9254 GS',(select city_id from City where city_name='HURDEGARYP'),1475);
INSERT INTO Atm(atm_id,distance,atm_type,address_id) VALUES	(1475,0,'ALBERT_HEIJN',1475);
INSERT INTO GeoLocation(geo_id,lat,lng) VALUES (1476,52.064853,5.13704);
INSERT INTO Address (address_id,street,house_number,postal_code,city_id,geo_id) VALUES (1476,'Hondsrug','60','3524 BR',(select city_id from City where city_name='UTRECHT'),1476);
INSERT INTO Atm(atm_id,distance,atm_type,address_id) VALUES	(1476,0,'ALBERT_HEIJN',1476);
INSERT INTO GeoLocation(geo_id,lat,lng) VALUES (1477,51.873736,4.490776);
INSERT INTO Address (address_id,street,house_number,postal_code,city_id,geo_id) VALUES (1477,'Slinge','191','3085 ER',(select city_id from City where city_name='ROTTERDAM'),1477);
INSERT INTO Atm(atm_id,distance,atm_type,address_id) VALUES	(1477,0,'ALBERT_HEIJN',1477);
INSERT INTO GeoLocation(geo_id,lat,lng) VALUES (1478,52.43475,4.658973);
INSERT INTO Address (address_id,street,house_number,postal_code,city_id,geo_id) VALUES (1478,'Galle Promenade','5','1991 PP',(select city_id from City where city_name='VELSERBROEK'),1478);
INSERT INTO Atm(atm_id,distance,atm_type,address_id) VALUES	(1478,0,'ING',1478);
INSERT INTO GeoLocation(geo_id,lat,lng) VALUES (1479,52.064954,4.402226);
INSERT INTO Address (address_id,street,house_number,postal_code,city_id,geo_id) VALUES (1479,'Simon Carmiggelthof','55','2492 JR',(select city_id from City where city_name='DEN HAAG'),1479);
INSERT INTO Atm(atm_id,distance,atm_type,address_id) VALUES	(1479,0,'ALBERT_HEIJN',1479);
INSERT INTO GeoLocation(geo_id,lat,lng) VALUES (1480,51.423313,5.462716);
INSERT INTO Address (address_id,street,house_number,postal_code,city_id,geo_id) VALUES (1480,'Franz Leharplein','19','5654 AZ',(select city_id from City where city_name='EINDHOVEN'),1480);
INSERT INTO Atm(atm_id,distance,atm_type,address_id) VALUES	(1480,0,'ALBERT_HEIJN',1480);
INSERT INTO GeoLocation(geo_id,lat,lng) VALUES (1481,52.117884,6.525361);
INSERT INTO Address (address_id,street,house_number,postal_code,city_id,geo_id) VALUES (1481,'Lichtenhorst','1','7271 AE',(select city_id from City where city_name='BORCULO'),1481);
INSERT INTO Atm(atm_id,distance,atm_type,address_id) VALUES	(1481,0,'ALBERT_HEIJN',1481);
INSERT INTO GeoLocation(geo_id,lat,lng) VALUES (1482,52.301683,4.66398);
INSERT INTO Address (address_id,street,house_number,postal_code,city_id,geo_id) VALUES (1482,'Markenburg','99','2135 DS',(select city_id from City where city_name='HOOFDDORP'),1482);
INSERT INTO Atm(atm_id,distance,atm_type,address_id) VALUES	(1482,0,'ALBERT_HEIJN',1482);
INSERT INTO GeoLocation(geo_id,lat,lng) VALUES (1483,51.812611,4.666865);
INSERT INTO Address (address_id,street,house_number,postal_code,city_id,geo_id) VALUES (1483,'Achterom','14A','3311 KC',(select city_id from City where city_name='DORDRECHT'),1483);
INSERT INTO Atm(atm_id,distance,atm_type,address_id) VALUES	(1483,0,'ING',1483);
INSERT INTO GeoLocation(geo_id,lat,lng) VALUES (1484,51.916482,4.445658);
INSERT INTO Address (address_id,street,house_number,postal_code,city_id,geo_id) VALUES (1484,'Mathenesserplein','100','3023 LA',(select city_id from City where city_name='ROTTERDAM'),1484);
INSERT INTO Atm(atm_id,distance,atm_type,address_id) VALUES	(1484,0,'ING',1484);
INSERT INTO GeoLocation(geo_id,lat,lng) VALUES (1485,53.21644,6.560568);
INSERT INTO Address (address_id,street,house_number,postal_code,city_id,geo_id) VALUES (1485,'Brugstraat','14','9711 HX',(select city_id from City where city_name='GRONINGEN'),1485);
INSERT INTO Atm(atm_id,distance,atm_type,address_id) VALUES	(1485,0,'ALBERT_HEIJN',1485);
INSERT INTO GeoLocation(geo_id,lat,lng) VALUES (1486,52.07769,4.306351);
INSERT INTO Address (address_id,street,house_number,postal_code,city_id,geo_id) VALUES (1486,'Kerkplein','6','2513 AZ',(select city_id from City where city_name='DEN HAAG'),1486);
INSERT INTO Atm(atm_id,distance,atm_type,address_id) VALUES	(1486,0,'ING',1486);
INSERT INTO GeoLocation(geo_id,lat,lng) VALUES (1487,51.822996,4.652613);
INSERT INTO Address (address_id,street,house_number,postal_code,city_id,geo_id) VALUES (1487,'Hof van Holland','30','3332 EH',(select city_id from City where city_name='ZWIJNDRECHT'),1487);
INSERT INTO Atm(atm_id,distance,atm_type,address_id) VALUES	(1487,0,'ALBERT_HEIJN',1487);
INSERT INTO GeoLocation(geo_id,lat,lng) VALUES (1488,51.6823433,5.0782567);
INSERT INTO Address (address_id,street,house_number,postal_code,city_id,geo_id) VALUES (1488,'Bloemenoordplein','50','5143 TC',(select city_id from City where city_name='WAALWIJK'),1488);
INSERT INTO Atm(atm_id,distance,atm_type,address_id) VALUES	(1488,0,'ALBERT_HEIJN',1488);
INSERT INTO GeoLocation(geo_id,lat,lng) VALUES (1489,52.1585089,4.5270579);
INSERT INTO Address (address_id,street,house_number,postal_code,city_id,geo_id) VALUES (1489,'Laan van Ouderzorg','8','2352 HT',(select city_id from City where city_name='LEIDERDORP'),1489);
INSERT INTO Atm(atm_id,distance,atm_type,address_id) VALUES	(1489,0,'ALBERT_HEIJN',1489);
INSERT INTO GeoLocation(geo_id,lat,lng) VALUES (1490,52.511969,5.04942);
INSERT INTO Address (address_id,street,house_number,postal_code,city_id,geo_id) VALUES (1490,'Hoogstraat','8','1135 BZ',(select city_id from City where city_name='EDAM'),1490);
INSERT INTO Atm(atm_id,distance,atm_type,address_id) VALUES	(1490,0,'ING',1490);
INSERT INTO GeoLocation(geo_id,lat,lng) VALUES (1491,51.227241,3.799528);
INSERT INTO Address (address_id,street,house_number,postal_code,city_id,geo_id) VALUES (1491,'Wilhelminalaan','9','4551 EP',(select city_id from City where city_name='SAS VAN GENT'),1491);
INSERT INTO Atm(atm_id,distance,atm_type,address_id) VALUES	(1491,0,'ALBERT_HEIJN',1491);
INSERT INTO GeoLocation(geo_id,lat,lng) VALUES (1492,51.483303,5.654303);
INSERT INTO Address (address_id,street,house_number,postal_code,city_id,geo_id) VALUES (1492,'Torenstraat','1','5701 SH',(select city_id from City where city_name='HELMOND'),1492);
INSERT INTO Atm(atm_id,distance,atm_type,address_id) VALUES	(1492,0,'ALBERT_HEIJN',1492);
INSERT INTO GeoLocation(geo_id,lat,lng) VALUES (1493,52.1762685,4.5063589);
INSERT INTO Address (address_id,street,house_number,postal_code,city_id,geo_id) VALUES (1493,'Kopermolen','7','2317 PA',(select city_id from City where city_name='LEIDEN'),1493);
INSERT INTO Atm(atm_id,distance,atm_type,address_id) VALUES	(1493,0,'ING',1493);
INSERT INTO GeoLocation(geo_id,lat,lng) VALUES (1494,51.9851395,5.4940764);
INSERT INTO Address (address_id,street,house_number,postal_code,city_id,geo_id) VALUES (1494,'Schoolweg','2B','3921 CE',(select city_id from City where city_name='ELST'),1494);
INSERT INTO Atm(atm_id,distance,atm_type,address_id) VALUES	(1494,0,'ALBERT_HEIJN',1494);
INSERT INTO GeoLocation(geo_id,lat,lng) VALUES (1495,53.143257,7.038008);
INSERT INTO Address (address_id,street,house_number,postal_code,city_id,geo_id) VALUES (1495,'Venne','74','9671 ET',(select city_id from City where city_name='WINSCHOTEN'),1495);
INSERT INTO Atm(atm_id,distance,atm_type,address_id) VALUES	(1495,0,'ING',1495);
INSERT INTO GeoLocation(geo_id,lat,lng) VALUES (1496,51.98856,6.568712);
INSERT INTO Address (address_id,street,house_number,postal_code,city_id,geo_id) VALUES (1496,'Varkensmarkt','12','7131 DH',(select city_id from City where city_name='LICHTENVOORDE'),1496);
INSERT INTO Atm(atm_id,distance,atm_type,address_id) VALUES	(1496,0,'ALBERT_HEIJN',1496);
INSERT INTO GeoLocation(geo_id,lat,lng) VALUES (1497,52.032166,4.70306);
INSERT INTO Address (address_id,street,house_number,postal_code,city_id,geo_id) VALUES (1497,'Gildenburg','80','2804 VK',(select city_id from City where city_name='GOUDA'),1497);
INSERT INTO Atm(atm_id,distance,atm_type,address_id) VALUES	(1497,0,'ING',1497);
INSERT INTO GeoLocation(geo_id,lat,lng) VALUES (1498,52.370675,4.870761);
INSERT INTO Address (address_id,street,house_number,postal_code,city_id,geo_id) VALUES (1498,'Bilderdijkstraat','49-53','1053 KK',(select city_id from City where city_name='AMSTERDAM'),1498);
INSERT INTO Atm(atm_id,distance,atm_type,address_id) VALUES	(1498,0,'ING',1498);
INSERT INTO GeoLocation(geo_id,lat,lng) VALUES (1499,52.356274,6.661961);
INSERT INTO Address (address_id,street,house_number,postal_code,city_id,geo_id) VALUES (1499,'Rosa Luxemburgstraat','1','7607 SM',(select city_id from City where city_name='ALMELO'),1499);
INSERT INTO Atm(atm_id,distance,atm_type,address_id) VALUES	(1499,0,'ALBERT_HEIJN',1499);
INSERT INTO GeoLocation(geo_id,lat,lng) VALUES (1500,50.887998,5.97812);
INSERT INTO Address (address_id,street,house_number,postal_code,city_id,geo_id) VALUES (1500,'Saroleastraat','51A','6411 LR',(select city_id from City where city_name='HEERLEN'),1500);
INSERT INTO Atm(atm_id,distance,atm_type,address_id) VALUES	(1500,0,'ING',1500);
INSERT INTO GeoLocation(geo_id,lat,lng) VALUES (1501,52.373962,4.938648);
INSERT INTO Address (address_id,street,house_number,postal_code,city_id,geo_id) VALUES (1501,'Oostelijke Handelskade','1065','1019 BW',(select city_id from City where city_name='AMSTERDAM'),1501);
INSERT INTO Atm(atm_id,distance,atm_type,address_id) VALUES	(1501,0,'ALBERT_HEIJN',1501);
INSERT INTO GeoLocation(geo_id,lat,lng) VALUES (1502,50.849957,5.666836);
INSERT INTO Address (address_id,street,house_number,postal_code,city_id,geo_id) VALUES (1502,'Brusselsepoort','5','6216 CE',(select city_id from City where city_name='MAASTRICHT'),1502);
INSERT INTO Atm(atm_id,distance,atm_type,address_id) VALUES	(1502,0,'ING',1502);
INSERT INTO GeoLocation(geo_id,lat,lng) VALUES (1503,52.995835,6.560904);
INSERT INTO Address (address_id,street,house_number,postal_code,city_id,geo_id) VALUES (1503,'Forum','16','9401 EE',(select city_id from City where city_name='ASSEN'),1503);
INSERT INTO Atm(atm_id,distance,atm_type,address_id) VALUES	(1503,0,'ING',1503);
INSERT INTO GeoLocation(geo_id,lat,lng) VALUES (1504,52.482265,4.658681);
INSERT INTO Address (address_id,street,house_number,postal_code,city_id,geo_id) VALUES (1504,'Beverhof','37B','1941 EC',(select city_id from City where city_name='BEVERWIJK'),1504);
INSERT INTO Atm(atm_id,distance,atm_type,address_id) VALUES	(1504,0,'ALBERT_HEIJN',1504);
INSERT INTO GeoLocation(geo_id,lat,lng) VALUES (1505,51.927292,4.510256);
INSERT INTO Address (address_id,street,house_number,postal_code,city_id,geo_id) VALUES (1505,'Oudedijk','133','3061 AA',(select city_id from City where city_name='ROTTERDAM'),1505);
INSERT INTO Atm(atm_id,distance,atm_type,address_id) VALUES	(1505,0,'ING',1505);
INSERT INTO GeoLocation(geo_id,lat,lng) VALUES (1506,52.226319,5.181408);
INSERT INTO Address (address_id,street,house_number,postal_code,city_id,geo_id) VALUES (1506,'Stationsplein','10','1211 EX',(select city_id from City where city_name='HILVERSUM'),1506);
INSERT INTO Atm(atm_id,distance,atm_type,address_id) VALUES	(1506,0,'ING',1506);
INSERT INTO GeoLocation(geo_id,lat,lng) VALUES (1507,51.485717,4.309669);
INSERT INTO Address (address_id,street,house_number,postal_code,city_id,geo_id) VALUES (1507,'Zonneplein','31','4624 BC',(select city_id from City where city_name='BERGEN OP ZOOM'),1507);
INSERT INTO Atm(atm_id,distance,atm_type,address_id) VALUES	(1507,0,'ALBERT_HEIJN',1507);
INSERT INTO GeoLocation(geo_id,lat,lng) VALUES (1508,53.215365,6.57033);
INSERT INTO Address (address_id,street,house_number,postal_code,city_id,geo_id) VALUES (1508,'Gedempte Zuiderdiep','14','9711 HG',(select city_id from City where city_name='GRONINGEN'),1508);
INSERT INTO Atm(atm_id,distance,atm_type,address_id) VALUES	(1508,0,'ALBERT_HEIJN',1508);
INSERT INTO GeoLocation(geo_id,lat,lng) VALUES (1509,52.214006,5.285979);
INSERT INTO Address (address_id,street,house_number,postal_code,city_id,geo_id) VALUES (1509,'Eemnesserweg','40','3741 GB',(select city_id from City where city_name='BAARN'),1509);
INSERT INTO Atm(atm_id,distance,atm_type,address_id) VALUES	(1509,0,'ALBERT_HEIJN',1509);
INSERT INTO GeoLocation(geo_id,lat,lng) VALUES (1510,51.276612,4.047936);
INSERT INTO Address (address_id,street,house_number,postal_code,city_id,geo_id) VALUES (1510,'Stationsplein','17','4561 GC',(select city_id from City where city_name='HULST'),1510);
INSERT INTO Atm(atm_id,distance,atm_type,address_id) VALUES	(1510,0,'ALBERT_HEIJN',1510);
INSERT INTO GeoLocation(geo_id,lat,lng) VALUES (1511,52.000336,4.164191);
INSERT INTO Address (address_id,street,house_number,postal_code,city_id,geo_id) VALUES (1511,'Oudelandstraat','16','2691 CE',(select city_id from City where city_name='''S-GRAVENZANDE'),1511);
INSERT INTO Atm(atm_id,distance,atm_type,address_id) VALUES	(1511,0,'ALBERT_HEIJN',1511);
INSERT INTO GeoLocation(geo_id,lat,lng) VALUES (1512,52.3321007,4.8775673);
INSERT INTO Address (address_id,street,house_number,postal_code,city_id,geo_id) VALUES (1512,'Arent Janszoon Ernststraat','551-559','1082 LD',(select city_id from City where city_name='AMSTERDAM'),1512);
INSERT INTO Atm(atm_id,distance,atm_type,address_id) VALUES	(1512,0,'ING',1512);
INSERT INTO GeoLocation(geo_id,lat,lng) VALUES (1513,51.927183,6.579492);
INSERT INTO Address (address_id,street,house_number,postal_code,city_id,geo_id) VALUES (1513,'De Hoven','25','7122 BJ',(select city_id from City where city_name='AALTEN'),1513);
INSERT INTO Atm(atm_id,distance,atm_type,address_id) VALUES	(1513,0,'ALBERT_HEIJN',1513);
INSERT INTO GeoLocation(geo_id,lat,lng) VALUES (1514,51.581547,5.018726);
INSERT INTO Address (address_id,street,house_number,postal_code,city_id,geo_id) VALUES (1514,'Buurmalsenplein','1','5043 XL',(select city_id from City where city_name='TILBURG'),1514);
INSERT INTO Atm(atm_id,distance,atm_type,address_id) VALUES	(1514,0,'ALBERT_HEIJN',1514);
INSERT INTO GeoLocation(geo_id,lat,lng) VALUES (1515,52.345835,4.863726);
INSERT INTO Address (address_id,street,house_number,postal_code,city_id,geo_id) VALUES (1515,'Stadionweg','159','1076 NN',(select city_id from City where city_name='AMSTERDAM'),1515);
INSERT INTO Atm(atm_id,distance,atm_type,address_id) VALUES	(1515,0,'ALBERT_HEIJN',1515);
INSERT INTO GeoLocation(geo_id,lat,lng) VALUES (1516,52.363813,4.878226);
INSERT INTO Address (address_id,street,house_number,postal_code,city_id,geo_id) VALUES (1516,'Overtoom','8-8A','1054 HH',(select city_id from City where city_name='AMSTERDAM'),1516);
INSERT INTO Atm(atm_id,distance,atm_type,address_id) VALUES	(1516,0,'ING',1516);
INSERT INTO GeoLocation(geo_id,lat,lng) VALUES (1517,52.7157644,6.4843622);
INSERT INTO Address (address_id,street,house_number,postal_code,city_id,geo_id) VALUES (1517,'De Nije Nering','50','7906 EW',(select city_id from City where city_name='HOOGEVEEN'),1517);
INSERT INTO Atm(atm_id,distance,atm_type,address_id) VALUES	(1517,0,'ALBERT_HEIJN',1517);
INSERT INTO GeoLocation(geo_id,lat,lng) VALUES (1518,51.778547,4.617146);
INSERT INTO Address (address_id,street,house_number,postal_code,city_id,geo_id) VALUES (1518,'Langestraat','5','3295 BJ',(select city_id from City where city_name='''S-GRAVENDEEL'),1518);
INSERT INTO Atm(atm_id,distance,atm_type,address_id) VALUES	(1518,0,'ALBERT_HEIJN',1518);
INSERT INTO GeoLocation(geo_id,lat,lng) VALUES (1519,50.941379,5.923586);
INSERT INTO Address (address_id,street,house_number,postal_code,city_id,geo_id) VALUES (1519,'Hoofdstraat','45','6436 CB',(select city_id from City where city_name='AMSTENRADE'),1519);
INSERT INTO Atm(atm_id,distance,atm_type,address_id) VALUES	(1519,0,'ALBERT_HEIJN',1519);
INSERT INTO GeoLocation(geo_id,lat,lng) VALUES (1520,52.106631,5.135404);
INSERT INTO Address (address_id,street,house_number,postal_code,city_id,geo_id) VALUES (1520,'Troosterhof','6','3571 NC',(select city_id from City where city_name='UTRECHT'),1520);
INSERT INTO Atm(atm_id,distance,atm_type,address_id) VALUES	(1520,0,'ALBERT_HEIJN',1520);
INSERT INTO GeoLocation(geo_id,lat,lng) VALUES (1521,51.35027,5.459409);
INSERT INTO Address (address_id,street,house_number,postal_code,city_id,geo_id) VALUES (1521,'Markt','27','5554 CA',(select city_id from City where city_name='VALKENSWAARD'),1521);
INSERT INTO Atm(atm_id,distance,atm_type,address_id) VALUES	(1521,0,'ING',1521);
INSERT INTO GeoLocation(geo_id,lat,lng) VALUES (1522,52.326243,4.883146);
INSERT INTO Address (address_id,street,house_number,postal_code,city_id,geo_id) VALUES (1522,'Kastelenstraat','70','1083 CD',(select city_id from City where city_name='AMSTERDAM'),1522);
INSERT INTO Atm(atm_id,distance,atm_type,address_id) VALUES	(1522,0,'ING',1522);
INSERT INTO GeoLocation(geo_id,lat,lng) VALUES (1523,51.636051,4.370195);
INSERT INTO Address (address_id,street,house_number,postal_code,city_id,geo_id) VALUES (1523,'Westvoorstraat','50','4671 CE',(select city_id from City where city_name='DINTELOORD'),1523);
INSERT INTO Atm(atm_id,distance,atm_type,address_id) VALUES	(1523,0,'ALBERT_HEIJN',1523);
INSERT INTO GeoLocation(geo_id,lat,lng) VALUES (1524,52.045149,4.391405);
INSERT INTO Address (address_id,street,house_number,postal_code,city_id,geo_id) VALUES (1524,'Lange Baan','6','2632 GC',(select city_id from City where city_name='NOOTDORP'),1524);
INSERT INTO Atm(atm_id,distance,atm_type,address_id) VALUES	(1524,0,'ALBERT_HEIJN',1524);
INSERT INTO GeoLocation(geo_id,lat,lng) VALUES (1525,52.158821,5.382012);
INSERT INTO Address (address_id,street,house_number,postal_code,city_id,geo_id) VALUES (1525,'Eemplein','65','3812 EA',(select city_id from City where city_name='AMERSFOORT'),1525);
INSERT INTO Atm(atm_id,distance,atm_type,address_id) VALUES	(1525,0,'ALBERT_HEIJN',1525);
INSERT INTO GeoLocation(geo_id,lat,lng) VALUES (1526,52.070214,4.322622);
INSERT INTO Address (address_id,street,house_number,postal_code,city_id,geo_id) VALUES (1526,'Stationsplein','50','2515 BW',(select city_id from City where city_name='DEN HAAG'),1526);
INSERT INTO Atm(atm_id,distance,atm_type,address_id) VALUES	(1526,0,'ING',1526);
INSERT INTO GeoLocation(geo_id,lat,lng) VALUES (1527,52.206194,4.41904);
INSERT INTO Address (address_id,street,house_number,postal_code,city_id,geo_id) VALUES (1527,'Hoornesplein','137','2221 BE',(select city_id from City where city_name='KATWIJK'),1527);
INSERT INTO Atm(atm_id,distance,atm_type,address_id) VALUES	(1527,0,'ALBERT_HEIJN',1527);
INSERT INTO GeoLocation(geo_id,lat,lng) VALUES (1528,51.967933,4.618009);
INSERT INTO Address (address_id,street,house_number,postal_code,city_id,geo_id) VALUES (1528,'Reigerhof','160','2914 KE',(select city_id from City where city_name='NIEUWERKERK AAN DEN IJSSEL'),1528);
INSERT INTO Atm(atm_id,distance,atm_type,address_id) VALUES	(1528,0,'ING',1528);
INSERT INTO GeoLocation(geo_id,lat,lng) VALUES (1529,51.761,4.156019);
INSERT INTO Address (address_id,street,house_number,postal_code,city_id,geo_id) VALUES (1529,'Gedempt Kanaal','99','3241 DB',(select city_id from City where city_name='MIDDELHARNIS'),1529);
INSERT INTO Atm(atm_id,distance,atm_type,address_id) VALUES	(1529,0,'ALBERT_HEIJN',1529);
INSERT INTO GeoLocation(geo_id,lat,lng) VALUES (1530,52.288926,4.839505);
INSERT INTO Address (address_id,street,house_number,postal_code,city_id,geo_id) VALUES (1530,'Maalderij','31','1185 ZC',(select city_id from City where city_name='AMSTELVEEN'),1530);
INSERT INTO Atm(atm_id,distance,atm_type,address_id) VALUES	(1530,0,'ALBERT_HEIJN',1530);
INSERT INTO GeoLocation(geo_id,lat,lng) VALUES (1531,52.075707,4.280561);
INSERT INTO Address (address_id,street,house_number,postal_code,city_id,geo_id) VALUES (1531,'Weimarstraat','155','2562 GV',(select city_id from City where city_name='DEN HAAG'),1531);
INSERT INTO Atm(atm_id,distance,atm_type,address_id) VALUES	(1531,0,'ING',1531);
INSERT INTO GeoLocation(geo_id,lat,lng) VALUES (1532,52.322358,4.970458);
INSERT INTO Address (address_id,street,house_number,postal_code,city_id,geo_id) VALUES (1532,'Annie Romeinplein','36','1103 JL',(select city_id from City where city_name='AMSTERDAM-ZUIDOOST'),1532);
INSERT INTO Atm(atm_id,distance,atm_type,address_id) VALUES	(1532,0,'ING',1532);
INSERT INTO GeoLocation(geo_id,lat,lng) VALUES (1533,51.876135,5.971708);
INSERT INTO Address (address_id,street,house_number,postal_code,city_id,geo_id) VALUES (1533,'Julianastraat','12','6691 AV',(select city_id from City where city_name='GENDT'),1533);
INSERT INTO Atm(atm_id,distance,atm_type,address_id) VALUES	(1533,0,'ALBERT_HEIJN',1533);
INSERT INTO GeoLocation(geo_id,lat,lng) VALUES (1534,51.842102,4.323696);
INSERT INTO Address (address_id,street,house_number,postal_code,city_id,geo_id) VALUES (1534,'Sterrenhof','18','3204 AT',(select city_id from City where city_name='SPIJKENISSE'),1534);
INSERT INTO Atm(atm_id,distance,atm_type,address_id) VALUES	(1534,0,'ALBERT_HEIJN',1534);
INSERT INTO GeoLocation(geo_id,lat,lng) VALUES (1535,51.615969,5.544003);
INSERT INTO Address (address_id,street,house_number,postal_code,city_id,geo_id) VALUES (1535,'Hoofdstraat','23','5461 JC',(select city_id from City where city_name='VEGHEL'),1535);
INSERT INTO Atm(atm_id,distance,atm_type,address_id) VALUES	(1535,0,'ING',1535);
INSERT INTO GeoLocation(geo_id,lat,lng) VALUES (1536,52.011666,4.711705);
INSERT INTO Address (address_id,street,house_number,postal_code,city_id,geo_id) VALUES (1536,'Korte Tiendeweg','1','2801 JS',(select city_id from City where city_name='GOUDA'),1536);
INSERT INTO Atm(atm_id,distance,atm_type,address_id) VALUES	(1536,0,'ING',1536);
INSERT INTO GeoLocation(geo_id,lat,lng) VALUES (1537,51.726073,5.308427);
INSERT INTO Address (address_id,street,house_number,postal_code,city_id,geo_id) VALUES (1537,'Lokerenpassage','25','5235 KR',(select city_id from City where city_name='DEN BOSCH'),1537);
INSERT INTO Atm(atm_id,distance,atm_type,address_id) VALUES	(1537,0,'ALBERT_HEIJN',1537);
INSERT INTO GeoLocation(geo_id,lat,lng) VALUES (1538,53.191901,5.992125);
INSERT INTO Address (address_id,street,house_number,postal_code,city_id,geo_id) VALUES (1538,'Markt','53','9251 JR',(select city_id from City where city_name='BURGUM'),1538);
INSERT INTO Atm(atm_id,distance,atm_type,address_id) VALUES	(1538,0,'ING',1538);
INSERT INTO GeoLocation(geo_id,lat,lng) VALUES (1539,53.095879,6.85991);
INSERT INTO Address (address_id,street,house_number,postal_code,city_id,geo_id) VALUES (1539,'De Reede','9','9642 MA',(select city_id from City where city_name='VEENDAM'),1539);
INSERT INTO Atm(atm_id,distance,atm_type,address_id) VALUES	(1539,0,'ING',1539);
INSERT INTO GeoLocation(geo_id,lat,lng) VALUES (1540,52.049758,4.653582);
INSERT INTO Address (address_id,street,house_number,postal_code,city_id,geo_id) VALUES (1540,'Koningin Wilhelminaplein','43','2741 EC',(select city_id from City where city_name='WADDINXVEEN'),1540);
INSERT INTO Atm(atm_id,distance,atm_type,address_id) VALUES	(1540,0,'ALBERT_HEIJN',1540);
INSERT INTO GeoLocation(geo_id,lat,lng) VALUES (1541,52.010417,4.710238);
INSERT INTO Address (address_id,street,house_number,postal_code,city_id,geo_id) VALUES (1541,'Wijdstraat','1','2801 KA',(select city_id from City where city_name='GOUDA'),1541);
INSERT INTO Atm(atm_id,distance,atm_type,address_id) VALUES	(1541,0,'ING',1541);
INSERT INTO GeoLocation(geo_id,lat,lng) VALUES (1542,52.6406,6.071167);
INSERT INTO Address (address_id,street,house_number,postal_code,city_id,geo_id) VALUES (1542,'Schoolstraat','12','8064 DK',(select city_id from City where city_name='ZWARTSLUIS'),1542);
INSERT INTO Atm(atm_id,distance,atm_type,address_id) VALUES	(1542,0,'ING',1542);
INSERT INTO GeoLocation(geo_id,lat,lng) VALUES (1543,52.989687,6.952043);
INSERT INTO Address (address_id,street,house_number,postal_code,city_id,geo_id) VALUES (1543,'Lilienthalplein','28','9501 XP',(select city_id from City where city_name='STADSKANAAL'),1543);
INSERT INTO Atm(atm_id,distance,atm_type,address_id) VALUES	(1543,0,'ING',1543);
INSERT INTO GeoLocation(geo_id,lat,lng) VALUES (1544,52.270735,4.619894);
INSERT INTO Address (address_id,street,house_number,postal_code,city_id,geo_id) VALUES (1544,'Hndelplein','185','2151 NN',(select city_id from City where city_name='NIEUW-VENNEP'),1544);
INSERT INTO Atm(atm_id,distance,atm_type,address_id) VALUES	(1544,0,'ALBERT_HEIJN',1544);
INSERT INTO GeoLocation(geo_id,lat,lng) VALUES (1545,52.065675,4.305868);
INSERT INTO Address (address_id,street,house_number,postal_code,city_id,geo_id) VALUES (1545,'Vaillantlaan','366','2526 HV',(select city_id from City where city_name='DEN HAAG'),1545);
INSERT INTO Atm(atm_id,distance,atm_type,address_id) VALUES	(1545,0,'ING',1545);
INSERT INTO GeoLocation(geo_id,lat,lng) VALUES (1546,52.307185,4.846098);
INSERT INTO Address (address_id,street,house_number,postal_code,city_id,geo_id) VALUES (1546,'Amsterdamseweg','73','1182 GP',(select city_id from City where city_name='AMSTELVEEN'),1546);
INSERT INTO Atm(atm_id,distance,atm_type,address_id) VALUES	(1546,0,'ALBERT_HEIJN',1546);
INSERT INTO GeoLocation(geo_id,lat,lng) VALUES (1547,52.204221,4.400092);
INSERT INTO Address (address_id,street,house_number,postal_code,city_id,geo_id) VALUES (1547,'Tramstraat','112','2225 CM',(select city_id from City where city_name='KATWIJK'),1547);
INSERT INTO Atm(atm_id,distance,atm_type,address_id) VALUES	(1547,0,'ING',1547);
INSERT INTO GeoLocation(geo_id,lat,lng) VALUES (1548,52.101514,5.099058);
INSERT INTO Address (address_id,street,house_number,postal_code,city_id,geo_id) VALUES (1548,'Amsterdamsestraatweg','279','3551 CE',(select city_id from City where city_name='UTRECHT'),1548);
INSERT INTO Atm(atm_id,distance,atm_type,address_id) VALUES	(1548,0,'ING',1548);
INSERT INTO GeoLocation(geo_id,lat,lng) VALUES (1549,52.321685,4.968426);
INSERT INTO Address (address_id,street,house_number,postal_code,city_id,geo_id) VALUES (1549,'Harriet Freezerstraat','96','1103 JP',(select city_id from City where city_name='AMSTERDAM-ZUIDOOST'),1549);
INSERT INTO Atm(atm_id,distance,atm_type,address_id) VALUES	(1549,0,'ALBERT_HEIJN',1549);
INSERT INTO GeoLocation(geo_id,lat,lng) VALUES (1550,51.470068,5.701973);
INSERT INTO Address (address_id,street,house_number,postal_code,city_id,geo_id) VALUES (1550,'Brouwhorst','49','5704 EG',(select city_id from City where city_name='HELMOND'),1550);
INSERT INTO Atm(atm_id,distance,atm_type,address_id) VALUES	(1550,0,'ALBERT_HEIJN',1550);
INSERT INTO GeoLocation(geo_id,lat,lng) VALUES (1551,52.3905,6.448762);
INSERT INTO Address (address_id,street,house_number,postal_code,city_id,geo_id) VALUES (1551,'Dorpsstraat','48B','7447 CT',(select city_id from City where city_name='HELLENDOORN'),1551);
INSERT INTO Atm(atm_id,distance,atm_type,address_id) VALUES	(1551,0,'ALBERT_HEIJN',1551);
INSERT INTO GeoLocation(geo_id,lat,lng) VALUES (1552,52.517785,5.46066);
INSERT INTO Address (address_id,street,house_number,postal_code,city_id,geo_id) VALUES (1552,'Kempenaar','341','8242 BD',(select city_id from City where city_name='LELYSTAD'),1552);
INSERT INTO Atm(atm_id,distance,atm_type,address_id) VALUES	(1552,0,'ALBERT_HEIJN',1552);
INSERT INTO GeoLocation(geo_id,lat,lng) VALUES (1553,52.259455,4.558811);
INSERT INTO Address (address_id,street,house_number,postal_code,city_id,geo_id) VALUES (1553,'Kanaalstraat','80B','2161 JN',(select city_id from City where city_name='LISSE'),1553);
INSERT INTO Atm(atm_id,distance,atm_type,address_id) VALUES	(1553,0,'ING',1553);
INSERT INTO GeoLocation(geo_id,lat,lng) VALUES (1554,52.232542,4.828763);
INSERT INTO Address (address_id,street,house_number,postal_code,city_id,geo_id) VALUES (1554,'Amstelplein','37','1421 SB',(select city_id from City where city_name='UITHOORN'),1554);
INSERT INTO Atm(atm_id,distance,atm_type,address_id) VALUES	(1554,0,'ALBERT_HEIJN',1554);
INSERT INTO GeoLocation(geo_id,lat,lng) VALUES (1555,52.133101,4.600767);
INSERT INTO Address (address_id,street,house_number,postal_code,city_id,geo_id) VALUES (1555,'Prins Bernhardstraat','9','2396 GA',(select city_id from City where city_name='KOUDEKERK AAN DEN RIJN'),1555);
INSERT INTO Atm(atm_id,distance,atm_type,address_id) VALUES	(1555,0,'ALBERT_HEIJN',1555);
INSERT INTO GeoLocation(geo_id,lat,lng) VALUES (1556,52.126677,4.448585);
INSERT INTO Address (address_id,street,house_number,postal_code,city_id,geo_id) VALUES (1556,'Schoolstraat','1','2251 BD',(select city_id from City where city_name='VOORSCHOTEN'),1556);
INSERT INTO Atm(atm_id,distance,atm_type,address_id) VALUES	(1556,0,'ALBERT_HEIJN',1556);
INSERT INTO GeoLocation(geo_id,lat,lng) VALUES (1557,52.374657,4.872771);
INSERT INTO Address (address_id,street,house_number,postal_code,city_id,geo_id) VALUES (1557,'Hugo de Grootplein','17','1052 KV',(select city_id from City where city_name='AMSTERDAM'),1557);
INSERT INTO Atm(atm_id,distance,atm_type,address_id) VALUES	(1557,0,'ING',1557);
INSERT INTO GeoLocation(geo_id,lat,lng) VALUES (1558,50.773684,6.01681);
INSERT INTO Address (address_id,street,house_number,postal_code,city_id,geo_id) VALUES (1558,'Prins Willem Alexanderplein','5','6291 GZ',(select city_id from City where city_name='VAALS'),1558);
INSERT INTO Atm(atm_id,distance,atm_type,address_id) VALUES	(1558,0,'ALBERT_HEIJN',1558);
INSERT INTO GeoLocation(geo_id,lat,lng) VALUES (1559,52.012061,4.709966);
INSERT INTO Address (address_id,street,house_number,postal_code,city_id,geo_id) VALUES (1559,'Markt','50','2801 JL',(select city_id from City where city_name='GOUDA'),1559);
INSERT INTO Atm(atm_id,distance,atm_type,address_id) VALUES	(1559,0,'ALBERT_HEIJN',1559);
INSERT INTO GeoLocation(geo_id,lat,lng) VALUES (1560,52.049678,6.099517);
INSERT INTO Address (address_id,street,house_number,postal_code,city_id,geo_id) VALUES (1560,'Piersonstraat','5','6951 BD',(select city_id from City where city_name='DIEREN'),1560);
INSERT INTO Atm(atm_id,distance,atm_type,address_id) VALUES	(1560,0,'ING',1560);

